,time,scan_mode,scan_name,template_name,azimuth_min,azimuth_max,elevation_min,elevation_max,range_min,range_max,cell_azimuth,cell_range,cell_zh,ngates_gt_0,ngates_gt_10,ngates_gt_30,ngates_gt_50,ngates_gt_10_5km,ngates_gt40_5km,ngates
0,2022-08-05 00:00:03,rhi,rhi,hou-rhi-cell-track-07-deg,325.25024,325.25024,0.64819336,6.394043,0.0,109900.0,325.250244140625,52300.0,32.28606,354,354,3,0,0,0,354
1,2022-08-05 00:00:12,ppi,ppi,hou-ppi-cell-track-07-deg,318.10364,328.13416,2.9992676,5.020752,0.0,109900.0,324.5855712890625,52500.0,30.350262,329,326,3,0,0,0,334
2,2022-08-05 00:00:42,rhi,rhi,hou-rhi-cell-track-07-deg,325.25024,325.27222,0.63720703,6.3830566,0.0,109900.0,325.250244140625,52300.0,29.246525,300,299,0,0,0,0,303
3,2022-08-05 00:00:57,rhi,rhi,hou-rhi-cell-track-07-deg,324.46472,324.50867,0.63720703,6.3830566,0.0,109900.0,324.4757080078125,52300.0,30.90002,360,358,8,0,0,0,366
4,2022-08-05 00:08:08,ppi,ppi,hou-ppi-cell-track-10-deg,317.8839,328.0902,2.9992676,6.998291,0.0,109900.0,320.91339111328125,34100.0,21.212627,24,9,0,0,0,0,40
5,2022-08-05 00:08:33,rhi,rhi,hou-rhi-cell-track-10-deg,322.99255,323.00903,0.6591797,9.404297,0.0,109900.0,323.009033203125,52400.0,20.218634,20,12,0,0,0,0,27
6,2022-08-05 00:08:49,rhi,rhi,hou-rhi-cell-track-10-deg,324.5526,324.5526,0.64819336,9.382324,0.0,109900.0,324.5526123046875,3000.0,10.737251,9,1,0,0,0,0,20
7,2022-08-05 00:09:03,rhi,rhi,hou-rhi-cell-track-10-deg,319.52087,319.56482,0.64819336,9.382324,0.0,109900.0,319.5208740234375,51800.0,19.353504,45,44,0,0,0,0,48
8,2022-08-05 00:09:18,rhi,rhi,hou-rhi-cell-track-10-deg,319.47693,319.47693,0.64819336,9.404297,0.0,109900.0,319.4769287109375,52100.0,20.005932,52,51,0,0,0,0,53
9,2022-08-05 00:09:32,ppi,ppi,hou-ppi-cell-track-10-deg,317.6422,327.66174,2.9992676,7.0202637,0.0,109900.0,321.8939208984375,39200.0,21.650063,33,19,0,0,0,0,47
10,2022-08-05 00:09:58,rhi,rhi,hou-rhi-cell-track-10-deg,322.68494,322.72888,0.6591797,9.404297,0.0,109900.0,322.7069091796875,7900.0,3.680439,1,0,0,0,0,0,8
11,2022-08-05 00:10:14,rhi,rhi,hou-rhi-cell-track-10-deg,324.245,324.26697,0.64819336,9.393311,0.0,109900.0,324.2669677734375,16600.0,16.150013,10,2,0,0,0,0,19
12,2022-08-05 00:10:29,rhi,rhi,hou-rhi-cell-track-10-deg,319.20776,319.20776,0.64819336,9.404297,0.0,109900.0,319.207763671875,33900.0,25.115406,22,18,0,0,0,0,26
13,2022-08-05 00:10:43,rhi,rhi,hou-rhi-cell-track-10-deg,319.30115,319.30115,0.64819336,9.393311,0.0,109900.0,319.3011474609375,26900.0,31.95409,16,11,1,0,0,0,22
14,2022-08-05 00:10:59,ppi,ppi,hou-ppi-cell-track-10-deg,317.58728,327.67273,2.9992676,6.998291,0.0,109900.0,318.8397216796875,33800.0,25.881912,23,11,0,0,0,0,39
15,2022-08-05 00:11:24,rhi,rhi,hou-rhi-cell-track-10-deg,322.50916,322.50916,0.6591797,9.404297,0.0,109900.0,322.5091552734375,6200.0,6.614132,2,0,0,0,0,0,9
16,2022-08-05 00:11:37,rhi,rhi,hou-rhi-cell-track-10-deg,324.0912,324.0912,0.6591797,9.404297,0.0,109900.0,324.0911865234375,3600.0,4.4411373,1,0,0,0,0,0,8
17,2022-08-05 00:11:53,rhi,rhi,hou-rhi-cell-track-10-deg,318.4442,318.4662,0.64819336,9.382324,0.0,109900.0,318.4442138671875,51900.0,21.860806,61,53,0,0,0,0,73
18,2022-08-05 00:12:09,rhi,rhi,hou-rhi-cell-track-10-deg,318.55408,318.57605,0.63720703,9.382324,0.0,109900.0,318.5760498046875,52000.0,22.165092,38,33,0,0,0,0,50
19,2022-08-05 00:12:22,ppi,ppi,hou-ppi-cell-track-10-deg,317.14233,327.3404,2.9992676,7.0202637,0.0,109900.0,318.1475830078125,52000.0,23.559193,27,11,0,0,0,0,53
20,2022-08-05 00:12:48,rhi,rhi,hou-rhi-cell-track-10-deg,322.20154,322.2235,0.6591797,9.393311,0.0,109900.0,322.2015380859375,4100.0,7.15765,5,0,0,0,0,0,11
21,2022-08-05 00:13:04,rhi,rhi,hou-rhi-cell-track-10-deg,323.8495,323.8495,0.64819336,9.382324,0.0,109900.0,323.8494873046875,700.0,8.425539,2,0,0,0,0,0,10
22,2022-08-05 00:13:18,rhi,rhi,hou-rhi-cell-track-10-deg,317.71912,317.71912,0.64819336,9.393311,0.0,109900.0,317.7191162109375,51900.0,23.88216,50,46,0,0,0,0,55
23,2022-08-05 00:13:35,rhi,rhi,hou-rhi-cell-track-10-deg,318.26843,318.2904,0.63720703,9.382324,0.0,109900.0,318.2904052734375,52000.0,20.380524,21,16,0,0,0,0,31
24,2022-08-05 00:13:49,ppi,ppi,hou-ppi-cell-track-10-deg,317.09015,327.1646,2.9992676,7.0202637,0.0,109900.0,319.163818359375,39200.0,24.79176,14,8,0,0,0,0,31
25,2022-08-05 00:14:14,rhi,rhi,hou-rhi-cell-track-10-deg,322.00378,322.0697,0.64819336,9.382324,0.0,109900.0,322.0697021484375,800.0,4.098778,2,0,0,0,0,0,4
26,2022-08-05 00:14:29,rhi,rhi,hou-rhi-cell-track-10-deg,323.69568,323.69568,0.64819336,9.393311,0.0,109900.0,323.6956787109375,5000.0,7.6393394,4,0,0,0,0,0,15
27,2022-08-05 00:14:45,rhi,rhi,hou-rhi-cell-track-10-deg,323.93738,323.93738,0.64819336,9.382324,0.0,109900.0,323.9373779296875,6400.0,3.7840633,1,0,0,0,0,0,9
28,2022-08-05 00:14:59,rhi,rhi,hou-rhi-cell-track-10-deg,317.47742,317.52136,0.64819336,9.404297,0.0,109900.0,317.4884033203125,51900.0,21.19154,24,20,0,0,0,0,28
29,2022-08-05 00:15:13,ppi,ppi,hou-ppi-cell-track-10-deg,315.39825,325.5963,2.9992676,6.998291,0.0,109900.0,324.6075439453125,33800.0,24.461735,29,16,0,0,0,0,43
30,2022-08-05 00:15:38,rhi,rhi,hou-rhi-cell-track-10-deg,320.4657,320.48767,0.64819336,9.404297,0.0,109900.0,320.4876708984375,700.0,17.65887,3,1,0,0,0,0,6
31,2022-08-05 00:15:52,rhi,rhi,hou-rhi-cell-track-10-deg,317.91687,317.91687,0.6591797,9.404297,0.0,109900.0,317.9168701171875,51700.0,19.692554,4,3,0,0,0,0,7
32,2022-08-05 00:16:09,rhi,rhi,hou-rhi-cell-track-10-deg,321.95984,321.95984,0.63720703,9.382324,0.0,109900.0,321.9598388671875,800.0,7.093519,7,0,0,0,0,0,8
33,2022-08-05 00:16:23,rhi,rhi,hou-rhi-cell-track-10-deg,317.0105,317.05444,0.6591797,9.404297,0.0,109900.0,317.010498046875,51700.0,22.895958,15,12,0,0,0,0,18
34,2022-08-05 00:16:38,ppi,ppi,hou-ppi-cell-track-10-deg,315.1126,325.14038,2.9992676,7.0202637,0.0,109900.0,323.6187744140625,33800.0,27.245422,31,14,0,0,0,0,39
35,2022-08-05 00:17:03,rhi,rhi,hou-rhi-cell-track-10-deg,320.0702,320.09216,0.64819336,9.382324,0.0,109900.0,320.0921630859375,3000.0,-6.4147253,0,0,0,0,0,0,6
36,2022-08-05 00:17:21,rhi,rhi,hou-rhi-cell-track-10-deg,317.60925,317.60925,0.64819336,9.393311,0.0,109900.0,317.6092529296875,700.0,10.663099,2,1,0,0,0,0,3
37,2022-08-05 00:17:34,rhi,rhi,hou-rhi-cell-track-10-deg,321.60828,321.63025,0.6591797,9.404297,0.0,109900.0,321.6082763671875,800.0,-3.02318,0,0,0,0,0,0,1
38,2022-08-05 00:17:49,rhi,rhi,hou-rhi-cell-track-10-deg,316.00525,316.0492,0.64819336,9.382324,0.0,109900.0,316.0162353515625,52200.0,15.539001,2,2,0,0,0,0,3
39,2022-08-05 00:18:03,ppi,ppi,hou-ppi-cell-track-10-deg,314.90387,325.09918,2.9992676,6.998291,0.0,109900.0,324.5965576171875,700.0,18.685879,10,4,0,0,0,0,17
40,2022-08-05 00:18:29,rhi,rhi,hou-rhi-cell-track-10-deg,319.93835,319.96033,0.63720703,9.382324,0.0,109900.0,319.9603271484375,700.0,10.604155,4,1,0,0,0,0,6
41,2022-08-05 00:18:42,rhi,rhi,hou-rhi-cell-track-10-deg,317.34558,317.36755,0.64819336,9.382324,0.0,109900.0,317.3675537109375,700.0,15.645603,4,2,0,0,0,0,5
42,2022-08-05 00:18:59,rhi,rhi,hou-rhi-cell-track-10-deg,321.4984,321.4984,0.64819336,9.382324,0.0,109900.0,321.4984130859375,800.0,11.485222,5,1,0,0,0,0,12
43,2022-08-05 00:19:14,rhi,rhi,hou-rhi-cell-track-10-deg,315.76355,315.8075,0.64819336,9.382324,0.0,109900.0,315.8074951171875,700.0,14.566246,6,3,0,0,1,0,8
44,2022-08-05 00:19:26,ppi,ppi,hou-ppi-cell-track-10-deg,314.8407,324.90143,2.977295,6.998291,0.0,109900.0,316.1480712890625,39600.0,24.669678,10,5,0,0,0,0,20
45,2022-08-05 00:19:51,rhi,rhi,hou-rhi-cell-track-10-deg,319.80652,319.8175,0.64819336,9.393311,0.0,109900.0,319.8065185546875,700.0,11.168129,3,1,0,0,0,0,4
46,2022-08-05 00:20:03,rhi,rhi,hou-rhi-cell-track-10-deg,317.20825,317.20825,0.64819336,9.393311,0.0,109900.0,317.208251953125,800.0,10.788263,5,1,0,0,0,0,7
47,2022-08-05 00:20:19,rhi,rhi,hou-rhi-cell-track-10-deg,321.38855,321.38855,0.64819336,9.382324,0.0,109900.0,321.3885498046875,800.0,2.320835,3,0,0,0,0,0,8
48,2022-08-05 00:20:36,rhi,rhi,hou-rhi-cell-track-10-deg,318.31238,318.31238,0.64819336,9.393311,0.0,109900.0,318.3123779296875,600.0,14.815113,6,3,0,0,0,0,17
49,2022-08-05 00:20:49,ppi,ppi,hou-ppi-cell-track-10-deg,264.33655,274.411,2.9992676,6.998291,0.0,109900.0,270.8404541015625,1200.0,29.049519,207,127,0,0,0,0,264
50,2022-08-05 00:21:15,rhi,rhi,hou-rhi-cell-track-10-deg,269.2859,269.31335,0.64819336,9.404297,0.0,109900.0,269.29962158203125,1200.0,20.881973,29,16,0,0,0,0,40
51,2022-08-05 00:21:29,rhi,rhi,hou-rhi-cell-track-10-deg,261.35925,261.44714,0.64819336,9.382324,0.0,109900.0,261.3812255859375,1000.0,35.791397,203,110,1,0,0,0,219
52,2022-08-05 00:21:44,rhi,rhi,hou-rhi-cell-track-10-deg,266.6327,266.65466,0.63720703,9.382324,0.0,109900.0,266.6546630859375,1200.0,27.873161,33,21,0,0,0,0,45
53,2022-08-05 00:21:58,rhi,rhi,hou-rhi-cell-track-10-deg,264.3036,264.3036,0.64819336,9.382324,0.0,109900.0,264.3035888671875,1000.0,24.067238,33,16,0,0,0,0,36
54,2022-08-05 00:22:12,ppi,ppi,hou-ppi-cell-track-10-deg,263.85315,273.91663,2.9992676,7.0202637,0.0,109900.0,270.6536865234375,1200.0,28.036129,177,108,0,0,0,0,227
55,2022-08-05 00:22:38,rhi,rhi,hou-rhi-cell-track-10-deg,268.8739,268.8739,0.64819336,9.393311,0.0,109900.0,268.8739013671875,1100.0,17.601303,25,7,0,0,0,0,42
56,2022-08-05 00:22:54,rhi,rhi,hou-rhi-cell-track-10-deg,261.17798,261.17798,0.6591797,9.404297,0.0,109900.0,261.177978515625,1200.0,23.536755,75,34,0,0,0,0,82
57,2022-08-05 00:23:08,rhi,rhi,hou-rhi-cell-track-10-deg,269.8407,269.86267,0.64819336,9.404297,0.0,109900.0,269.8406982421875,900.0,18.83319,13,6,0,0,0,0,21
58,2022-08-05 00:23:23,rhi,rhi,hou-rhi-cell-track-10-deg,263.84216,263.86414,0.64819336,9.382324,0.0,109900.0,263.8641357421875,1000.0,21.64672,27,17,0,0,0,0,33
59,2022-08-05 00:23:36,ppi,ppi,hou-ppi-cell-track-10-deg,263.60046,273.66394,2.9992676,6.998291,0.0,109900.0,272.6531982421875,1200.0,28.064667,159,97,0,0,0,0,202
60,2022-08-05 00:24:02,rhi,rhi,hou-rhi-cell-track-10-deg,268.50037,268.52234,0.64819336,9.382324,0.0,109900.0,268.5003662109375,1000.0,19.665462,18,10,0,0,0,0,22
61,2022-08-05 00:24:19,rhi,rhi,hou-rhi-cell-track-10-deg,260.87585,260.87585,0.64819336,9.382324,0.0,109900.0,260.8758544921875,1000.0,38.405556,27,8,1,0,0,0,37
62,2022-08-05 00:24:34,rhi,rhi,hou-rhi-cell-track-10-deg,269.57703,269.62097,0.6591797,9.404297,0.0,109900.0,269.6209716796875,52000.0,22.682232,28,15,0,0,0,0,41
63,2022-08-05 00:24:48,rhi,rhi,hou-rhi-cell-track-10-deg,269.90662,269.90662,0.64819336,9.404297,0.0,109900.0,269.9066162109375,600.0,21.71008,14,4,0,0,0,0,24
64,2022-08-05 00:25:02,ppi,ppi,hou-ppi-cell-track-10-deg,263.08136,273.1421,2.9992676,7.0202637,0.0,109900.0,272.8399658203125,1200.0,29.099041,139,98,0,0,0,0,190
65,2022-08-05 00:25:27,rhi,rhi,hou-rhi-cell-track-10-deg,268.01697,268.01697,0.63720703,9.404297,0.0,109900.0,268.0169677734375,1200.0,22.730694,14,5,0,0,0,0,26
66,2022-08-05 00:25:44,rhi,rhi,hou-rhi-cell-track-10-deg,260.48035,260.5243,0.63720703,9.382324,0.0,109900.0,260.4803466796875,1000.0,34.139523,39,14,1,0,0,0,55
67,2022-08-05 00:25:59,rhi,rhi,hou-rhi-cell-track-10-deg,267.6654,267.6654,0.64819336,9.404297,0.0,109900.0,267.6654052734375,700.0,18.601494,10,2,0,0,0,0,27
68,2022-08-05 00:26:14,rhi,rhi,hou-rhi-cell-track-10-deg,264.41345,264.43542,0.64819336,9.382324,0.0,109900.0,264.4134521484375,1000.0,21.80936,42,26,0,0,0,0,44
69,2022-08-05 00:54:00,ppi,ppi,hou-ppi-cell-track-05-deg,284.35364,294.39514,2.9992676,4.0319824,0.0,109900.0,284.6502685546875,800.0,35.870728,127,88,9,0,0,0,142
70,2022-08-05 00:54:31,rhi,rhi,hou-rhi-cell-track-05-deg,289.41833,289.41833,0.63720703,4.383545,0.0,109900.0,289.4183349609375,1000.0,31.180004,8,7,1,0,0,0,11
71,2022-08-05 00:54:51,rhi,rhi,hou-rhi-cell-track-05-deg,290.62683,290.62683,0.63720703,4.383545,0.0,109900.0,290.6268310546875,1000.0,24.489872,8,6,0,0,0,0,8
72,2022-08-05 00:55:04,rhi,rhi,hou-rhi-cell-track-05-deg,290.27527,290.27527,0.63720703,4.383545,0.0,109900.0,290.2752685546875,1300.0,1.649147,2,0,0,0,0,0,2
73,2022-08-05 00:55:21,rhi,rhi,hou-rhi-cell-track-05-deg,288.2318,288.2318,0.63720703,4.383545,0.0,109900.0,288.2318115234375,1200.0,11.584639,5,1,0,0,0,0,5
74,2022-08-05 00:55:32,ppi,ppi,hou-ppi-cell-track-05-deg,284.60632,294.64783,2.9992676,4.0319824,0.0,109900.0,284.6392822265625,800.0,35.8031,132,104,7,0,0,0,151
75,2022-08-05 00:56:04,rhi,rhi,hou-rhi-cell-track-05-deg,289.55017,289.59412,0.63720703,4.383545,0.0,109900.0,289.5941162109375,700.0,23.861668,13,11,0,0,0,0,16
76,2022-08-05 00:56:22,rhi,rhi,hou-rhi-cell-track-05-deg,290.71472,290.71472,0.63720703,4.383545,0.0,109900.0,290.7147216796875,1000.0,23.550163,13,9,0,0,0,0,13
77,2022-08-05 00:56:41,rhi,rhi,hou-rhi-cell-track-05-deg,290.4071,290.4071,0.63720703,4.383545,0.0,109900.0,290.4071044921875,1000.0,23.192024,9,7,0,0,0,0,9
78,2022-08-05 00:56:55,rhi,rhi,hou-rhi-cell-track-05-deg,287.96814,287.96814,0.63720703,4.383545,0.0,109900.0,287.9681396484375,1300.0,14.120155,5,3,0,0,0,0,5
79,2022-08-05 00:57:08,ppi,ppi,hou-ppi-cell-track-05-deg,284.59534,294.6588,2.9992676,4.01001,0.0,109900.0,284.6392822265625,800.0,35.478485,160,98,7,0,0,0,187
80,2022-08-05 00:57:39,rhi,rhi,hou-rhi-cell-track-05-deg,289.63806,289.63806,0.63720703,4.383545,0.0,109900.0,289.6380615234375,1300.0,5.1690235,2,0,0,0,0,0,2
81,2022-08-05 00:57:55,rhi,rhi,hou-rhi-cell-track-05-deg,290.8246,290.86853,0.63720703,4.383545,0.0,109900.0,290.8245849609375,1000.0,26.608044,10,10,0,0,0,0,10
82,2022-08-05 00:58:10,rhi,rhi,hou-rhi-cell-track-05-deg,290.495,290.495,0.63720703,4.383545,0.0,109900.0,290.4949951171875,1000.0,25.947803,8,8,0,0,0,0,8
83,2022-08-05 00:58:25,rhi,rhi,hou-rhi-cell-track-05-deg,287.96814,287.96814,0.63720703,4.383545,0.0,109900.0,287.9681396484375,1100.0,16.746056,5,3,0,0,0,0,6
84,2022-08-05 00:58:39,ppi,ppi,hou-ppi-cell-track-05-deg,284.83704,294.89777,2.9992676,4.0319824,0.0,109900.0,284.8370361328125,800.0,35.32341,155,101,4,0,0,0,184
85,2022-08-05 00:59:11,rhi,rhi,hou-rhi-cell-track-05-deg,289.8578,289.8578,0.63720703,4.383545,0.0,109900.0,289.8577880859375,1100.0,24.588757,8,7,0,0,0,0,10
86,2022-08-05 00:59:26,rhi,rhi,hou-rhi-cell-track-05-deg,291.01685,291.01685,0.63720703,4.383545,0.0,109900.0,291.016845703125,1000.0,27.197392,15,12,0,0,0,0,18
87,2022-08-05 00:59:39,rhi,rhi,hou-rhi-cell-track-05-deg,290.71472,290.71472,0.63720703,4.383545,0.0,109900.0,290.7147216796875,1000.0,26.678822,16,13,0,0,0,0,18
88,2022-08-05 00:59:54,rhi,rhi,hou-rhi-cell-track-05-deg,288.97888,288.97888,0.63720703,4.383545,0.0,109900.0,288.9788818359375,600.0,12.543783,4,2,0,0,0,0,6
89,2022-08-05 02:19:29,ppi,ppi,hou-ppi-cell-track-07-deg,95.60852,105.63904,2.9992676,4.9987793,0.0,109900.0,102.1453857421875,700.0,25.553883,121,86,0,0,11,0,136
90,2022-08-05 02:19:59,rhi,rhi,hou-rhi-cell-track-07-deg,100.651245,100.651245,0.6591797,6.394043,0.0,109900.0,100.6512451171875,1100.0,30.814034,6,6,1,0,0,0,7
91,2022-08-05 02:20:15,rhi,rhi,hou-rhi-cell-track-07-deg,103.09021,103.11218,0.63720703,6.3830566,0.0,109900.0,103.0902099609375,1100.0,24.140827,13,9,0,0,0,0,16
92,2022-08-05 02:20:29,rhi,rhi,hou-rhi-cell-track-07-deg,101.398315,101.398315,0.64819336,6.3830566,0.0,109900.0,101.3983154296875,800.0,19.14404,3,2,0,0,0,0,4
93,2022-08-05 02:20:45,rhi,rhi,hou-rhi-cell-track-07-deg,104.47449,104.47449,0.64819336,6.394043,0.0,109900.0,104.4744873046875,600.0,23.723408,15,10,0,0,0,0,16
94,2022-08-05 02:20:57,ppi,ppi,hou-ppi-cell-track-07-deg,95.597534,105.66101,2.9992676,5.0097656,0.0,109900.0,96.6522216796875,1100.0,25.927166,96,63,0,0,2,0,112
95,2022-08-05 02:21:26,rhi,rhi,hou-rhi-cell-track-07-deg,100.54138,100.563354,0.64819336,6.394043,0.0,109900.0,100.5633544921875,1100.0,46.68482,12,6,3,0,0,0,13
96,2022-08-05 02:21:44,rhi,rhi,hou-rhi-cell-track-07-deg,102.98035,102.98035,0.63720703,6.3830566,0.0,109900.0,102.9803466796875,2800.0,26.102978,15,11,0,0,0,0,15
97,2022-08-05 02:22:00,rhi,rhi,hou-rhi-cell-track-07-deg,102.16736,102.18933,0.64819336,6.394043,0.0,109900.0,102.1673583984375,2800.0,30.076992,9,7,1,0,0,0,11
98,2022-08-05 02:22:12,rhi,rhi,hou-rhi-cell-track-07-deg,104.93591,104.93591,0.64819336,6.394043,0.0,109900.0,104.9359130859375,1100.0,18.728943,22,13,0,0,0,0,26
99,2022-08-05 02:22:27,ppi,ppi,hou-ppi-cell-track-07-deg,95.36682,105.60608,2.9992676,4.9768066,0.0,109900.0,96.6412353515625,1100.0,25.739826,87,50,0,0,0,0,100
100,2022-08-05 02:22:56,rhi,rhi,hou-rhi-cell-track-07-deg,100.45349,100.49744,0.63720703,6.3830566,0.0,109900.0,100.4974365234375,1100.0,37.997036,8,7,1,0,0,0,10
101,2022-08-05 02:23:06,rhi,rhi,hou-rhi-cell-track-07-deg,67.03308,102.87048,0.14282227,359.9121,0.0,109900.0,102.8704833984375,2800.0,38.50229,31,27,4,0,0,0,32
102,2022-08-05 02:23:24,rhi,rhi,hou-rhi-cell-track-07-deg,102.16736,102.18933,0.64819336,6.394043,0.0,109900.0,102.1893310546875,2800.0,28.65512,15,7,0,0,0,0,18
103,2022-08-05 02:23:39,rhi,rhi,hou-rhi-cell-track-07-deg,105.68298,105.68298,0.64819336,6.3830566,0.0,109900.0,105.6829833984375,800.0,20.178532,14,7,0,0,0,0,27
104,2022-08-05 02:23:52,ppi,ppi,hou-ppi-cell-track-07-deg,95.34485,105.38635,2.9992676,5.020752,0.0,109900.0,96.6522216796875,1100.0,25.47741,110,69,0,0,0,0,127
105,2022-08-05 02:24:23,rhi,rhi,hou-rhi-cell-track-07-deg,100.3656,100.37659,0.64819336,6.3830566,0.0,109900.0,100.3656005859375,1100.0,45.83291,8,5,2,0,0,0,8
106,2022-08-05 02:24:40,rhi,rhi,hou-rhi-cell-track-07-deg,102.73865,102.76062,0.63720703,6.3830566,0.0,109900.0,102.7386474609375,1100.0,21.20507,17,11,0,0,0,0,18
107,2022-08-05 02:24:54,rhi,rhi,hou-rhi-cell-track-07-deg,103.44177,103.463745,0.63720703,6.394043,0.0,109900.0,103.4637451171875,1100.0,21.316399,9,5,0,0,0,0,13
108,2022-08-05 02:25:09,rhi,rhi,hou-rhi-cell-track-07-deg,105.41931,105.441284,0.64819336,6.3830566,0.0,109900.0,105.4193115234375,800.0,21.631683,21,5,0,0,0,0,31
109,2022-08-05 02:25:23,ppi,ppi,hou-ppi-cell-track-05-deg,99.62952,109.85779,2.9992676,4.0319824,0.0,109900.0,100.8599853515625,800.0,24.147682,96,64,0,0,0,0,118
110,2022-08-05 02:25:54,rhi,rhi,hou-rhi-cell-track-05-deg,104.71619,104.71619,0.63720703,4.383545,0.0,109900.0,104.7161865234375,1100.0,10.308323,2,1,0,0,0,0,4
111,2022-08-05 02:26:11,rhi,rhi,hou-rhi-cell-track-05-deg,106.25427,106.25427,0.63720703,4.383545,0.0,109900.0,106.2542724609375,800.0,9.566271,4,0,0,0,0,0,5
112,2022-08-05 02:26:24,rhi,rhi,hou-rhi-cell-track-05-deg,105.00183,105.00183,0.63720703,4.383545,0.0,109900.0,105.0018310546875,1200.0,14.513674,18,7,0,0,0,0,21
113,2022-08-05 02:26:41,rhi,rhi,hou-rhi-cell-track-05-deg,107.440796,107.440796,0.63720703,4.383545,0.0,109900.0,107.4407958984375,1800.0,8.875811,5,0,0,0,0,0,8
114,2022-08-05 02:26:51,ppi,ppi,hou-ppi-cell-track-05-deg,99.62952,109.85779,2.9992676,4.01001,0.0,109900.0,102.8375244140625,1100.0,20.454926,63,29,0,0,0,0,86
115,2022-08-05 02:27:23,rhi,rhi,hou-rhi-cell-track-05-deg,104.71619,104.71619,0.63720703,4.383545,0.0,109900.0,104.7161865234375,1100.0,13.071907,9,4,0,0,0,0,9
116,2022-08-05 02:27:39,rhi,rhi,hou-rhi-cell-track-05-deg,106.25427,106.276245,0.63720703,4.383545,0.0,109900.0,106.2542724609375,800.0,13.591061,6,2,0,0,0,0,13
117,2022-08-05 02:27:54,rhi,rhi,hou-rhi-cell-track-05-deg,106.9574,106.97937,0.63720703,4.383545,0.0,109900.0,106.9573974609375,1600.0,7.7193604,6,0,0,0,0,0,14
118,2022-08-05 02:28:10,rhi,rhi,hou-rhi-cell-track-05-deg,108.93494,108.93494,0.63720703,4.383545,0.0,109900.0,108.9349365234375,800.0,36.589565,1,1,1,0,0,0,10
119,2022-08-05 02:28:21,ppi,ppi,hou-ppi-cell-track-05-deg,99.6405,109.85779,2.9992676,4.0319824,0.0,109900.0,101.3543701171875,800.0,26.474533,73,41,0,0,0,0,92
120,2022-08-05 02:28:53,rhi,rhi,hou-rhi-cell-track-05-deg,104.71619,104.71619,0.63720703,4.383545,0.0,109900.0,104.7161865234375,1100.0,13.0199795,14,5,0,0,0,0,14
121,2022-08-05 02:29:09,rhi,rhi,hou-rhi-cell-track-05-deg,106.25427,106.25427,0.63720703,4.383545,0.0,109900.0,106.2542724609375,800.0,13.547874,5,1,0,0,0,0,8
122,2022-08-05 02:29:25,rhi,rhi,hou-rhi-cell-track-05-deg,106.474,106.49597,0.63720703,4.383545,0.0,109900.0,106.4739990234375,2800.0,4.7801,2,0,0,0,0,0,3
123,2022-08-05 02:29:40,rhi,rhi,hou-rhi-cell-track-05-deg,107.440796,107.440796,0.63720703,4.383545,0.0,109900.0,107.4407958984375,1100.0,12.033274,16,2,0,0,0,0,19
124,2022-08-05 02:29:53,ppi,ppi,hou-ppi-cell-track-05-deg,99.62952,109.8468,2.9992676,4.0319824,0.0,109900.0,104.0899658203125,600.0,24.83194,82,59,0,0,0,0,97
125,2022-08-05 02:30:25,rhi,rhi,hou-rhi-cell-track-05-deg,104.694214,104.71619,0.63720703,4.383545,0.0,109900.0,104.7161865234375,700.0,22.013714,23,12,0,0,0,0,23
126,2022-08-05 02:30:41,rhi,rhi,hou-rhi-cell-track-05-deg,106.276245,106.276245,0.63720703,4.383545,0.0,109900.0,106.2762451171875,800.0,9.45145,5,0,0,0,0,0,9
127,2022-08-05 02:30:55,rhi,rhi,hou-rhi-cell-track-05-deg,107.22107,107.22107,0.63720703,4.383545,0.0,109900.0,107.2210693359375,2800.0,6.836193,10,0,0,0,0,0,14
128,2022-08-05 02:31:10,rhi,rhi,hou-rhi-cell-track-05-deg,107.94617,107.94617,0.63720703,4.383545,0.0,109900.0,107.9461669921875,900.0,8.692432,11,0,0,0,0,0,12
129,2022-08-05 02:31:24,ppi,ppi,hou-ppi-cell-track-05-deg,101.66199,111.901245,2.9992676,4.01001,0.0,109900.0,107.6055908203125,600.0,22.700794,76,41,0,0,0,0,136
130,2022-08-05 02:31:55,rhi,rhi,hou-rhi-cell-track-05-deg,106.82556,106.847534,0.63720703,4.383545,0.0,109900.0,106.8475341796875,1600.0,7.849163,11,0,0,0,0,0,21
131,2022-08-05 02:32:10,rhi,rhi,hou-rhi-cell-track-05-deg,106.53992,106.53992,0.63720703,4.383545,0.0,109900.0,106.5399169921875,1500.0,0.57097244,3,0,0,0,0,0,8
132,2022-08-05 02:32:25,rhi,rhi,hou-rhi-cell-track-05-deg,108.47351,108.47351,0.63720703,4.383545,0.0,109900.0,108.4735107421875,1500.0,-1.4783659,0,0,0,0,0,0,14
133,2022-08-05 02:32:40,rhi,rhi,hou-rhi-cell-track-05-deg,108.40759,108.429565,0.63720703,4.383545,0.0,109900.0,108.4295654296875,2800.0,-0.8564081,0,0,0,0,0,0,7
134,2022-08-05 02:32:53,ppi,ppi,hou-ppi-cell-track-05-deg,101.651,111.89026,2.9992676,4.0319824,0.0,109900.0,104.1009521484375,600.0,23.739483,88,47,0,0,0,0,124
135,2022-08-05 02:33:24,rhi,rhi,hou-rhi-cell-track-05-deg,106.82556,106.847534,0.63720703,4.383545,0.0,109900.0,106.8475341796875,1500.0,6.2024937,7,0,0,0,0,0,14
136,2022-08-05 02:33:41,rhi,rhi,hou-rhi-cell-track-05-deg,106.517944,106.517944,0.63720703,4.383545,0.0,109900.0,106.5179443359375,1500.0,3.0029411,7,0,0,0,0,0,9
137,2022-08-05 02:33:54,rhi,rhi,hou-rhi-cell-track-05-deg,107.41882,107.41882,0.63720703,4.383545,0.0,109900.0,107.4188232421875,800.0,10.393364,9,1,0,0,0,0,22
138,2022-08-05 02:34:09,rhi,rhi,hou-rhi-cell-track-05-deg,106.12244,106.14441,0.63720703,4.383545,0.0,109900.0,106.1444091796875,2800.0,7.4702244,2,0,0,0,0,0,9
139,2022-08-05 02:34:23,ppi,ppi,hou-ppi-cell-track-05-deg,101.651,111.901245,2.9992676,4.0319824,0.0,109900.0,104.3975830078125,600.0,25.896915,77,38,0,0,0,0,113
140,2022-08-05 02:34:55,rhi,rhi,hou-rhi-cell-track-05-deg,106.78162,106.78162,0.63720703,4.383545,0.0,109900.0,106.7816162109375,1500.0,7.263199,7,0,0,0,0,0,13
141,2022-08-05 02:35:10,rhi,rhi,hou-rhi-cell-track-05-deg,106.517944,106.517944,0.63720703,4.383545,0.0,109900.0,106.5179443359375,800.0,3.1308155,1,0,0,0,0,0,2
142,2022-08-05 02:35:26,rhi,rhi,hou-rhi-cell-track-05-deg,107.440796,107.440796,0.63720703,4.383545,0.0,109900.0,107.4407958984375,600.0,22.540882,19,2,0,0,0,0,23
143,2022-08-05 02:35:39,rhi,rhi,hou-rhi-cell-track-05-deg,106.16638,106.16638,0.63720703,4.383545,0.0,109900.0,106.1663818359375,1400.0,13.187048,3,1,0,0,0,0,6
144,2022-08-05 02:35:53,ppi,ppi,hou-ppi-cell-track-05-deg,101.651,111.901245,2.9992676,4.0319824,0.0,109900.0,107.8582763671875,600.0,22.959862,81,39,0,0,0,0,125
145,2022-08-05 02:36:25,rhi,rhi,hou-rhi-cell-track-05-deg,106.75964,106.75964,0.63720703,4.383545,0.0,109900.0,106.7596435546875,600.0,18.965843,17,2,0,0,0,0,28
146,2022-08-05 02:36:40,rhi,rhi,hou-rhi-cell-track-05-deg,106.49597,106.49597,0.63720703,4.383545,0.0,109900.0,106.4959716796875,2800.0,5.877674,4,0,0,0,0,0,6
147,2022-08-05 02:36:56,rhi,rhi,hou-rhi-cell-track-05-deg,107.440796,107.440796,0.63720703,4.383545,0.0,109900.0,107.4407958984375,1100.0,11.565432,16,2,0,0,0,0,22
148,2022-08-05 02:37:10,rhi,rhi,hou-rhi-cell-track-05-deg,106.16638,106.16638,0.63720703,4.383545,0.0,109900.0,106.1663818359375,1400.0,13.255802,8,6,0,0,0,0,13
149,2022-08-05 06:07:25,ppi,ppi,hou-ppi-cell-track-05-deg,179.599,189.62952,3.0212402,4.01001,0.0,109900.0,189.3988037109375,600.0,11.8206215,57,8,0,0,0,0,78
150,2022-08-05 06:07:56,rhi,rhi,hou-rhi-cell-track-05-deg,184.60876,184.63074,0.63720703,4.383545,0.0,109900.0,184.6087646484375,700.0,27.738949,9,3,0,0,0,0,13
151,2022-08-05 06:08:16,rhi,rhi,hou-rhi-cell-track-05-deg,184.7406,184.7406,0.63720703,4.383545,0.0,109900.0,184.7406005859375,700.0,32.889717,9,7,2,0,0,0,11
152,2022-08-05 06:08:30,rhi,rhi,hou-rhi-cell-track-05-deg,185.39978,185.39978,0.63720703,4.383545,0.0,109900.0,185.3997802734375,900.0,29.29544,5,5,0,0,0,0,8
153,2022-08-05 06:08:44,rhi,rhi,hou-rhi-cell-track-05-deg,183.81775,183.83972,0.63720703,4.383545,0.0,109900.0,183.8397216796875,700.0,20.350906,4,2,0,0,0,0,9
154,2022-08-05 06:08:58,ppi,ppi,hou-ppi-cell-track-05-deg,179.86267,189.8822,2.9992676,4.0319824,0.0,109900.0,187.1466064453125,1300.0,17.699127,60,17,0,0,0,0,85
155,2022-08-05 06:09:29,rhi,rhi,hou-rhi-cell-track-05-deg,184.78455,184.80652,0.63720703,4.383545,0.0,109900.0,184.8065185546875,700.0,23.010414,6,2,0,0,0,0,14
156,2022-08-05 06:09:42,rhi,rhi,hou-rhi-cell-track-05-deg,184.93835,184.96033,0.63720703,4.383545,0.0,109900.0,184.9383544921875,700.0,20.361794,6,3,0,0,0,0,19
157,2022-08-05 06:10:00,rhi,rhi,hou-rhi-cell-track-05-deg,185.6195,185.6195,0.63720703,4.383545,0.0,109900.0,185.6195068359375,700.0,22.72799,9,7,0,0,0,0,12
158,2022-08-05 06:10:16,rhi,rhi,hou-rhi-cell-track-05-deg,184.0155,184.0155,0.63720703,4.383545,0.0,109900.0,184.0155029296875,700.0,22.76963,8,3,0,0,0,0,13
159,2022-08-05 06:10:27,ppi,ppi,hou-ppi-cell-track-05-deg,179.89563,189.89319,2.9992676,4.0319824,0.0,109900.0,185.3997802734375,2600.0,19.973839,24,8,0,0,0,0,40
160,2022-08-05 06:10:58,rhi,rhi,hou-rhi-cell-track-05-deg,184.9823,184.9823,0.63720703,4.383545,0.0,109900.0,184.9822998046875,700.0,22.54971,7,5,0,0,0,0,10
161,2022-08-05 06:11:14,rhi,rhi,hou-rhi-cell-track-05-deg,185.09216,185.09216,0.63720703,4.383545,0.0,109900.0,185.0921630859375,700.0,20.713053,5,2,0,0,0,0,5
162,2022-08-05 06:11:31,rhi,rhi,hou-rhi-cell-track-05-deg,185.79529,185.79529,0.63720703,4.383545,0.0,109900.0,185.7952880859375,700.0,12.929035,3,1,0,0,0,0,4
163,2022-08-05 06:11:44,rhi,rhi,hou-rhi-cell-track-05-deg,184.19128,184.21326,0.63720703,4.383545,0.0,109900.0,184.2132568359375,700.0,28.488274,5,3,0,0,0,0,9
164,2022-08-05 06:11:58,ppi,ppi,hou-ppi-cell-track-05-deg,179.89563,190.11292,2.9992676,4.01001,0.0,109900.0,187.6300048828125,600.0,15.211021,23,3,0,0,0,0,39
165,2022-08-05 06:12:29,rhi,rhi,hou-rhi-cell-track-05-deg,184.9823,184.9823,0.63720703,4.383545,0.0,109900.0,184.9822998046875,700.0,29.988144,7,4,0,0,0,0,8
166,2022-08-05 06:12:45,rhi,rhi,hou-rhi-cell-track-05-deg,185.11414,185.11414,0.63720703,4.383545,0.0,109900.0,185.1141357421875,700.0,19.819052,8,7,0,0,0,0,15
167,2022-08-05 06:13:01,rhi,rhi,hou-rhi-cell-track-05-deg,185.79529,185.79529,0.63720703,4.383545,0.0,109900.0,185.7952880859375,600.0,5.35124,4,0,0,0,0,0,7
168,2022-08-05 06:13:14,rhi,rhi,hou-rhi-cell-track-05-deg,184.19128,184.20227,0.63720703,4.383545,0.0,109900.0,184.1912841796875,700.0,23.69112,14,5,0,0,0,0,25
169,2022-08-05 06:13:28,ppi,ppi,hou-ppi-cell-track-05-deg,180.10437,190.15686,2.9992676,4.0319824,0.0,109900.0,181.3897705078125,1600.0,14.92231,49,7,0,0,0,0,81
170,2022-08-05 06:14:00,rhi,rhi,hou-rhi-cell-track-05-deg,185.18005,185.18005,0.63720703,4.383545,0.0,109900.0,185.1800537109375,700.0,16.896734,2,1,0,0,0,0,4
171,2022-08-05 06:14:13,rhi,rhi,hou-rhi-cell-track-05-deg,185.31189,185.31189,0.63720703,4.383545,0.0,109900.0,185.3118896484375,3900.0,3.5867462,2,0,0,0,0,0,4
172,2022-08-05 06:14:30,rhi,rhi,hou-rhi-cell-track-05-deg,185.97107,185.97107,0.63720703,4.383545,0.0,109900.0,185.9710693359375,800.0,14.987099,2,2,0,0,0,0,3
173,2022-08-05 06:14:45,rhi,rhi,hou-rhi-cell-track-05-deg,184.36707,184.38904,0.63720703,4.383545,0.0,109900.0,184.3670654296875,600.0,20.780674,8,5,0,0,0,0,10
174,2022-08-05 06:14:58,ppi,ppi,hou-ppi-cell-track-05-deg,180.14832,190.38757,2.9992676,4.01001,0.0,109900.0,185.1470947265625,1800.0,18.295357,50,5,0,0,0,0,80
175,2022-08-05 06:15:29,rhi,rhi,hou-rhi-cell-track-05-deg,185.26794,185.26794,0.63720703,4.383545,0.0,109900.0,185.2679443359375,700.0,20.60748,5,4,0,0,0,0,7
176,2022-08-05 06:15:43,rhi,rhi,hou-rhi-cell-track-05-deg,185.39978,185.39978,0.63720703,4.383545,0.0,109900.0,185.3997802734375,700.0,30.046242,5,4,1,0,0,0,6
177,2022-08-05 06:16:01,rhi,rhi,hou-rhi-cell-track-05-deg,186.05896,186.05896,0.63720703,4.383545,0.0,109900.0,186.0589599609375,4100.0,0.49803352,1,0,0,0,0,0,1
178,2022-08-05 06:16:14,rhi,rhi,hou-rhi-cell-track-05-deg,184.47693,184.47693,0.63720703,4.383545,0.0,109900.0,184.4769287109375,700.0,23.458366,5,1,0,0,0,0,10
179,2022-08-05 06:25:33,ppi,ppi,hou-ppi-cell-track-05-deg,28.64685,38.897095,2.9992676,4.01001,0.0,109900.0,34.3707275390625,700.0,16.817524,34,12,0,0,0,0,62
180,2022-08-05 06:26:04,rhi,rhi,hou-rhi-cell-track-05-deg,33.76648,33.777466,0.63720703,4.383545,0.0,109900.0,33.7664794921875,600.0,13.05928,6,1,0,0,0,0,9
181,2022-08-05 06:26:20,rhi,rhi,hou-rhi-cell-track-05-deg,32.557983,32.557983,0.63720703,4.383545,0.0,109900.0,32.5579833984375,700.0,16.119091,8,4,0,0,0,0,8
182,2022-08-05 06:26:35,rhi,rhi,hou-rhi-cell-track-05-deg,33.01941,33.01941,0.63720703,4.383545,0.0,109900.0,33.0194091796875,700.0,20.338799,12,12,0,0,0,0,13
183,2022-08-05 06:26:50,rhi,rhi,hou-rhi-cell-track-05-deg,32.64038,32.64038,0.63720703,4.383545,0.0,109900.0,32.640380859375,700.0,10.095627,2,1,0,0,0,0,4
184,2022-08-05 06:27:04,ppi,ppi,hou-ppi-cell-track-05-deg,28.613892,38.655396,2.9992676,4.0319824,0.0,109900.0,35.0958251953125,1900.0,19.398457,50,20,0,0,0,0,69
185,2022-08-05 06:27:35,rhi,rhi,hou-rhi-cell-track-05-deg,33.722534,33.722534,0.63720703,4.383545,0.0,109900.0,33.7225341796875,700.0,18.370335,5,3,0,0,0,0,5
186,2022-08-05 06:27:51,rhi,rhi,hou-rhi-cell-track-05-deg,32.514038,32.53601,0.63720703,4.383545,0.0,109900.0,32.5360107421875,4300.0,10.314108,2,1,0,0,0,0,6
187,2022-08-05 06:28:11,rhi,rhi,hou-rhi-cell-track-05-deg,32.733765,32.733765,0.63720703,4.383545,0.0,109900.0,32.7337646484375,600.0,19.407639,6,3,0,0,0,0,7
188,2022-08-05 06:28:24,rhi,rhi,hou-rhi-cell-track-05-deg,32.579956,32.579956,0.63720703,4.383545,0.0,109900.0,32.5799560546875,700.0,15.173874,4,4,0,0,0,0,5
189,2022-08-05 06:28:40,ppi,ppi,hou-ppi-cell-track-05-deg,28.602905,38.633423,2.9992676,4.0319824,0.0,109900.0,34.1070556640625,700.0,18.315125,37,17,0,0,0,0,45
190,2022-08-05 06:29:11,rhi,rhi,hou-rhi-cell-track-05-deg,33.651123,33.651123,0.63720703,4.383545,0.0,109900.0,33.651123046875,700.0,8.311985,2,0,0,0,0,0,5
191,2022-08-05 06:29:26,rhi,rhi,hou-rhi-cell-track-05-deg,32.44812,32.44812,0.63720703,4.383545,0.0,109900.0,32.4481201171875,3500.0,2.7714024,1,0,0,0,0,0,2
192,2022-08-05 06:29:38,rhi,rhi,hou-rhi-cell-track-05-deg,32.711792,32.733765,0.63720703,4.383545,0.0,109900.0,32.7337646484375,700.0,17.6064,3,3,0,0,0,0,5
193,2022-08-05 06:29:54,rhi,rhi,hou-rhi-cell-track-05-deg,32.53601,32.53601,0.63720703,4.383545,0.0,109900.0,32.5360107421875,700.0,19.526176,8,6,0,0,0,0,8
194,2022-08-05 06:30:09,ppi,ppi,hou-ppi-cell-track-05-deg,28.591919,38.655396,2.9992676,4.0319824,0.0,109900.0,37.8973388671875,76700.0,28.370548,50,12,0,0,0,0,67
195,2022-08-05 06:30:40,rhi,rhi,hou-rhi-cell-track-05-deg,33.61267,33.61267,0.63720703,4.383545,0.0,109900.0,33.6126708984375,800.0,-1.34906,0,0,0,0,0,0,1
196,2022-08-05 06:30:54,rhi,rhi,hou-rhi-cell-track-05-deg,32.37671,32.39868,0.63720703,4.383545,0.0,109900.0,32.376708984375,600.0,12.228573,1,1,0,0,0,0,1
197,2022-08-05 06:31:11,rhi,rhi,hou-rhi-cell-track-05-deg,33.217163,33.217163,0.63720703,4.383545,0.0,109900.0,33.2171630859375,2100.0,9.911419,4,0,0,0,0,0,4
198,2022-08-05 06:31:26,rhi,rhi,hou-rhi-cell-track-05-deg,32.470093,32.492065,0.63720703,4.383545,0.0,109900.0,32.4700927734375,700.0,14.306412,3,2,0,0,0,0,3
199,2022-08-05 06:31:37,ppi,ppi,hou-ppi-cell-track-05-deg,28.602905,38.655396,3.0212402,4.0319824,0.0,109900.0,34.1070556640625,700.0,21.331005,55,27,0,0,0,0,74
200,2022-08-05 06:32:08,rhi,rhi,hou-rhi-cell-track-05-deg,33.546753,33.546753,0.63720703,4.383545,0.0,109900.0,33.5467529296875,3600.0,9.4304085,2,0,0,0,0,0,2
201,2022-08-05 06:32:26,rhi,rhi,hou-rhi-cell-track-05-deg,32.36023,32.36023,0.63720703,4.383545,0.0,109900.0,32.3602294921875,4200.0,14.52956,3,3,0,0,0,0,3
202,2022-08-05 06:32:39,rhi,rhi,hou-rhi-cell-track-05-deg,33.722534,33.722534,0.63720703,4.383545,0.0,109900.0,33.7225341796875,3600.0,12.583168,7,2,0,0,0,0,9
203,2022-08-05 06:32:56,rhi,rhi,hou-rhi-cell-track-05-deg,32.426147,32.426147,0.63720703,4.383545,0.0,109900.0,32.4261474609375,4300.0,2.290512,1,0,0,0,0,0,2
204,2022-08-05 06:33:10,ppi,ppi,hou-ppi-cell-track-05-deg,28.35022,38.40271,2.9992676,4.0319824,0.0,109900.0,32.8656005859375,700.0,20.095314,33,14,0,0,0,0,51
205,2022-08-05 06:33:41,rhi,rhi,hou-rhi-cell-track-05-deg,33.43689,33.458862,0.63720703,4.383545,0.0,109900.0,33.4588623046875,700.0,8.779881,2,0,0,0,0,0,2
206,2022-08-05 06:33:56,rhi,rhi,hou-rhi-cell-track-05-deg,32.228394,32.250366,0.63720703,4.383545,0.0,109900.0,32.2283935546875,600.0,5.1312275,2,0,0,0,0,0,3
207,2022-08-05 06:34:08,rhi,rhi,hou-rhi-cell-track-05-deg,31.964722,31.964722,0.63720703,4.383545,0.0,109900.0,31.9647216796875,1900.0,7.9800644,1,0,0,0,0,0,3
208,2022-08-05 06:34:26,rhi,rhi,hou-rhi-cell-track-05-deg,32.316284,32.316284,0.63720703,4.383545,0.0,109900.0,32.3162841796875,3000.0,16.105598,5,3,0,0,0,0,5
209,2022-08-05 06:34:37,ppi,ppi,hou-ppi-cell-track-07-deg,26.141968,36.359253,3.0212402,4.9987793,0.0,109900.0,33.1072998046875,2700.0,17.668541,49,12,0,0,0,0,61
210,2022-08-05 06:35:07,rhi,rhi,hou-rhi-cell-track-07-deg,31.239624,31.28357,0.64819336,6.394043,0.0,109900.0,31.2396240234375,700.0,14.586403,1,1,0,0,0,0,9
211,2022-08-05 06:35:24,rhi,rhi,hou-rhi-cell-track-07-deg,31.679077,31.70105,0.64819336,6.3830566,0.0,109900.0,31.6790771484375,600.0,11.370602,6,1,0,0,0,0,11
212,2022-08-05 06:35:40,rhi,rhi,hou-rhi-cell-track-07-deg,31.503296,31.503296,0.64819336,6.3830566,0.0,109900.0,31.5032958984375,600.0,28.883095,4,1,0,0,0,0,5
213,2022-08-05 06:35:52,rhi,rhi,hou-rhi-cell-track-07-deg,29.130249,29.152222,0.63720703,6.394043,0.0,109900.0,29.1522216796875,1000.0,9.747805,10,0,0,0,0,0,11
214,2022-08-05 06:36:09,ppi,ppi,hou-ppi-cell-track-07-deg,26.109009,36.1615,2.9992676,5.020752,0.0,109900.0,33.6016845703125,600.0,17.007912,64,23,0,0,0,0,83
215,2022-08-05 06:36:38,rhi,rhi,hou-rhi-cell-track-07-deg,31.12976,31.151733,0.64819336,6.3830566,0.0,109900.0,31.1297607421875,9800.0,4.3579655,3,0,0,0,0,0,9
216,2022-08-05 06:36:55,rhi,rhi,hou-rhi-cell-track-07-deg,31.61316,31.61316,0.64819336,6.394043,0.0,109900.0,31.6131591796875,600.0,9.2122135,3,0,0,0,0,0,8
217,2022-08-05 06:37:08,rhi,rhi,hou-rhi-cell-track-07-deg,31.734009,31.744995,0.63720703,6.394043,0.0,109900.0,31.7449951171875,1500.0,20.416954,4,2,0,0,0,0,11
218,2022-08-05 06:37:24,rhi,rhi,hou-rhi-cell-track-07-deg,29.064331,29.064331,0.64819336,6.3830566,0.0,109900.0,29.0643310546875,900.0,6.5376453,9,0,0,0,0,0,11
219,2022-08-05 06:37:37,ppi,ppi,hou-ppi-cell-track-07-deg,26.098022,36.150513,2.9992676,5.0097656,0.0,109900.0,28.6468505859375,800.0,22.317059,42,10,0,0,0,0,55
220,2022-08-05 06:38:07,rhi,rhi,hou-rhi-cell-track-07-deg,31.063843,31.085815,0.64819336,6.3830566,0.0,109900.0,31.0858154296875,900.0,5.0096645,1,0,0,0,0,0,4
221,2022-08-05 06:38:23,rhi,rhi,hou-rhi-cell-track-07-deg,31.569214,31.569214,0.64819336,6.3830566,0.0,109900.0,31.5692138671875,600.0,10.593756,6,1,0,0,0,0,9
222,2022-08-05 06:38:39,rhi,rhi,hou-rhi-cell-track-07-deg,31.964722,31.964722,0.6591797,6.394043,0.0,109900.0,31.9647216796875,600.0,8.950865,5,0,0,0,0,0,8
223,2022-08-05 06:38:52,rhi,rhi,hou-rhi-cell-track-07-deg,28.97644,28.998413,0.64819336,6.3830566,0.0,109900.0,28.9984130859375,1000.0,10.140511,8,1,0,0,0,0,9
224,2022-08-05 06:39:08,ppi,ppi,hou-ppi-cell-track-07-deg,26.109009,36.150513,2.9992676,4.9987793,0.0,109900.0,34.1510009765625,700.0,17.21862,58,27,0,0,0,0,79
225,2022-08-05 06:39:37,rhi,rhi,hou-rhi-cell-track-07-deg,30.975952,31.04187,0.64819336,6.3830566,0.0,109900.0,30.9979248046875,2200.0,14.3969,5,1,0,0,0,0,8
226,2022-08-05 06:39:55,rhi,rhi,hou-rhi-cell-track-07-deg,31.481323,31.481323,0.64819336,6.3830566,0.0,109900.0,31.4813232421875,3200.0,12.673277,5,2,0,0,0,0,8
227,2022-08-05 06:40:08,rhi,rhi,hou-rhi-cell-track-07-deg,32.20642,32.20642,0.63720703,6.394043,0.0,109900.0,32.2064208984375,600.0,11.998444,6,4,0,0,0,0,8
228,2022-08-05 06:40:24,rhi,rhi,hou-rhi-cell-track-07-deg,28.910522,28.910522,0.64819336,6.394043,0.0,109900.0,28.9105224609375,1000.0,12.200687,7,1,0,0,0,0,10
229,2022-08-05 06:40:37,ppi,ppi,hou-ppi-cell-track-07-deg,25.856323,35.897827,2.9992676,4.9987793,0.0,109900.0,35.8648681640625,700.0,27.824654,45,13,0,0,0,0,61
230,2022-08-05 06:41:07,rhi,rhi,hou-rhi-cell-track-07-deg,30.932007,30.95398,0.64819336,6.394043,0.0,109900.0,30.9539794921875,3700.0,6.0689106,1,0,0,0,0,0,5
231,2022-08-05 06:41:25,rhi,rhi,hou-rhi-cell-track-07-deg,31.437378,31.437378,0.63720703,6.3830566,0.0,109900.0,31.4373779296875,600.0,8.734318,6,0,0,0,0,0,8
232,2022-08-05 06:41:37,rhi,rhi,hou-rhi-cell-track-07-deg,31.206665,31.217651,0.63720703,6.394043,0.0,109900.0,31.2176513671875,600.0,3.5338688,1,0,0,0,0,0,2
233,2022-08-05 06:41:53,rhi,rhi,hou-rhi-cell-track-07-deg,28.844604,28.844604,0.63720703,6.3830566,0.0,109900.0,28.8446044921875,1000.0,9.616581,7,0,0,0,0,0,12
234,2022-08-05 06:42:09,ppi,ppi,hou-ppi-cell-track-07-deg,25.856323,35.908813,2.9992676,4.9987793,0.0,109900.0,29.1082763671875,1800.0,18.334373,41,4,0,0,0,0,59
235,2022-08-05 06:42:38,rhi,rhi,hou-rhi-cell-track-07-deg,30.866089,30.910034,0.63720703,6.3830566,0.0,109900.0,30.8990478515625,2000.0,5.0553036,5,0,0,0,0,0,11
236,2022-08-05 06:42:53,rhi,rhi,hou-rhi-cell-track-07-deg,31.37146,31.37146,0.63720703,6.394043,0.0,109900.0,31.3714599609375,2200.0,4.1282597,2,0,0,0,0,0,7
237,2022-08-05 06:43:10,rhi,rhi,hou-rhi-cell-track-07-deg,30.95398,30.975952,0.63720703,6.3830566,0.0,109900.0,30.9759521484375,900.0,-8.078827,0,0,0,0,0,0,1
238,2022-08-05 06:43:23,rhi,rhi,hou-rhi-cell-track-07-deg,28.822632,28.822632,0.63720703,6.3830566,0.0,109900.0,28.8226318359375,900.0,12.572365,24,1,0,0,0,0,26
239,2022-08-05 06:43:37,ppi,ppi,hou-ppi-cell-track-05-deg,27.097778,37.15027,2.9992676,4.01001,0.0,109900.0,32.6129150390625,700.0,17.119892,61,17,0,0,0,0,87
240,2022-08-05 06:44:08,rhi,rhi,hou-rhi-cell-track-05-deg,32.18445,32.18445,0.63720703,4.383545,0.0,109900.0,32.1844482421875,2500.0,19.496372,5,3,0,0,0,0,6
241,2022-08-05 06:44:24,rhi,rhi,hou-rhi-cell-track-05-deg,33.920288,33.920288,0.63720703,4.383545,0.0,109900.0,33.9202880859375,700.0,7.695446,2,0,0,0,0,0,3
242,2022-08-05 06:44:41,rhi,rhi,hou-rhi-cell-track-05-deg,33.145752,33.145752,0.63720703,4.383545,0.0,109900.0,33.145751953125,700.0,15.727356,5,2,0,0,0,0,8
243,2022-08-05 06:44:55,rhi,rhi,hou-rhi-cell-track-05-deg,31.173706,31.217651,0.63720703,4.383545,0.0,109900.0,31.2176513671875,600.0,7.482567,1,0,0,0,0,0,2
244,2022-08-05 06:45:08,ppi,ppi,hou-ppi-cell-track-05-deg,27.108765,37.15027,2.9992676,4.0319824,0.0,109900.0,27.8997802734375,1800.0,20.186203,43,22,0,0,0,0,61
245,2022-08-05 06:45:40,rhi,rhi,hou-rhi-cell-track-05-deg,32.162476,32.162476,0.63720703,4.383545,0.0,109900.0,32.1624755859375,600.0,7.232918,2,0,0,0,0,0,3
246,2022-08-05 06:45:56,rhi,rhi,hou-rhi-cell-track-05-deg,33.920288,33.920288,0.63720703,4.383545,0.0,109900.0,33.9202880859375,2600.0,9.307692,3,0,0,0,0,0,5
247,2022-08-05 06:46:09,rhi,rhi,hou-rhi-cell-track-05-deg,33.145752,33.145752,0.63720703,4.383545,0.0,109900.0,,,,0,0,0,0,0,0,0
248,2022-08-05 06:46:26,rhi,rhi,hou-rhi-cell-track-05-deg,31.173706,31.173706,0.63720703,4.383545,0.0,109900.0,31.1737060546875,4800.0,-3.3128986,0,0,0,0,0,0,4
249,2022-08-05 06:46:38,ppi,ppi,hou-ppi-cell-track-05-deg,27.119751,37.15027,2.9992676,4.01001,0.0,109900.0,27.8668212890625,700.0,16.970898,61,18,0,0,0,0,85
250,2022-08-05 06:47:10,rhi,rhi,hou-rhi-cell-track-05-deg,32.096558,32.11853,0.63720703,4.383545,0.0,109900.0,32.1185302734375,600.0,4.2282352,2,0,0,0,0,0,3
251,2022-08-05 06:47:26,rhi,rhi,hou-rhi-cell-track-05-deg,33.892822,33.892822,0.63720703,4.383545,0.0,109900.0,33.892822265625,700.0,15.333317,3,1,0,0,0,0,6
252,2022-08-05 06:47:39,rhi,rhi,hou-rhi-cell-track-05-deg,33.1073,33.1073,0.63720703,4.383545,0.0,109900.0,33.1072998046875,2600.0,-6.583127,0,0,0,0,0,0,1
253,2022-08-05 06:47:54,rhi,rhi,hou-rhi-cell-track-05-deg,31.107788,31.107788,0.63720703,4.383545,0.0,109900.0,31.1077880859375,2300.0,-1.9979324,0,0,0,0,0,0,2
254,2022-08-05 06:48:09,ppi,ppi,hou-ppi-cell-track-05-deg,27.097778,37.15027,2.9992676,4.0319824,0.0,109900.0,30.1300048828125,1500.0,23.695934,62,22,0,0,0,0,86
255,2022-08-05 06:48:40,rhi,rhi,hou-rhi-cell-track-05-deg,32.041626,32.074585,0.63720703,4.383545,0.0,109900.0,32.0745849609375,600.0,5.1312065,1,0,0,0,0,0,2
256,2022-08-05 06:48:53,rhi,rhi,hou-rhi-cell-track-05-deg,33.85437,33.85437,0.63720703,4.383545,0.0,109900.0,33.8543701171875,700.0,13.186853,4,2,0,0,0,0,12
257,2022-08-05 06:49:09,rhi,rhi,hou-rhi-cell-track-05-deg,33.04138,33.04138,0.63720703,4.383545,0.0,109900.0,33.0413818359375,1800.0,9.761335,2,0,0,0,0,0,3
258,2022-08-05 06:49:24,rhi,rhi,hou-rhi-cell-track-05-deg,31.063843,31.063843,0.63720703,4.383545,0.0,109900.0,31.0638427734375,600.0,12.174501,6,2,0,0,0,0,9
259,2022-08-05 07:09:25,ppi,ppi,hou-ppi-cell-track-07-deg,346.1078,356.1493,2.9992676,4.9768066,0.0,109900.0,347.1240234375,3400.0,15.094242,42,8,0,0,0,0,62
260,2022-08-05 07:09:54,rhi,rhi,hou-rhi-cell-track-07-deg,351.02417,351.0681,0.63720703,6.394043,0.0,109900.0,351.024169921875,1800.0,-0.94234276,0,0,0,0,0,0,5
261,2022-08-05 07:10:09,rhi,rhi,hou-rhi-cell-track-07-deg,350.80994,350.80994,0.64819336,6.394043,0.0,109900.0,350.8099365234375,1200.0,8.821354,5,0,0,0,0,0,12
262,2022-08-05 07:10:23,rhi,rhi,hou-rhi-cell-track-07-deg,348.41492,348.41492,0.63720703,6.394043,0.0,109900.0,348.4149169921875,2600.0,20.499783,9,3,0,0,0,0,24
263,2022-08-05 07:10:39,rhi,rhi,hou-rhi-cell-track-07-deg,349.13452,349.13452,0.63720703,6.3830566,0.0,109900.0,349.134521484375,2900.0,8.275305,2,0,0,0,0,0,11
264,2022-08-05 07:10:52,ppi,ppi,hou-ppi-cell-track-07-deg,345.89905,356.11633,2.9992676,4.9987793,0.0,109900.0,354.8529052734375,2900.0,18.821945,47,11,0,0,0,0,71
265,2022-08-05 07:11:22,rhi,rhi,hou-rhi-cell-track-07-deg,350.96375,350.98572,0.63720703,6.3830566,0.0,109900.0,350.9637451171875,2900.0,16.624723,10,4,0,0,0,0,18
266,2022-08-05 07:11:39,rhi,rhi,hou-rhi-cell-track-07-deg,350.78796,350.80994,0.63720703,6.3830566,0.0,109900.0,350.7879638671875,1200.0,15.6175,10,3,0,0,0,0,16
267,2022-08-05 07:11:53,rhi,rhi,hou-rhi-cell-track-07-deg,347.88757,347.93152,0.63720703,6.394043,0.0,109900.0,347.9095458984375,7300.0,7.510893,5,0,0,0,0,0,14
268,2022-08-05 07:12:09,rhi,rhi,hou-rhi-cell-track-07-deg,348.41492,348.41492,0.64819336,6.3830566,0.0,109900.0,348.4149169921875,3500.0,7.4265594,5,0,0,0,0,0,23
269,2022-08-05 07:12:24,ppi,ppi,hou-ppi-cell-track-07-deg,345.8551,355.88562,2.9992676,5.020752,0.0,109900.0,349.35699462890625,2000.0,28.595818,64,15,0,0,0,0,86
270,2022-08-05 07:12:53,rhi,rhi,hou-rhi-cell-track-07-deg,350.85388,350.85388,0.64819336,6.394043,0.0,109900.0,350.8538818359375,7600.0,6.996338,3,0,0,0,0,0,6
271,2022-08-05 07:13:09,rhi,rhi,hou-rhi-cell-track-07-deg,350.63416,350.63416,0.63720703,6.3830566,0.0,109900.0,350.6341552734375,700.0,5.237173,2,0,0,0,0,0,6
272,2022-08-05 07:13:22,rhi,rhi,hou-rhi-cell-track-07-deg,347.36023,347.3822,0.64819336,6.394043,0.0,109900.0,347.3822021484375,2500.0,7.197094,8,0,0,0,0,0,23
273,2022-08-05 07:13:39,rhi,rhi,hou-rhi-cell-track-07-deg,349.44763,349.44763,0.64819336,6.394043,0.0,109900.0,349.4476318359375,2700.0,7.227518,2,0,0,0,0,0,5
274,2022-08-05 07:13:52,ppi,ppi,hou-ppi-cell-track-07-deg,345.8551,355.8966,2.9992676,5.020752,0.0,109900.0,355.11383056640625,2900.0,19.626812,46,11,0,0,0,0,74
275,2022-08-05 07:14:22,rhi,rhi,hou-rhi-cell-track-07-deg,350.80994,350.8319,0.64819336,6.394043,0.0,109900.0,350.8099365234375,800.0,1.9449348,3,0,0,0,0,0,6
276,2022-08-05 07:14:38,rhi,rhi,hou-rhi-cell-track-07-deg,350.62317,350.63416,0.63720703,6.394043,0.0,109900.0,,,,0,0,0,0,0,0,0
277,2022-08-05 07:14:54,rhi,rhi,hou-rhi-cell-track-07-deg,353.38074,353.38074,0.64819336,6.394043,0.0,109900.0,353.3807373046875,2300.0,0.42718315,1,0,0,0,0,0,8
278,2022-08-05 07:15:10,rhi,rhi,hou-rhi-cell-track-07-deg,346.8988,346.94275,0.64819336,6.394043,0.0,109900.0,346.9427490234375,26200.0,11.5312805,7,1,0,0,0,0,19
279,2022-08-05 07:15:22,ppi,ppi,hou-ppi-cell-track-07-deg,345.63538,355.86365,2.9992676,5.0097656,0.0,109900.0,355.11383056640625,2900.0,19.707706,53,15,0,0,0,0,69
280,2022-08-05 07:15:51,rhi,rhi,hou-rhi-cell-track-07-deg,350.70007,350.74402,0.64819336,6.394043,0.0,109900.0,350.7110595703125,700.0,1.8532372,1,0,0,0,0,0,6
281,2022-08-05 07:16:10,rhi,rhi,hou-rhi-cell-track-07-deg,350.5243,350.5243,0.64819336,6.3830566,0.0,109900.0,350.5242919921875,3100.0,10.597544,3,2,0,0,0,0,17
282,2022-08-05 07:16:25,rhi,rhi,hou-rhi-cell-track-07-deg,353.15552,353.15552,0.64819336,6.394043,0.0,109900.0,353.155517578125,700.0,6.6727486,8,0,0,0,0,0,14
283,2022-08-05 07:16:40,rhi,rhi,hou-rhi-cell-track-07-deg,346.19568,346.19568,0.64819336,6.3830566,0.0,109900.0,346.1956787109375,1700.0,12.151058,5,1,0,0,0,0,12
284,2022-08-05 07:20:12,hsrhi,hsrhi,hou-hsrhi-tracer-vol,54.486694,204.53796,0.7910156,182.99927,0.0,109900.0,204.4720458984375,2600.0,18.07554,347,3,0,0,2,0,797
285,2022-08-05 07:24:57,hsrhi,hsrhi,hou-hsrhi-tracer-anc,63.05603,63.099976,0.7800293,178.76953,0.0,109900.0,63.0999755859375,9100.0,4.3346844,15,0,0,0,0,0,50
286,2022-08-05 07:25:49,ppi,ppi,hou-ppi-tracer,0.54107666,359.5523,0.38452148,3.1201172,0.0,109900.0,111.5386962890625,19100.0,21.299189,51,41,0,0,0,0,51
287,2022-08-05 07:27:48,vpt,vpt,hou-vpt-tracer,0.5548096,359.54132,89.70337,90.076904,0.0,19900.0,238.5516357421875,2100.0,-6.1339836,0,0,0,0,0,0,28
288,2022-08-05 07:30:26,hsrhi,hsrhi,hou-hsrhi-tracer-vol,54.46472,204.53796,0.7800293,182.99927,0.0,109900.0,174.4793701171875,1600.0,13.243092,24,1,0,0,0,0,177
289,2022-08-05 07:35:08,hsrhi,hsrhi,hou-hsrhi-tracer-anc,63.05603,63.099976,0.7910156,178.76953,0.0,109900.0,63.0999755859375,700.0,12.315506,2,1,0,0,0,0,20
290,2022-08-05 07:36:01,ppi,ppi,hou-ppi-tracer,0.5218506,359.5523,0.38452148,3.1530762,0.0,109900.0,98.5308837890625,93600.0,31.924908,102,93,3,0,0,0,104
291,2022-08-05 07:37:59,vpt,vpt,hou-vpt-tracer,0.5657959,359.58527,89.70337,90.076904,0.0,19900.0,180.5438232421875,2700.0,3.5266304,9,0,0,0,0,0,34
292,2022-08-05 07:40:14,hsrhi,hsrhi,hou-hsrhi-tracer-vol,54.46472,204.53796,0.7800293,182.99927,0.0,109900.0,114.4940185546875,800.0,6.6432686,17,0,0,0,0,0,167
293,2022-08-05 07:44:55,hsrhi,hsrhi,hou-hsrhi-tracer-anc,63.05603,63.099976,0.7800293,178.75854,0.0,109900.0,63.0999755859375,1200.0,-1.653841,0,0,0,0,0,0,12
294,2022-08-05 07:45:48,ppi,ppi,hou-ppi-tracer,0.5218506,359.5633,0.38452148,3.1091309,0.0,109900.0,97.5201416015625,88700.0,34.815678,158,128,24,0,0,0,170
295,2022-08-05 07:47:46,vpt,vpt,hou-vpt-tracer,0.5548096,359.54132,89.72534,90.076904,0.0,19900.0,25.5377197265625,2100.0,9.070015,46,0,0,0,0,0,101
296,2022-08-05 07:50:27,hsrhi,hsrhi,hou-hsrhi-tracer-vol,54.44275,204.53796,0.7800293,182.99927,0.0,109900.0,204.4720458984375,1100.0,7.1446667,27,0,0,0,0,0,182
297,2022-08-05 07:55:08,hsrhi,hsrhi,hou-hsrhi-tracer-anc,63.078003,63.099976,0.7800293,178.76953,0.0,109900.0,63.0999755859375,1200.0,-1.4855042,0,0,0,0,0,0,14
298,2022-08-05 07:56:01,ppi,ppi,hou-ppi-tracer,0.5218506,359.5523,0.38452148,3.1311035,0.0,109900.0,95.5426025390625,83600.0,34.9963,213,183,32,0,0,0,222
299,2022-08-05 07:57:59,vpt,vpt,hou-vpt-tracer,0.54382324,359.5633,89.70337,90.076904,0.0,19900.0,188.5528564453125,1100.0,15.739269,80,6,0,0,0,0,134
300,2022-08-05 08:00:14,hsrhi,hsrhi,hou-hsrhi-tracer-vol,54.46472,204.51599,0.7800293,182.99927,0.0,109900.0,174.4793701171875,600.0,11.015133,33,1,0,0,0,0,204
301,2022-08-05 08:04:57,hsrhi,hsrhi,hou-hsrhi-tracer-anc,63.078003,63.099976,0.7800293,178.76953,0.0,109900.0,63.0999755859375,1200.0,0.4504757,1,0,0,0,0,0,12
302,2022-08-05 08:05:50,ppi,ppi,hou-ppi-tracer,0.5218506,359.57428,0.38452148,3.1201172,0.0,109900.0,98.5638427734375,85900.0,33.316254,263,232,13,0,1,0,265
303,2022-08-05 08:07:48,vpt,vpt,hou-vpt-tracer,0.5218506,359.50836,89.69238,90.06592,0.0,19900.0,268.53057861328125,1600.0,12.391449,39,13,0,0,0,0,93
304,2022-08-05 08:10:25,hsrhi,hsrhi,hou-hsrhi-tracer-vol,54.44275,204.51599,0.7800293,182.99927,0.0,109900.0,204.4720458984375,3500.0,12.249199,16,1,0,0,0,0,151
305,2022-08-05 08:15:07,hsrhi,hsrhi,hou-hsrhi-tracer-anc,63.078003,63.099976,0.7800293,178.75854,0.0,109900.0,63.0999755859375,1200.0,18.352745,4,3,0,0,0,0,14
306,2022-08-05 08:15:59,ppi,ppi,hou-ppi-tracer,0.5218506,359.5633,0.38452148,3.0871582,0.0,109900.0,98.5089111328125,86300.0,37.525593,314,301,15,0,23,0,314
307,2022-08-05 08:17:58,vpt,vpt,hou-vpt-tracer,0.5328369,359.54132,89.70337,90.06592,0.0,19900.0,127.5897216796875,1700.0,8.316689,26,0,0,0,0,0,95
308,2022-08-05 08:20:16,hsrhi,hsrhi,hou-hsrhi-tracer-vol,54.486694,204.63684,0.7800293,182.99927,0.0,109900.0,114.4940185546875,800.0,6.7752533,14,0,0,0,0,0,155
309,2022-08-05 08:24:58,hsrhi,hsrhi,hou-hsrhi-tracer-anc,63.078003,63.099976,0.7910156,178.76953,0.0,109900.0,63.0999755859375,1200.0,-0.8242359,0,0,0,0,0,0,13
310,2022-08-05 08:25:51,ppi,ppi,hou-ppi-tracer,0.5548096,359.58527,0.38452148,3.1091309,0.0,109900.0,99.5526123046875,83400.0,30.18195,142,139,2,0,8,0,142
311,2022-08-05 08:27:49,vpt,vpt,hou-vpt-tracer,0.5218506,359.50836,89.70337,90.06592,0.0,19900.0,278.57208251953125,2000.0,-7.487772,0,0,0,0,0,0,34
312,2022-08-05 08:30:24,hsrhi,hsrhi,hou-hsrhi-tracer-vol,54.46472,204.51599,0.7800293,182.99927,0.0,109900.0,114.5159912109375,109400.0,34.079025,72,57,30,0,57,0,248
313,2022-08-05 08:35:05,hsrhi,hsrhi,hou-hsrhi-tracer-anc,63.078003,63.099976,0.7800293,178.76953,0.0,109900.0,63.0999755859375,1200.0,-0.5972786,0,0,0,0,0,0,13
314,2022-08-05 08:35:57,ppi,ppi,hou-ppi-tracer,0.54107666,359.5523,0.38452148,3.0871582,0.0,109900.0,113.5491943359375,109700.0,44.17375,352,346,103,0,182,0,352
315,2022-08-05 08:37:55,vpt,vpt,hou-vpt-tracer,0.5218506,359.54132,89.70337,90.05493,0.0,19900.0,324.57183837890625,3000.0,-4.108719,0,0,0,0,0,0,36
316,2022-08-05 08:40:18,hsrhi,hsrhi,hou-hsrhi-tracer-vol,54.46472,204.61487,0.7800293,182.99927,0.0,109900.0,114.5159912109375,108200.0,39.4017,247,232,114,0,231,0,403
317,2022-08-05 08:44:59,hsrhi,hsrhi,hou-hsrhi-tracer-anc,63.078003,63.099976,0.7800293,178.78052,0.0,109900.0,63.0999755859375,800.0,1.8986473,1,0,0,0,0,0,25
318,2022-08-05 08:45:51,ppi,ppi,hou-ppi-tracer,0.5328369,359.5523,0.38452148,3.0871582,0.0,109900.0,114.5159912109375,107200.0,44.83396,638,637,218,0,289,0,638
319,2022-08-05 08:47:50,vpt,vpt,hou-vpt-tracer,0.54107666,359.5166,89.69238,90.05493,0.0,19900.0,,,,0,0,0,0,0,0,0
320,2022-08-05 08:50:24,hsrhi,hsrhi,hou-hsrhi-tracer-vol,54.46472,204.51599,0.7800293,182.99927,0.0,109900.0,114.5159912109375,106800.0,32.335472,172,154,25,0,154,0,358
321,2022-08-05 08:55:03,hsrhi,hsrhi,hou-hsrhi-tracer-anc,63.078003,63.099976,0.7800293,178.78052,0.0,109900.0,63.0999755859375,600.0,16.475578,3,1,0,0,0,0,30
322,2022-08-05 08:55:56,ppi,ppi,hou-ppi-tracer,0.5218506,359.5633,0.38452148,3.1311035,0.0,109900.0,112.5494384765625,100100.0,37.736885,555,550,76,0,307,0,558
323,2022-08-05 08:57:54,vpt,vpt,hou-vpt-tracer,0.5218506,359.54132,89.69238,90.05493,0.0,19900.0,326.52740478515625,2000.0,3.6602287,3,0,0,0,0,0,3
324,2022-08-05 09:00:20,hsrhi,hsrhi,hou-hsrhi-tracer-vol,54.46472,204.51599,0.7800293,182.99927,0.0,109900.0,114.5159912109375,99400.0,30.909561,103,85,2,0,83,0,238
325,2022-08-05 09:05:02,hsrhi,hsrhi,hou-hsrhi-tracer-anc,63.078003,63.099976,0.7910156,178.76953,0.0,109900.0,63.0999755859375,1200.0,-1.0703125,0,0,0,0,0,0,21
326,2022-08-05 09:05:55,ppi,ppi,hou-ppi-tracer,0.5328369,359.58527,0.38452148,3.1091309,0.0,109900.0,89.5440673828125,61400.0,37.528275,763,753,8,0,621,0,764
327,2022-08-05 09:07:53,vpt,vpt,hou-vpt-tracer,0.54107666,359.5166,89.69238,90.05493,0.0,19900.0,,,,0,0,0,0,0,0,0
328,2022-08-05 09:10:20,hsrhi,hsrhi,hou-hsrhi-tracer-vol,54.420776,204.62585,0.7800293,182.99927,0.0,109900.0,84.4793701171875,2000.0,8.990181,16,0,0,0,0,0,145
329,2022-08-05 09:15:01,hsrhi,hsrhi,hou-hsrhi-tracer-anc,63.078003,63.099976,0.7800293,178.76953,0.0,109900.0,63.0999755859375,1200.0,-1.2256851,0,0,0,0,0,0,20
330,2022-08-05 09:15:53,ppi,ppi,hou-ppi-tracer,0.54107666,359.54132,0.38452148,3.1311035,0.0,109900.0,89.5770263671875,71600.0,39.68538,1533,1525,96,0,1143,0,1534
331,2022-08-05 09:17:52,vpt,vpt,hou-vpt-tracer,0.5657959,359.54132,89.69238,90.05493,0.0,19900.0,,,,0,0,0,0,0,0,0
332,2022-08-05 09:20:22,hsrhi,hsrhi,hou-hsrhi-tracer-vol,54.46472,204.51599,0.7800293,182.99927,0.0,109900.0,114.5159912109375,35500.0,43.043,270,224,83,0,0,0,432
333,2022-08-05 09:25:04,hsrhi,hsrhi,hou-hsrhi-tracer-anc,63.078003,63.099976,0.7800293,178.7915,0.0,109900.0,63.0999755859375,800.0,-2.0116348,0,0,0,0,0,0,20
334,2022-08-05 09:25:57,ppi,ppi,hou-ppi-tracer,0.5218506,359.58527,0.38452148,3.1311035,0.0,109900.0,89.5550537109375,71400.0,40.60287,2416,2401,145,0,1419,0,2418
335,2022-08-05 09:27:55,vpt,vpt,hou-vpt-tracer,0.54382324,359.57428,89.69238,90.05493,0.0,19900.0,144.5416259765625,2200.0,0.641037,1,0,0,0,0,0,35
336,2022-08-05 09:30:18,hsrhi,hsrhi,hou-hsrhi-tracer-vol,54.46472,204.64783,0.7800293,182.99927,0.0,109900.0,84.4793701171875,74400.0,38.76616,228,165,16,0,0,0,377
337,2022-08-05 09:34:59,hsrhi,hsrhi,hou-hsrhi-tracer-anc,63.078003,63.099976,0.80200195,178.78052,0.0,109900.0,63.0780029296875,5100.0,1.7800655,3,0,0,0,0,0,29
338,2022-08-05 09:35:51,ppi,ppi,hou-ppi-tracer,0.54107666,359.5633,0.38452148,3.1091309,0.0,109900.0,74.5477294921875,82400.0,39.91789,1276,1260,24,0,805,0,1276
339,2022-08-05 09:37:50,vpt,vpt,hou-vpt-tracer,0.5657959,359.54132,89.69238,90.05493,0.0,19900.0,,,,0,0,0,0,0,0,0
340,2022-08-05 09:40:24,hsrhi,hsrhi,hou-hsrhi-tracer-vol,54.486694,224.06067,0.7800293,182.99927,0.0,109900.0,84.4793701171875,70900.0,33.67092,53,27,13,0,0,0,185
341,2022-08-05 09:45:05,hsrhi,hsrhi,hou-hsrhi-tracer-anc,63.078003,63.099976,0.7910156,178.76953,0.0,109900.0,63.0999755859375,1200.0,-0.8110657,0,0,0,0,0,0,27
342,2022-08-05 09:45:58,ppi,ppi,hou-ppi-tracer,0.54382324,359.5633,0.38452148,3.1311035,0.0,109900.0,127.5567626953125,94100.0,38.939293,1051,1046,43,0,529,0,1051
343,2022-08-05 09:47:56,vpt,vpt,hou-vpt-tracer,0.5548096,359.58527,89.70337,90.05493,0.0,19900.0,,,,0,0,0,0,0,0,0
344,2022-08-05 09:50:17,hsrhi,hsrhi,hou-hsrhi-tracer-vol,54.46472,204.51599,0.7800293,182.99927,0.0,109900.0,84.4793701171875,800.0,16.153294,21,1,0,0,0,0,166
345,2022-08-05 09:54:58,hsrhi,hsrhi,hou-hsrhi-tracer-anc,63.078003,63.099976,0.7800293,178.76953,0.0,109900.0,63.0780029296875,2100.0,0.85028076,1,0,0,0,0,0,19
346,2022-08-05 09:55:51,ppi,ppi,hou-ppi-tracer,0.5218506,359.54132,0.38452148,3.1311035,0.0,109900.0,135.5657958984375,94900.0,43.65857,893,868,61,0,329,3,894
347,2022-08-05 09:57:49,vpt,vpt,hou-vpt-tracer,0.54382324,359.5633,89.69238,90.05493,0.0,19900.0,,,,0,0,0,0,0,0,0
348,2022-08-05 10:00:24,hsrhi,hsrhi,hou-hsrhi-tracer-vol,8.080444,204.51599,0.7800293,182.99927,0.0,109900.0,114.5159912109375,20000.0,16.206282,20,5,0,0,0,0,180
349,2022-08-05 10:05:07,hsrhi,hsrhi,hou-hsrhi-tracer-anc,63.078003,63.099976,0.7800293,178.76953,0.0,109900.0,63.0999755859375,1500.0,18.743042,3,2,0,0,0,0,20
350,2022-08-05 10:05:59,ppi,ppi,hou-ppi-tracer,0.5218506,359.56055,0.38452148,3.1091309,0.0,109900.0,130.5780029296875,93600.0,46.320034,1222,1220,148,0,701,7,1222
351,2022-08-05 10:07:58,vpt,vpt,hou-vpt-tracer,0.5218506,359.54132,89.6814,90.05493,0.0,19900.0,88.5662841796875,1800.0,0.9620743,13,0,0,0,0,0,135
352,2022-08-05 10:10:16,hsrhi,hsrhi,hou-hsrhi-tracer-vol,54.44275,204.62585,0.7800293,182.99927,0.0,109900.0,84.4793701171875,106400.0,23.224663,25,7,0,0,0,0,185
353,2022-08-05 10:14:55,hsrhi,hsrhi,hou-hsrhi-tracer-anc,63.078003,63.099976,0.7800293,178.7915,0.0,109900.0,63.0999755859375,1200.0,-2.3324509,0,0,0,0,0,0,24
354,2022-08-05 10:15:48,ppi,ppi,hou-ppi-tracer,0.5548096,359.58527,0.38452148,3.1091309,0.0,109900.0,128.5784912109375,90800.0,50.044147,2328,2310,250,1,1511,18,2330
355,2022-08-05 10:17:46,vpt,vpt,hou-vpt-tracer,0.54382324,359.5633,89.61548,90.06592,0.0,19900.0,135.5218505859375,2000.0,1.7304688,35,0,0,0,0,0,133
356,2022-08-05 10:20:27,hsrhi,hsrhi,hou-hsrhi-tracer-vol,54.486694,114.51599,0.7800293,182.99927,0.0,109900.0,114.5159912109375,27300.0,23.835693,29,11,0,0,0,0,141
357,2022-08-05 10:30:14,hsrhi,hsrhi,hou-hsrhi-tracer-vol,54.46472,204.63684,0.7800293,183.01025,0.0,109900.0,114.5159912109375,34000.0,26.661537,41,26,0,0,0,0,197
358,2022-08-05 10:34:54,hsrhi,hsrhi,hou-hsrhi-tracer-anc,63.078003,63.099976,0.7800293,178.78052,0.0,109900.0,63.0999755859375,1200.0,-0.84023094,0,0,0,0,0,0,17
359,2022-08-05 10:35:46,ppi,ppi,hou-ppi-tracer,0.5218506,359.5633,0.38452148,3.0651855,0.0,109900.0,120.5364990234375,88700.0,48.227253,3180,3129,616,0,2284,151,3188
360,2022-08-05 10:37:46,vpt,vpt,hou-vpt-tracer,0.5548096,359.58527,89.69238,90.05493,0.0,19900.0,23.5601806640625,1500.0,3.844883,21,0,0,0,0,0,42
361,2022-08-05 10:40:29,hsrhi,hsrhi,hou-hsrhi-tracer-vol,54.46472,204.51599,0.7800293,182.99927,0.0,109900.0,144.4866943359375,80200.0,24.332476,21,7,0,0,0,0,179
362,2022-08-05 10:45:11,hsrhi,hsrhi,hou-hsrhi-tracer-anc,63.078003,63.099976,0.7910156,178.76953,0.0,109900.0,63.0999755859375,1200.0,-5.0553455,0,0,0,0,0,0,21
363,2022-08-05 10:46:03,ppi,ppi,hou-ppi-tracer,0.54107666,359.58527,0.38452148,3.1091309,0.0,109900.0,120.5584716796875,87200.0,52.28607,4039,3970,730,5,2828,83,4045
364,2022-08-05 10:48:02,vpt,vpt,hou-vpt-tracer,0.54382324,359.53033,89.7583,90.05493,0.0,19900.0,156.5277099609375,700.0,-0.6838608,0,0,0,0,0,0,3
365,2022-08-05 10:50:13,hsrhi,hsrhi,hou-hsrhi-tracer-vol,54.46472,204.51599,0.7800293,183.02124,0.0,109900.0,144.4866943359375,80800.0,20.166828,23,10,0,0,10,0,174
366,2022-08-05 10:54:54,hsrhi,hsrhi,hou-hsrhi-tracer-anc,63.078003,63.099976,0.7800293,178.76953,0.0,109900.0,63.0999755859375,1200.0,2.0786648,2,0,0,0,0,0,22
367,2022-08-05 10:55:46,ppi,ppi,hou-ppi-tracer,0.5657959,359.58527,0.38452148,3.0871582,0.0,109900.0,120.5145263671875,85400.0,44.219948,4100,4066,571,0,2695,4,4101
368,2022-08-05 10:57:45,vpt,vpt,hou-vpt-tracer,0.5218506,359.50836,89.6814,90.05493,0.0,19900.0,,,,0,0,0,0,0,0,0
369,2022-08-05 11:00:29,hsrhi,hsrhi,hou-hsrhi-tracer-vol,54.46472,204.51599,0.7800293,182.99927,0.0,109900.0,144.4866943359375,80000.0,24.552132,87,74,0,0,37,0,219
370,2022-08-05 11:05:10,hsrhi,hsrhi,hou-hsrhi-tracer-anc,63.078003,63.099976,0.7800293,178.78052,0.0,109900.0,63.0999755859375,1200.0,-1.0185719,0,0,0,0,0,0,15
371,2022-08-05 11:06:03,ppi,ppi,hou-ppi-tracer,0.5657959,359.54132,0.3955078,3.0871582,0.0,109900.0,120.5364990234375,84800.0,47.196766,4341,4205,497,0,2087,57,4410
372,2022-08-05 11:08:01,vpt,vpt,hou-vpt-tracer,0.58776855,359.59625,89.7583,90.05493,0.0,19900.0,,,,0,0,0,0,0,0,0
373,2022-08-05 11:10:13,hsrhi,hsrhi,hou-hsrhi-tracer-vol,54.46472,204.64783,0.7800293,183.02124,0.0,109900.0,114.5159912109375,84500.0,44.011375,315,277,28,0,208,0,459
374,2022-08-05 11:14:55,hsrhi,hsrhi,hou-hsrhi-tracer-anc,63.078003,63.099976,0.7800293,178.76953,0.0,109900.0,63.0999755859375,1200.0,-3.405775,0,0,0,0,0,0,15
375,2022-08-05 11:15:47,ppi,ppi,hou-ppi-tracer,0.5218506,359.58527,0.38452148,3.0871582,0.0,109900.0,113.5382080078125,84600.0,47.75649,5166,5109,860,0,1900,14,5198
376,2022-08-05 11:17:46,vpt,vpt,hou-vpt-tracer,0.54107666,359.5166,89.69238,90.05493,0.0,19900.0,113.5491943359375,600.0,-14.278532,0,0,0,0,0,0,3
377,2022-08-05 11:20:28,hsrhi,hsrhi,hou-hsrhi-tracer-vol,54.46472,204.51599,0.7800293,183.01025,0.0,109900.0,114.5159912109375,83600.0,48.76894,813,762,165,0,486,4,973
378,2022-08-05 11:25:11,hsrhi,hsrhi,hou-hsrhi-tracer-anc,63.078003,63.099976,0.7800293,178.76953,0.0,109900.0,63.0999755859375,1200.0,-0.64749336,0,0,0,0,0,0,19
379,2022-08-05 11:26:03,ppi,ppi,hou-ppi-tracer,0.519104,359.5633,0.38452148,3.0651855,0.0,109900.0,112.5823974609375,82600.0,49.192253,5861,5807,527,0,1797,0,5868
380,2022-08-05 11:28:02,vpt,vpt,hou-vpt-tracer,0.5548096,359.5633,89.69238,90.05493,0.0,19900.0,138.5540771484375,800.0,-7.260647,0,0,0,0,0,0,2
381,2022-08-05 11:40:13,hsrhi,hsrhi,hou-hsrhi-tracer-vol,54.486694,204.62585,0.7800293,183.02124,0.0,109900.0,114.5159912109375,77900.0,43.222992,1691,1615,436,0,1448,0,1811
382,2022-08-05 11:44:54,hsrhi,hsrhi,hou-hsrhi-tracer-anc,63.05603,63.099976,0.7800293,178.76953,0.0,109900.0,63.0999755859375,1200.0,-10.215132,0,0,0,0,0,0,10
383,2022-08-05 11:45:46,ppi,ppi,hou-ppi-tracer,0.5218506,359.5523,0.38452148,3.0871582,0.0,109900.0,105.5181884765625,81900.0,51.728436,7421,7231,1399,9,1411,0,7422
384,2022-08-05 11:47:45,vpt,vpt,hou-vpt-tracer,0.5657959,359.54132,89.70337,90.05493,0.0,19900.0,289.56939697265625,700.0,2.000618,1,0,0,0,0,0,1
385,2022-08-05 11:50:29,hsrhi,hsrhi,hou-hsrhi-tracer-vol,54.46472,204.51599,0.76904297,183.01025,0.0,109900.0,114.5159912109375,73100.0,38.14606,1641,1618,106,0,1374,0,1748
386,2022-08-05 11:55:11,hsrhi,hsrhi,hou-hsrhi-tracer-anc,63.078003,63.099976,0.7800293,178.76953,0.0,109900.0,63.0999755859375,1200.0,-8.094831,0,0,0,0,0,0,12
387,2022-08-05 11:56:03,ppi,ppi,hou-ppi-tracer,0.58776855,359.57428,0.38452148,3.1091309,0.0,109900.0,94.5428466796875,46100.0,49.070633,10248,10193,3201,0,633,0,10248
388,2022-08-05 11:58:02,vpt,vpt,hou-vpt-tracer,0.5328369,359.5633,89.69238,90.05493,0.0,19900.0,120.5694580078125,700.0,3.7766075,5,0,0,0,0,0,73
389,2022-08-05 12:00:13,hsrhi,hsrhi,hou-hsrhi-tracer-vol,54.475708,204.62585,0.7800293,182.99927,0.0,109900.0,114.5159912109375,82300.0,36.894043,1615,1602,35,0,1274,0,1706
390,2022-08-05 12:04:29,hsrhi,hsrhi,hou-hsrhi-tracer-anc,63.078003,63.099976,0.7800293,178.76953,0.0,109900.0,63.0999755859375,1200.0,-1.1408672,0,0,0,0,0,0,13
391,2022-08-05 12:05:21,ppi,ppi,hou-ppi-tracer,0.54107666,359.5633,0.38452148,3.0871582,0.0,109900.0,91.5545654296875,48500.0,48.859135,12256,12198,2669,0,512,0,12256
392,2022-08-05 12:07:20,vpt,vpt,hou-vpt-tracer,0.5548096,359.54132,89.69238,90.05493,0.0,19900.0,253.6029052734375,800.0,-3.0853405,0,0,0,0,0,0,72
393,2022-08-05 12:10:18,hsrhi,hsrhi,hou-hsrhi-tracer-vol,54.486694,204.51599,0.7800293,183.01025,0.0,109900.0,84.4793701171875,52300.0,50.51124,1621,1593,129,4,1219,0,1721
394,2022-08-05 12:14:58,hsrhi,hsrhi,hou-hsrhi-tracer-anc,63.078003,63.099976,0.80200195,178.7915,0.0,109900.0,63.0999755859375,1200.0,-6.272991,0,0,0,0,0,0,3
395,2022-08-05 12:15:50,ppi,ppi,hou-ppi-tracer,0.5218506,359.54132,0.38452148,3.0651855,0.0,109900.0,92.5433349609375,48000.0,49.08054,11897,11821,1502,0,213,0,11897
396,2022-08-05 12:17:49,vpt,vpt,hou-vpt-tracer,0.54107666,359.5166,89.69238,90.05493,0.0,19900.0,268.53057861328125,1200.0,10.895683,12,5,0,0,0,0,30
397,2022-08-05 12:20:25,hsrhi,hsrhi,hou-hsrhi-tracer-vol,54.46472,204.51599,0.7800293,182.99927,0.0,109900.0,84.4793701171875,52200.0,51.0478,1933,1876,221,4,1594,0,2095
398,2022-08-05 12:25:08,hsrhi,hsrhi,hou-hsrhi-tracer-anc,63.078003,63.099976,0.80200195,178.78052,0.0,109900.0,63.0999755859375,1500.0,-14.080782,0,0,0,0,0,0,5
399,2022-08-05 12:26:00,ppi,ppi,hou-ppi-tracer,0.5548096,359.58527,0.38452148,3.0871582,0.0,109900.0,85.5450439453125,50900.0,46.71815,8763,8684,652,0,262,0,8763
400,2022-08-05 12:28:00,vpt,vpt,hou-vpt-tracer,0.5987549,359.5523,89.69238,90.05493,0.0,19900.0,336.52496337890625,1800.0,2.4942513,2,0,0,0,0,0,46
401,2022-08-05 12:30:15,hsrhi,hsrhi,hou-hsrhi-tracer-vol,54.486694,204.61487,0.7800293,182.99927,0.0,109900.0,84.4793701171875,48600.0,47.43773,2669,2481,404,0,1784,0,2842
402,2022-08-05 12:34:56,hsrhi,hsrhi,hou-hsrhi-tracer-anc,63.078003,63.099976,0.7800293,178.76953,0.0,109900.0,63.0999755859375,1500.0,5.3645706,4,0,0,0,0,0,17
403,2022-08-05 12:35:48,ppi,ppi,hou-ppi-tracer,0.5218506,359.5633,0.38452148,3.0651855,0.0,109900.0,84.5782470703125,52000.0,44.27284,6069,5984,519,0,117,0,6069
404,2022-08-05 12:37:47,vpt,vpt,hou-vpt-tracer,0.54107666,359.5166,89.69238,90.05493,0.0,19900.0,248.5601806640625,600.0,3.5342216,9,0,0,0,0,0,45
405,2022-08-05 12:40:27,hsrhi,hsrhi,hou-hsrhi-tracer-vol,54.46472,204.51599,0.7800293,182.99927,0.0,109900.0,84.4793701171875,47400.0,44.853172,3034,2897,562,0,1728,0,3122
406,2022-08-05 12:45:10,hsrhi,hsrhi,hou-hsrhi-tracer-anc,63.078003,63.099976,0.7800293,178.76953,0.0,109900.0,63.0999755859375,1200.0,21.25689,4,3,0,0,0,0,10
407,2022-08-05 12:46:02,ppi,ppi,hou-ppi-tracer,0.51086426,359.5523,0.38452148,3.0651855,0.0,109900.0,79.5684814453125,52900.0,44.156036,5559,5492,255,0,294,0,5565
408,2022-08-05 12:48:01,vpt,vpt,hou-vpt-tracer,0.5987549,359.5523,89.70337,90.05493,0.0,19900.0,328.50494384765625,1100.0,9.356701,4,0,0,0,0,0,48
409,2022-08-05 12:50:13,hsrhi,hsrhi,hou-hsrhi-tracer-vol,54.46472,204.62585,0.7800293,183.02124,0.0,109900.0,84.4793701171875,47500.0,39.185123,3847,3514,70,0,2594,0,3951
410,2022-08-05 12:54:54,hsrhi,hsrhi,hou-hsrhi-tracer-anc,63.078003,63.099976,0.7800293,178.78052,0.0,109900.0,63.0999755859375,2000.0,20.457485,6,2,0,0,0,0,21
411,2022-08-05 12:55:46,ppi,ppi,hou-ppi-tracer,0.552063,359.58527,0.38452148,3.0651855,0.0,109900.0,82.5787353515625,47100.0,42.49613,4082,4002,299,0,241,0,4085
412,2022-08-05 12:57:45,vpt,vpt,hou-vpt-tracer,0.5548096,359.58527,89.69238,90.05493,0.0,19900.0,241.5618896484375,1000.0,-1.6710472,0,0,0,0,0,0,26
413,2022-08-05 13:00:29,hsrhi,hsrhi,hou-hsrhi-tracer-vol,54.44275,204.63684,0.7800293,183.02124,0.0,109900.0,84.4793701171875,44500.0,38.237144,2911,2574,106,0,1837,0,3052
414,2022-08-05 13:05:10,hsrhi,hsrhi,hou-hsrhi-tracer-anc,63.078003,63.099976,0.7800293,178.76953,0.0,109900.0,63.0999755859375,1200.0,14.529877,6,2,0,0,0,0,29
415,2022-08-05 13:06:02,ppi,ppi,hou-ppi-tracer,0.5548096,359.5633,0.38452148,3.0651855,0.0,109900.0,89.5440673828125,104800.0,40.865135,3517,3413,112,0,655,0,3518
416,2022-08-05 13:08:01,vpt,vpt,hou-vpt-tracer,0.5218506,359.53033,89.70337,90.05493,0.0,19900.0,182.5762939453125,1200.0,14.524406,47,11,0,0,0,0,59
417,2022-08-05 13:10:13,hsrhi,hsrhi,hou-hsrhi-tracer-vol,54.46472,204.51599,0.7800293,183.02124,0.0,109900.0,84.4793701171875,38700.0,30.640263,3114,2803,1,0,1813,0,3262
418,2022-08-05 13:14:55,hsrhi,hsrhi,hou-hsrhi-tracer-anc,63.078003,63.099976,0.7800293,178.75854,0.0,109900.0,63.0999755859375,2300.0,10.393681,4,1,0,0,0,0,29
419,2022-08-05 13:15:48,ppi,ppi,hou-ppi-tracer,0.51086426,359.5523,0.38452148,3.0871582,0.0,109900.0,88.5333251953125,106900.0,37.321335,2215,2014,60,0,128,0,2215
420,2022-08-05 13:17:46,vpt,vpt,hou-vpt-tracer,0.54107666,359.5276,89.69238,90.05493,0.0,19900.0,89.5770263671875,1800.0,20.86034,100,39,0,0,0,0,139
421,2022-08-05 13:20:27,hsrhi,hsrhi,hou-hsrhi-tracer-vol,54.46472,204.64783,0.7800293,183.02124,0.0,109900.0,114.5159912109375,56700.0,29.402534,1563,1081,0,0,614,0,1783
422,2022-08-05 13:25:08,hsrhi,hsrhi,hou-hsrhi-tracer-anc,63.078003,63.099976,0.76904297,178.76953,0.0,109900.0,63.0999755859375,2100.0,14.404242,17,4,0,0,0,0,59
423,2022-08-05 13:26:00,ppi,ppi,hou-ppi-tracer,0.54382324,359.5633,0.38452148,3.0871582,0.0,109900.0,74.5477294921875,57800.0,42.76801,2147,2056,118,0,180,0,2147
424,2022-08-05 13:27:59,vpt,vpt,hou-vpt-tracer,0.5767822,359.5633,89.69238,90.05493,0.0,19900.0,352.56500244140625,2000.0,10.508171,76,5,0,0,0,0,201
425,2022-08-05 13:30:15,hsrhi,hsrhi,hou-hsrhi-tracer-vol,54.486694,204.64783,0.7800293,183.02124,0.0,109900.0,84.4793701171875,24700.0,32.999977,755,532,9,0,245,0,976
426,2022-08-05 13:34:55,hsrhi,hsrhi,hou-hsrhi-tracer-anc,63.078003,63.099976,0.7800293,178.76953,0.0,109900.0,63.0999755859375,800.0,21.080704,20,6,0,0,0,0,60
427,2022-08-05 13:35:47,ppi,ppi,hou-ppi-tracer,0.5328369,359.60724,0.38452148,3.0651855,0.0,109900.0,75.6024169921875,53000.0,38.414253,3383,3333,127,0,1386,0,3383
428,2022-08-05 13:37:46,vpt,vpt,hou-vpt-tracer,0.58776855,359.5633,89.70337,90.05493,0.0,19900.0,347.57720947265625,2200.0,19.446793,72,39,0,0,0,0,221
429,2022-08-05 13:40:28,hsrhi,hsrhi,hou-hsrhi-tracer-vol,54.46472,204.51599,0.7800293,183.02124,0.0,109900.0,84.4793701171875,19300.0,34.831436,893,645,13,0,175,0,1168
430,2022-08-05 13:45:08,hsrhi,hsrhi,hou-hsrhi-tracer-anc,63.078003,63.099976,0.7800293,178.78052,0.0,109900.0,63.0999755859375,2200.0,17.35091,70,14,0,0,2,0,131
431,2022-08-05 13:46:00,ppi,ppi,hou-ppi-tracer,0.519104,359.5633,0.38452148,3.0871582,0.0,109900.0,163.5150146484375,104400.0,38.43328,3878,3683,64,0,1290,0,3878
432,2022-08-05 13:47:59,vpt,vpt,hou-vpt-tracer,0.54382324,359.57428,89.70337,90.05493,0.0,19900.0,199.5062255859375,2300.0,20.577682,158,83,0,0,0,0,298
433,2022-08-05 13:50:15,hsrhi,hsrhi,hou-hsrhi-tracer-vol,54.486694,204.51599,0.7800293,183.02124,0.0,109900.0,84.4793701171875,14200.0,23.992176,872,176,0,0,2,0,1405
434,2022-08-05 13:54:57,hsrhi,hsrhi,hou-hsrhi-tracer-anc,63.078003,63.099976,0.7800293,178.7915,0.0,109900.0,63.0999755859375,2400.0,15.279211,100,13,0,0,6,0,153
435,2022-08-05 13:55:50,ppi,ppi,hou-ppi-tracer,0.5218506,359.57428,0.38452148,3.0871582,0.0,109900.0,98.5198974609375,95300.0,37.633263,1563,1540,103,0,688,0,1563
436,2022-08-05 13:57:48,vpt,vpt,hou-vpt-tracer,0.5657959,359.54132,89.69238,90.05493,0.0,19900.0,147.5848388671875,1300.0,28.059769,227,97,0,0,0,0,372
437,2022-08-05 14:00:24,hsrhi,hsrhi,hou-hsrhi-tracer-vol,54.46472,204.51599,0.76904297,183.02124,0.0,109900.0,114.5159912109375,40400.0,27.591755,150,74,0,0,6,0,418
438,2022-08-05 14:05:04,hsrhi,hsrhi,hou-hsrhi-tracer-anc,63.078003,63.099976,0.7800293,178.76953,0.0,109900.0,63.0780029296875,42200.0,19.459148,71,34,0,0,27,0,120
439,2022-08-05 14:05:57,ppi,ppi,hou-ppi-tracer,0.54382324,359.58527,0.38452148,3.0651855,0.0,109900.0,129.5672607421875,51400.0,43.066235,1356,1353,155,0,702,0,1356
440,2022-08-05 14:07:55,vpt,vpt,hou-vpt-tracer,0.51086426,359.50836,89.6814,90.05493,0.0,19900.0,308.55377197265625,1400.0,27.864048,278,178,0,0,0,0,400
441,2022-08-05 14:10:18,hsrhi,hsrhi,hou-hsrhi-tracer-vol,54.46472,204.62585,0.7910156,182.99927,0.0,109900.0,114.5159912109375,43100.0,40.106625,351,261,41,0,13,0,576
442,2022-08-05 14:14:59,hsrhi,hsrhi,hou-hsrhi-tracer-anc,63.078003,63.099976,0.7800293,178.78052,0.0,109900.0,63.0999755859375,2300.0,18.753769,53,23,0,0,16,0,92
443,2022-08-05 14:15:52,ppi,ppi,hou-ppi-tracer,0.5218506,359.58527,0.38452148,3.0871582,0.0,109900.0,118.5479736328125,41200.0,47.027874,2993,2934,482,0,913,0,2993
444,2022-08-05 14:17:50,vpt,vpt,hou-vpt-tracer,0.54382324,359.5633,89.69238,90.05493,0.0,19900.0,69.5599365234375,1500.0,20.310421,291,118,0,0,0,0,407
445,2022-08-05 14:20:23,hsrhi,hsrhi,hou-hsrhi-tracer-vol,54.46472,204.62585,0.7800293,183.02124,0.0,109900.0,114.5159912109375,40600.0,35.09447,716,561,20,0,8,0,964
446,2022-08-05 14:25:05,hsrhi,hsrhi,hou-hsrhi-tracer-anc,63.078003,63.099976,0.7800293,178.76953,0.0,109900.0,63.0780029296875,32300.0,24.510277,194,135,0,0,18,0,253
447,2022-08-05 14:25:57,ppi,ppi,hou-ppi-tracer,0.5218506,359.5523,0.3955078,3.043213,0.0,109900.0,132.5225830078125,46700.0,51.02254,4500,4410,988,1,1304,0,4500
448,2022-08-05 14:27:56,vpt,vpt,hou-vpt-tracer,0.5987549,359.5633,89.70337,90.05493,0.0,19900.0,138.5650634765625,2200.0,19.097353,42,17,0,0,0,0,104
449,2022-08-05 14:30:18,hsrhi,hsrhi,hou-hsrhi-tracer-vol,54.46472,204.64783,0.7800293,183.02124,0.0,109900.0,144.4866943359375,45600.0,51.19739,1019,739,90,1,107,0,1361
450,2022-08-05 14:34:59,hsrhi,hsrhi,hou-hsrhi-tracer-anc,63.078003,63.099976,0.7800293,178.76953,0.0,109900.0,63.0999755859375,3100.0,20.202778,225,128,0,0,0,0,305
451,2022-08-05 14:35:52,ppi,ppi,hou-ppi-tracer,0.5218506,359.5523,0.38452148,3.1091309,0.0,109900.0,130.5560302734375,38000.0,55.58143,6058,5887,1712,2,1123,0,6058
452,2022-08-05 14:37:50,vpt,vpt,hou-vpt-tracer,0.5657959,359.54132,89.69238,90.05493,0.0,19900.0,332.56988525390625,2400.0,18.398014,144,68,0,0,0,0,250
453,2022-08-05 14:40:22,hsrhi,hsrhi,hou-hsrhi-tracer-vol,54.46472,204.51599,0.7800293,182.99927,0.0,109900.0,144.4866943359375,46900.0,49.64787,1928,1651,223,0,743,0,2274
454,2022-08-05 14:45:04,hsrhi,hsrhi,hou-hsrhi-tracer-anc,63.078003,63.099976,0.7800293,178.76953,0.0,109900.0,63.0999755859375,2000.0,19.174328,155,40,0,0,0,0,286
455,2022-08-05 14:45:57,ppi,ppi,hou-ppi-tracer,0.5218506,359.57428,0.38452148,3.0651855,0.0,109900.0,109.5611572265625,45200.0,54.09522,9793,9710,3202,4,1422,0,9793
456,2022-08-05 14:47:55,vpt,vpt,hou-vpt-tracer,0.5328369,359.5633,89.70337,90.05493,0.0,19900.0,171.5899658203125,2000.0,21.772625,224,71,0,0,0,0,353
457,2022-08-05 14:50:17,hsrhi,hsrhi,hou-hsrhi-tracer-vol,54.486694,204.62585,0.7800293,183.02124,0.0,109900.0,144.4866943359375,42700.0,46.64482,3004,2460,475,0,1007,9,4181
458,2022-08-05 14:54:57,hsrhi,hsrhi,hou-hsrhi-tracer-anc,63.078003,63.099976,0.7800293,178.76953,0.0,109900.0,63.0780029296875,59300.0,27.082245,102,50,0,0,27,0,338
459,2022-08-05 14:55:50,ppi,ppi,hou-ppi-tracer,0.54382324,359.5633,0.38452148,3.0651855,0.0,109900.0,109.5831298828125,41200.0,54.445915,12083,11989,4533,30,656,0,12084
460,2022-08-05 14:57:48,vpt,vpt,hou-vpt-tracer,0.5218506,359.5523,89.67041,90.05493,0.0,19900.0,139.5318603515625,2300.0,24.316387,291,96,0,0,0,0,550
461,2022-08-05 15:00:25,hsrhi,hsrhi,hou-hsrhi-tracer-vol,54.44275,204.64783,0.7800293,183.02124,0.0,109900.0,114.5159912109375,42000.0,51.597458,8323,7349,1245,14,3966,37,9725
462,2022-08-05 15:05:06,hsrhi,hsrhi,hou-hsrhi-tracer-anc,63.078003,63.099976,0.80200195,178.76953,0.0,109900.0,63.0780029296875,56300.0,35.767014,290,223,16,0,55,0,675
463,2022-08-05 15:05:59,ppi,ppi,hou-ppi-tracer,0.5218506,359.58527,0.38452148,3.043213,0.0,109900.0,118.5369873046875,37800.0,53.427063,14814,14663,5996,18,763,0,14815
464,2022-08-05 15:07:57,vpt,vpt,hou-vpt-tracer,0.58776855,359.59625,89.69238,90.05493,0.0,19900.0,251.5484619140625,2300.0,23.184542,335,127,0,0,0,0,629
465,2022-08-05 15:10:15,hsrhi,hsrhi,hou-hsrhi-tracer-vol,54.486694,204.64783,0.7800293,183.02124,0.0,109900.0,114.5159912109375,41800.0,50.559402,12959,11338,2571,3,6521,40,16295
466,2022-08-05 15:14:55,hsrhi,hsrhi,hou-hsrhi-tracer-anc,63.078003,63.099976,0.80200195,178.76953,0.0,109900.0,63.0780029296875,70400.0,37.343105,194,111,18,0,14,0,699
467,2022-08-05 15:15:47,ppi,ppi,hou-ppi-tracer,0.5328369,359.5523,0.38452148,3.0871582,0.0,109900.0,139.5428466796875,45300.0,52.450634,17465,17269,5710,14,66,0,17465
468,2022-08-05 15:17:46,vpt,vpt,hou-vpt-tracer,0.5987549,359.5633,89.69238,90.05493,0.0,19900.0,140.5426025390625,2200.0,17.577797,368,125,0,0,0,0,717
469,2022-08-05 15:20:28,hsrhi,hsrhi,hou-hsrhi-tracer-vol,54.44275,204.62585,0.7800293,183.02124,0.0,109900.0,114.5159912109375,37900.0,46.46279,19554,16707,2071,0,8399,0,22392
470,2022-08-05 15:25:10,hsrhi,hsrhi,hou-hsrhi-tracer-anc,63.078003,63.099976,0.7910156,178.78052,0.0,109900.0,63.0780029296875,82000.0,31.340134,127,59,1,0,5,0,537
471,2022-08-05 15:26:02,ppi,ppi,hou-ppi-tracer,0.5328369,359.59625,0.38452148,3.0651855,0.0,109900.0,90.5328369140625,46100.0,55.172207,22434,22112,8086,13,4,0,22437
472,2022-08-05 15:28:01,vpt,vpt,hou-vpt-tracer,0.5548096,359.57428,89.70337,90.05493,0.0,19900.0,165.5584716796875,2900.0,22.124876,584,262,0,0,0,0,965
473,2022-08-05 15:30:13,hsrhi,hsrhi,hou-hsrhi-tracer-vol,54.46472,204.64783,0.7800293,183.01025,0.0,109900.0,174.539794921875,44300.0,49.80304,27044,22173,2598,0,11491,13,28961
474,2022-08-05 15:34:56,hsrhi,hsrhi,hou-hsrhi-tracer-anc,63.078003,63.099976,0.7800293,178.7915,0.0,109900.0,63.0780029296875,108600.0,42.143265,586,262,26,0,128,6,1124
475,2022-08-05 15:35:48,ppi,ppi,hou-ppi-tracer,0.5657959,359.5523,0.38452148,3.0651855,0.0,109900.0,96.5423583984375,43300.0,53.577858,26381,25672,7764,24,12,0,26393
476,2022-08-05 15:37:47,vpt,vpt,hou-vpt-tracer,0.5218506,359.54132,89.69238,90.05493,0.0,19900.0,148.5186767578125,2300.0,23.180588,2296,140,0,0,9,0,3866
477,2022-08-05 15:40:26,hsrhi,hsrhi,hou-hsrhi-tracer-vol,54.46472,204.51599,0.7800293,182.99927,0.0,109900.0,114.5159912109375,29200.0,52.027588,41777,30957,2183,4,16790,63,46461
478,2022-08-05 15:45:09,hsrhi,hsrhi,hou-hsrhi-tracer-anc,63.078003,63.099976,0.7910156,178.76953,0.0,109900.0,63.0780029296875,66400.0,39.897717,3126,1549,93,0,1179,0,4619
479,2022-08-05 15:46:01,ppi,ppi,hou-ppi-tracer,0.57403564,359.57428,0.38452148,3.0651855,0.0,109900.0,103.5736083984375,32400.0,53.98178,34925,33828,9852,22,3,0,34970
480,2022-08-05 15:48:00,vpt,vpt,hou-vpt-tracer,0.552063,359.54956,89.70337,90.05493,0.0,19900.0,130.5780029296875,2700.0,20.327227,1502,57,0,0,2,0,4471
481,2022-08-05 15:50:14,hsrhi,hsrhi,hou-hsrhi-tracer-vol,54.46472,204.62585,0.7800293,183.02124,0.0,109900.0,114.5159912109375,28800.0,50.98565,68950,50889,3281,3,25386,47,75525
482,2022-08-05 15:54:55,hsrhi,hsrhi,hou-hsrhi-tracer-anc,63.078003,63.099976,0.7800293,178.7915,0.0,109900.0,63.0780029296875,109600.0,47.609905,8297,5624,749,0,2784,14,9552
483,2022-08-05 15:55:47,ppi,ppi,hou-ppi-tracer,0.5328369,359.5633,0.38452148,3.0651855,0.0,109900.0,56.5081787109375,63900.0,53.066704,43799,42156,14071,25,7,0,43936
484,2022-08-05 15:57:46,vpt,vpt,hou-vpt-tracer,0.5657959,359.54132,89.70337,90.05493,0.0,19900.0,105.5511474609375,1800.0,24.84852,15704,11105,0,0,4029,0,17091
485,2022-08-05 16:00:28,hsrhi,hsrhi,hou-hsrhi-tracer-vol,54.46472,204.64783,0.7800293,183.01025,0.0,109900.0,204.4720458984375,4000.0,58.05336,88943,68860,8570,47,29120,180,92647
486,2022-08-05 16:05:09,hsrhi,hsrhi,hou-hsrhi-tracer-anc,63.078003,63.099976,0.7800293,178.76953,0.0,109900.0,63.0999755859375,4100.0,53.445213,15739,13538,3364,19,4446,89,16045
487,2022-08-05 16:06:02,ppi,ppi,hou-ppi-tracer,0.519104,359.54132,0.38452148,3.0651855,0.0,109900.0,162.5811767578125,15300.0,52.775517,59225,55949,19024,20,10,0,59291
488,2022-08-05 16:08:22,ppi,ppi,hou-ppi-cell-track-25-deg,82.578735,97.662964,2.9992676,18.006592,0.0,109900.0,87.14630126953125,32800.0,53.056557,26217,24927,8526,39,8465,146,26230
489,2022-08-05 16:08:53,rhi,rhi,hou-rhi-cell-track-25-deg,90.03845,90.03845,0.6591797,24.389648,0.0,109900.0,90.0384521484375,36200.0,50.736053,13757,13130,2895,3,7391,4,13766
490,2022-08-05 16:09:10,rhi,rhi,hou-rhi-cell-track-25-deg,90.060425,90.060425,0.6591797,24.433594,0.0,109900.0,90.0604248046875,36200.0,49.907936,13631,12946,2686,0,7114,0,13642
491,2022-08-05 16:09:30,rhi,rhi,hou-rhi-cell-track-25-deg,83.4906,83.4906,0.64819336,24.400635,0.0,109900.0,83.4906005859375,33600.0,53.93095,9982,9327,2582,4,5243,58,9996
492,2022-08-05 16:09:49,rhi,rhi,hou-rhi-cell-track-25-deg,86.5448,86.5448,0.6591797,24.411621,0.0,109900.0,86.5447998046875,33300.0,54.906,11090,10325,2624,25,6333,124,11099
493,2022-08-05 16:10:03,ppi,ppi,hou-ppi-cell-track-25-deg,82.42218,97.67395,2.9992676,18.006592,0.0,109900.0,84.39971923828125,37000.0,54.60022,27570,26313,7914,13,8231,183,27608
494,2022-08-05 16:10:34,rhi,rhi,hou-rhi-cell-track-25-deg,89.99451,90.03845,0.6591797,24.411621,0.0,109900.0,90.0164794921875,34400.0,48.527527,11865,11094,1851,0,5588,0,11870
495,2022-08-05 16:10:49,rhi,rhi,hou-rhi-cell-track-25-deg,90.060425,90.060425,0.63720703,24.422607,0.0,109900.0,90.0604248046875,34900.0,47.433094,11499,10677,1717,0,5280,0,11512
496,2022-08-05 16:11:06,rhi,rhi,hou-rhi-cell-track-25-deg,83.534546,83.55652,0.68115234,24.433594,0.0,109900.0,83.5345458984375,35400.0,49.53854,8840,8283,2027,0,4165,9,8845
497,2022-08-05 16:11:25,rhi,rhi,hou-rhi-cell-track-25-deg,84.781494,84.781494,0.63720703,24.389648,0.0,109900.0,84.781494140625,32300.0,50.969868,9800,9299,2365,3,4833,39,9802
498,2022-08-05 16:11:43,ppi,ppi,hou-ppi-cell-track-25-deg,82.42218,97.56409,3.0212402,17.98462,0.0,109900.0,85.16876220703125,37100.0,63.942917,27402,26308,8157,29,7292,196,27426
499,2022-08-05 16:12:14,rhi,rhi,hou-rhi-cell-track-25-deg,90.03845,90.04944,0.670166,24.411621,0.0,109900.0,90.0384521484375,31800.0,48.43829,14149,13583,2359,0,6760,3,14157
500,2022-08-05 16:12:31,rhi,rhi,hou-rhi-cell-track-25-deg,90.060425,90.060425,0.6591797,24.411621,0.0,109900.0,90.0604248046875,33100.0,48.562695,14260,13717,2445,0,6863,6,14265
501,2022-08-05 16:12:50,rhi,rhi,hou-rhi-cell-track-25-deg,84.781494,84.781494,0.64819336,24.411621,0.0,109900.0,84.781494140625,37300.0,60.320545,11596,11009,2896,14,6027,32,11607
502,2022-08-05 16:13:09,rhi,rhi,hou-rhi-cell-track-25-deg,84.54529,84.54529,0.63720703,24.389648,0.0,109900.0,84.5452880859375,35500.0,52.224857,11717,11174,2846,9,6060,20,11729
503,2022-08-05 16:13:21,ppi,ppi,hou-ppi-cell-track-25-deg,82.42218,97.67395,2.9992676,18.006592,0.0,109900.0,82.65289306640625,38200.0,57.57029,31126,29913,9259,27,8866,156,31153
504,2022-08-05 16:13:52,rhi,rhi,hou-rhi-cell-track-25-deg,90.03845,90.03845,0.6591797,24.411621,0.0,109900.0,90.0384521484375,29600.0,49.485153,15256,14653,2746,0,7180,17,15264
505,2022-08-05 16:14:12,rhi,rhi,hou-rhi-cell-track-25-deg,90.060425,90.060425,0.6591797,24.411621,0.0,109900.0,90.0604248046875,32200.0,47.734867,15346,14787,2739,0,7279,7,15362
506,2022-08-05 16:14:29,rhi,rhi,hou-rhi-cell-track-25-deg,85.81421,85.81421,0.6591797,24.411621,0.0,109900.0,85.814208984375,36300.0,54.02497,12735,12140,3159,15,6677,44,12749
507,2022-08-05 16:14:46,rhi,rhi,hou-rhi-cell-track-25-deg,88.54431,88.54431,0.6591797,24.411621,0.0,109900.0,88.5443115234375,31700.0,50.805573,16372,15757,4287,3,7945,3,16382
508,2022-08-05 16:15:03,ppi,ppi,hou-ppi-cell-track-25-deg,80.83191,95.861206,2.9992676,18.006592,0.0,109900.0,84.0838623046875,36900.0,59.488747,30138,28799,8921,24,9578,129,30175
509,2022-08-05 16:15:34,rhi,rhi,hou-rhi-cell-track-25-deg,88.27515,88.29712,0.670166,24.411621,0.0,109900.0,88.297119140625,37900.0,50.545513,16189,15583,4355,2,7409,2,16206
510,2022-08-05 16:15:51,rhi,rhi,hou-rhi-cell-track-25-deg,88.27515,88.27515,0.63720703,24.389648,0.0,109900.0,88.275146484375,31300.0,51.895264,16118,15508,4371,5,7222,3,16130
511,2022-08-05 16:16:10,rhi,rhi,hou-rhi-cell-track-25-deg,84.347534,84.36951,0.670166,24.411621,0.0,109900.0,84.3695068359375,34300.0,55.625854,13417,12671,3014,8,6827,1,13429
512,2022-08-05 16:16:29,rhi,rhi,hou-rhi-cell-track-25-deg,93.40027,93.42224,0.670166,24.433594,0.0,109900.0,93.4222412109375,42100.0,45.066868,15862,15227,2635,0,6667,0,15877
513,2022-08-05 16:16:41,ppi,ppi,hou-ppi-cell-track-25-deg,80.66437,95.82825,2.9992676,18.006592,0.0,109900.0,86.0833740234375,30800.0,51.567608,30414,29056,8769,21,8857,53,30461
514,2022-08-05 16:17:13,rhi,rhi,hou-rhi-cell-track-25-deg,88.27515,88.29712,0.670166,24.422607,0.0,109900.0,88.297119140625,37200.0,52.57181,16483,15903,4468,3,7308,1,16501
515,2022-08-05 16:17:29,rhi,rhi,hou-rhi-cell-track-25-deg,88.27515,88.27515,0.670166,24.389648,0.0,109900.0,88.275146484375,37500.0,50.891815,16689,16153,4526,1,7399,0,16703
516,2022-08-05 16:17:45,rhi,rhi,hou-rhi-cell-track-25-deg,84.852905,84.87488,0.63720703,24.389648,0.0,109900.0,84.8529052734375,36600.0,58.802715,14819,14105,3445,4,7404,2,14837
517,2022-08-05 16:18:06,rhi,rhi,hou-rhi-cell-track-25-deg,85.66589,85.66589,0.6591797,24.433594,0.0,109900.0,85.6658935546875,30700.0,51.24679,15072,14374,3613,4,7088,2,15098
518,2022-08-05 16:18:23,ppi,ppi,hou-ppi-cell-track-25-deg,80.83191,95.90515,2.9992676,18.006592,0.0,109900.0,85.92681884765625,30700.0,51.30285,31645,30315,9316,10,8745,11,31694
519,2022-08-05 16:18:54,rhi,rhi,hou-rhi-cell-track-25-deg,88.253174,88.253174,0.6591797,24.411621,0.0,109900.0,88.253173828125,36600.0,50.236305,17093,16479,4458,3,7326,0,17107
520,2022-08-05 16:19:10,rhi,rhi,hou-rhi-cell-track-25-deg,88.29712,88.31085,0.6591797,24.433594,0.0,109900.0,88.297119140625,33200.0,50.92006,17175,16529,4457,1,7193,0,17190
521,2022-08-05 16:19:29,rhi,rhi,hou-rhi-cell-track-25-deg,88.06091,88.082886,0.63720703,24.389648,0.0,109900.0,88.0609130859375,30300.0,49.696396,16843,16141,4403,0,6943,0,16869
522,2022-08-05 16:19:46,rhi,rhi,hou-rhi-cell-track-25-deg,93.83972,93.83972,0.63720703,24.389648,0.0,109900.0,93.8397216796875,56100.0,47.064056,17237,16074,2865,0,6656,0,17263
523,2022-08-05 16:20:02,ppi,ppi,hou-ppi-cell-track-25-deg,80.71106,95.83923,2.9992676,18.006592,0.0,109900.0,85.8306884765625,33500.0,52.57414,32145,30607,9551,12,8584,36,32243
524,2022-08-05 16:20:33,rhi,rhi,hou-rhi-cell-track-25-deg,88.27515,88.29712,0.6591797,24.389648,0.0,109900.0,88.297119140625,27900.0,49.3775,16875,16091,4460,0,6670,0,16889
525,2022-08-05 16:20:51,rhi,rhi,hou-rhi-cell-track-25-deg,88.27515,88.27515,0.670166,24.411621,0.0,109900.0,88.275146484375,28000.0,49.980827,16965,16197,4560,0,6602,3,16978
526,2022-08-05 16:21:09,rhi,rhi,hou-rhi-cell-track-25-deg,88.1488,88.1488,0.64819336,24.400635,0.0,109900.0,88.1488037109375,29000.0,48.079956,17305,16446,4702,0,6582,5,17319
527,2022-08-05 16:21:26,rhi,rhi,hou-rhi-cell-track-25-deg,94.43298,94.454956,0.6591797,24.389648,0.0,109900.0,94.4329833984375,700.0,43.836933,16939,15733,2399,0,6273,0,16992
528,2022-08-05 16:21:42,ppi,ppi,hou-ppi-cell-track-25-deg,80.66437,95.91614,3.0212402,17.98462,0.0,109900.0,85.8087158203125,36000.0,53.650406,33205,31373,9835,5,8102,19,33294
529,2022-08-05 16:22:14,rhi,rhi,hou-rhi-cell-track-25-deg,88.27515,88.29712,0.670166,24.433594,0.0,109900.0,88.297119140625,29300.0,48.57565,17577,16684,4742,0,6516,33,17595
530,2022-08-05 16:22:31,rhi,rhi,hou-rhi-cell-track-25-deg,88.27515,88.27515,0.63720703,24.389648,0.0,109900.0,88.275146484375,36700.0,47.543774,17388,16512,4562,0,6359,34,17405
531,2022-08-05 16:22:50,rhi,rhi,hou-rhi-cell-track-25-deg,80.89783,80.9198,0.68115234,24.433594,0.0,109900.0,80.9197998046875,31100.0,45.437355,15054,13630,2678,0,8523,12,15084
532,2022-08-05 16:23:11,rhi,rhi,hou-rhi-cell-track-25-deg,84.347534,84.36951,0.68115234,24.433594,0.0,109900.0,84.3695068359375,35900.0,50.07873,16325,15459,3548,1,6889,22,16373
533,2022-08-05 16:23:27,ppi,ppi,hou-ppi-cell-track-25-deg,80.80994,95.91614,2.9992676,18.006592,0.0,109900.0,85.66314697265625,35900.0,55.60081,33854,31835,9796,3,7425,15,33964
534,2022-08-05 16:23:59,rhi,rhi,hou-rhi-cell-track-25-deg,88.253174,88.27515,0.68115234,24.433594,0.0,109900.0,88.275146484375,1200.0,47.69814,17958,17013,4477,0,6131,10,18021
535,2022-08-05 16:24:15,rhi,rhi,hou-rhi-cell-track-25-deg,88.29712,88.29712,0.68115234,24.433594,0.0,109900.0,88.297119140625,26400.0,48.437553,17872,16937,4506,0,5979,8,17927
536,2022-08-05 16:24:35,rhi,rhi,hou-rhi-cell-track-25-deg,83.26538,83.26538,0.63720703,24.433594,0.0,109900.0,83.265380859375,30200.0,49.53081,17749,16561,3961,0,6994,16,17800
537,2022-08-05 16:24:55,rhi,rhi,hou-rhi-cell-track-25-deg,86.5448,86.56677,0.64819336,24.389648,0.0,109900.0,86.5667724609375,36100.0,51.06202,17052,16036,4562,1,5532,3,17166
538,2022-08-05 16:25:13,ppi,ppi,hou-ppi-cell-track-25-deg,80.675354,95.79529,2.9992676,18.006592,0.0,109900.0,85.90484619140625,34900.0,51.57848,35180,32836,9855,5,7319,32,35351
539,2022-08-05 16:25:44,rhi,rhi,hou-rhi-cell-track-25-deg,88.253174,88.253174,0.64819336,24.422607,0.0,109900.0,88.253173828125,34600.0,49.58845,18283,17241,4420,0,5761,0,18438
540,2022-08-05 16:25:59,rhi,rhi,hou-rhi-cell-track-25-deg,88.27515,88.29712,0.6591797,24.389648,0.0,109900.0,88.275146484375,34500.0,49.133213,18212,17224,4475,0,5711,0,18341
541,2022-08-05 16:26:14,rhi,rhi,hou-rhi-cell-track-25-deg,83.77075,83.792725,0.64819336,24.411621,0.0,109900.0,83.792724609375,33600.0,51.197372,18510,17191,4525,2,6731,12,18609
542,2022-08-05 16:26:30,rhi,rhi,hou-rhi-cell-track-25-deg,86.03943,86.0614,0.64819336,24.389648,0.0,109900.0,86.0614013671875,35300.0,53.815464,17564,16336,4575,5,5714,4,17659
543,2022-08-05 16:26:47,ppi,ppi,hou-ppi-cell-track-25-deg,80.68909,95.90515,2.9992676,18.006592,0.0,109900.0,81.88385009765625,58000.0,50.256313,37233,34668,10312,1,7403,12,37447
544,2022-08-05 16:27:18,rhi,rhi,hou-rhi-cell-track-25-deg,88.253174,88.253174,0.6591797,24.411621,0.0,109900.0,88.253173828125,33800.0,50.95323,17805,16852,4446,2,5366,0,17920
545,2022-08-05 16:27:36,rhi,rhi,hou-rhi-cell-track-25-deg,88.27515,88.29712,0.64819336,24.411621,0.0,109900.0,88.275146484375,33600.0,50.421223,17780,16820,4519,1,5255,0,17883
546,2022-08-05 16:27:56,rhi,rhi,hou-rhi-cell-track-25-deg,84.58923,84.58923,0.6591797,24.389648,0.0,109900.0,84.5892333984375,32800.0,50.82327,17672,16233,4741,2,5888,3,17724
547,2022-08-05 16:28:16,rhi,rhi,hou-rhi-cell-track-25-deg,86.275635,86.32507,0.63720703,24.389648,0.0,109900.0,86.3250732421875,35600.0,51.27604,17490,16201,4744,2,5351,8,17561
548,2022-08-05 16:28:33,ppi,ppi,hou-ppi-cell-track-25-deg,80.675354,95.861206,2.9992676,18.006592,0.0,109900.0,85.66314697265625,33000.0,52.874435,37718,35214,10255,6,7293,9,37928
549,2022-08-05 16:29:04,rhi,rhi,hou-rhi-cell-track-25-deg,88.253174,88.27515,0.63720703,24.411621,0.0,109900.0,88.253173828125,33300.0,49.708794,17792,16595,4380,0,4806,0,17837
550,2022-08-05 16:29:19,rhi,rhi,hou-rhi-cell-track-25-deg,88.29712,88.29712,0.6591797,24.411621,0.0,109900.0,88.297119140625,33000.0,49.49936,17614,16472,4183,0,4684,0,17668
551,2022-08-05 16:29:36,rhi,rhi,hou-rhi-cell-track-25-deg,86.75903,86.80298,0.68115234,24.400635,0.0,109900.0,86.781005859375,32800.0,48.913425,17545,16178,4446,0,4796,0,17604
552,2022-08-05 16:29:56,rhi,rhi,hou-rhi-cell-track-25-deg,82.040405,82.040405,0.6591797,24.433594,0.0,109900.0,82.0404052734375,56300.0,50.332047,20266,18253,4468,1,8266,8,20416
553,2022-08-05 16:30:11,ppi,ppi,hou-ppi-cell-track-25-deg,80.69733,95.894165,3.0212402,18.006592,0.0,109900.0,83.89434814453125,39200.0,54.26359,38711,35977,9760,8,7167,17,38883
554,2022-08-05 16:30:43,rhi,rhi,hou-rhi-cell-track-25-deg,88.253174,88.27515,0.63720703,24.433594,0.0,109900.0,88.253173828125,32700.0,49.23059,17578,16276,3978,0,4451,0,17649
555,2022-08-05 16:31:00,rhi,rhi,hou-rhi-cell-track-25-deg,88.27515,88.29712,0.670166,24.411621,0.0,109900.0,88.275146484375,32300.0,49.385406,17496,16112,3909,0,4414,0,17577
556,2022-08-05 16:31:20,rhi,rhi,hou-rhi-cell-track-25-deg,86.29761,86.29761,0.6591797,24.411621,0.0,109900.0,86.297607421875,36400.0,48.805847,17587,15859,4614,0,4816,2,17696
557,2022-08-05 16:31:41,rhi,rhi,hou-rhi-cell-track-25-deg,90.302124,90.31311,0.6591797,24.411621,0.0,109900.0,90.3021240234375,33300.0,42.66896,17484,16331,2686,0,4457,0,17580
558,2022-08-05 16:31:57,ppi,ppi,hou-ppi-cell-track-25-deg,80.80994,95.79529,2.9992676,18.006592,0.0,109900.0,85.8416748046875,36100.0,55.40503,39221,35892,9465,11,7221,5,39504
559,2022-08-05 16:32:28,rhi,rhi,hou-rhi-cell-track-25-deg,88.27515,88.29712,0.670166,24.433594,0.0,109900.0,88.297119140625,31800.0,47.79313,17628,16003,3675,0,4330,1,17745
560,2022-08-05 16:32:46,rhi,rhi,hou-rhi-cell-track-25-deg,88.27515,88.27515,0.64819336,24.400635,0.0,109900.0,88.275146484375,31900.0,47.577724,17736,15940,3693,0,4361,0,17907
561,2022-08-05 16:33:05,rhi,rhi,hou-rhi-cell-track-25-deg,85.929565,85.929565,0.6591797,24.411621,0.0,109900.0,85.9295654296875,36000.0,49.33603,17547,15452,4238,0,4758,9,17741
562,2022-08-05 16:33:24,rhi,rhi,hou-rhi-cell-track-25-deg,89.95056,89.95056,0.63720703,24.411621,0.0,109900.0,89.9505615234375,32000.0,47.561768,17188,15685,2252,0,4181,0,17342
563,2022-08-05 16:33:38,ppi,ppi,hou-ppi-cell-track-25-deg,80.71106,95.894165,2.9992676,18.006592,0.0,109900.0,81.3592529296875,52500.0,51.02718,39884,36437,8891,7,7280,1,40200
564,2022-08-05 16:34:09,rhi,rhi,hou-rhi-cell-track-25-deg,88.27515,88.29712,0.670166,24.411621,0.0,109900.0,88.297119140625,31700.0,47.12673,17801,15798,3334,0,4179,0,17980
565,2022-08-05 16:34:24,rhi,rhi,hou-rhi-cell-track-25-deg,88.27515,88.27515,0.670166,24.433594,0.0,109900.0,88.275146484375,31500.0,46.985405,17805,15736,3363,0,4118,0,17982
566,2022-08-05 16:34:40,rhi,rhi,hou-rhi-cell-track-25-deg,84.36951,84.36951,0.63720703,24.422607,0.0,109900.0,84.3695068359375,38200.0,50.305443,19921,17829,4349,2,5995,2,20020
567,2022-08-05 16:34:59,rhi,rhi,hou-rhi-cell-track-25-deg,85.38025,85.40222,0.68115234,24.433594,0.0,109900.0,85.4022216796875,30200.0,48.851364,18913,16713,4476,0,5478,3,19005
568,2022-08-05 16:35:13,ppi,ppi,hou-ppi-cell-track-25-deg,80.68909,95.894165,2.9992676,18.006592,0.0,109900.0,86.16851806640625,35600.0,51.166702,40168,36948,8282,5,7295,7,40389
569,2022-08-05 16:35:44,rhi,rhi,hou-rhi-cell-track-25-deg,88.253174,88.27515,0.6591797,24.389648,0.0,109900.0,88.253173828125,30300.0,48.104507,17731,15463,2848,0,4033,0,17881
570,2022-08-05 16:36:00,rhi,rhi,hou-rhi-cell-track-25-deg,88.29712,88.29712,0.6591797,24.411621,0.0,109900.0,88.297119140625,35800.0,48.413223,17495,15265,2771,0,3945,0,17630
571,2022-08-05 16:36:20,rhi,rhi,hou-rhi-cell-track-25-deg,86.0614,86.0614,0.63720703,24.389648,0.0,109900.0,86.0614013671875,31600.0,51.09915,18176,15908,3979,3,4974,3,18327
572,2022-08-05 16:36:40,rhi,rhi,hou-rhi-cell-track-25-deg,83.792725,83.8147,0.670166,24.411621,0.0,109900.0,83.792724609375,29500.0,48.810314,21087,18950,3524,0,7109,0,21306
573,2022-08-05 16:36:57,ppi,ppi,hou-ppi-cell-track-25-deg,49.905396,65.0885,3.0212402,18.006592,0.0,109900.0,59.8260498046875,23500.0,54.050266,44335,42561,14071,39,9991,41,44641
574,2022-08-05 16:37:29,rhi,rhi,hou-rhi-cell-track-25-deg,57.51892,57.540894,0.670166,24.422607,0.0,109900.0,57.5408935546875,26600.0,51.74193,18314,17048,5649,7,5275,36,18434
575,2022-08-05 16:37:45,rhi,rhi,hou-rhi-cell-track-25-deg,57.49695,57.49695,0.6591797,24.433594,0.0,109900.0,57.4969482421875,22700.0,51.512913,18297,16938,5726,7,5092,31,18419
576,2022-08-05 16:38:04,rhi,rhi,hou-rhi-cell-track-25-deg,62.286987,62.286987,0.6591797,24.433594,0.0,109900.0,62.2869873046875,26700.0,53.030376,15847,14550,3870,11,2673,15,15934
577,2022-08-05 16:38:21,rhi,rhi,hou-rhi-cell-track-25-deg,54.970093,55.03601,0.6591797,24.411621,0.0,109900.0,55.0140380859375,22400.0,53.672966,20323,18884,5964,7,7379,46,20469
578,2022-08-05 16:38:38,ppi,ppi,hou-ppi-cell-track-25-deg,49.91638,65.09949,3.0212402,18.006592,0.0,109900.0,59.9249267578125,22400.0,58.82089,42640,40512,13799,28,9567,107,42883
579,2022-08-05 16:39:09,rhi,rhi,hou-rhi-cell-track-25-deg,57.49695,57.51892,0.670166,24.433594,0.0,109900.0,57.4969482421875,21900.0,50.946743,18954,17282,5878,2,5017,7,19069
580,2022-08-05 16:39:25,rhi,rhi,hou-rhi-cell-track-25-deg,57.51892,57.51892,0.6591797,24.433594,0.0,109900.0,57.5189208984375,22700.0,50.655262,19137,17372,5784,5,5022,6,19247
581,2022-08-05 16:39:44,rhi,rhi,hou-rhi-cell-track-25-deg,56.705933,56.705933,0.64819336,24.400635,0.0,109900.0,56.7059326171875,36400.0,52.723244,19115,17410,6059,7,5440,79,19213
582,2022-08-05 16:40:00,rhi,rhi,hou-rhi-cell-track-25-deg,62.924194,62.924194,0.68115234,24.433594,0.0,109900.0,62.9241943359375,24400.0,49.712963,17883,16306,3806,0,2809,1,17974
583,2022-08-05 16:40:17,ppi,ppi,hou-ppi-cell-track-25-deg,50.048218,65.15167,2.977295,18.006592,0.0,109900.0,59.5953369140625,27300.0,56.98152,45690,42900,14742,43,10050,213,45925
584,2022-08-05 16:40:48,rhi,rhi,hou-rhi-cell-track-25-deg,57.51892,57.540894,0.68115234,24.433594,0.0,109900.0,57.5408935546875,29000.0,50.83703,19872,18212,5836,9,5053,1,20003
585,2022-08-05 16:41:05,rhi,rhi,hou-rhi-cell-track-25-deg,57.49695,57.49695,0.6591797,24.400635,0.0,109900.0,57.4969482421875,32000.0,51.385258,20070,18433,5800,5,5265,3,20222
586,2022-08-05 16:41:25,rhi,rhi,hou-rhi-cell-track-25-deg,55.321655,55.321655,0.670166,24.411621,0.0,109900.0,55.3216552734375,35700.0,53.517338,20705,18697,6650,7,6492,71,20851
587,2022-08-05 16:41:45,rhi,rhi,hou-rhi-cell-track-25-deg,52.487183,52.487183,0.6591797,24.411621,0.0,109900.0,52.4871826171875,48400.0,49.387653,25482,23274,7388,0,9477,131,25718
588,2022-08-05 16:42:02,ppi,ppi,hou-ppi-cell-track-30-deg,47.059937,67.151184,2.9992676,24.005127,0.0,109900.0,59.9029541015625,26100.0,55.838364,57594,52633,17147,30,12058,41,58206
589,2022-08-05 16:42:37,rhi,rhi,hou-rhi-cell-track-30-deg,57.123413,57.145386,0.6591797,29.4104,0.0,109900.0,57.1234130859375,34700.0,50.678505,22514,20136,6420,11,5724,52,22805
590,2022-08-05 16:42:56,rhi,rhi,hou-rhi-cell-track-30-deg,57.16736,57.16736,0.68115234,29.4104,0.0,109900.0,57.1673583984375,21200.0,52.649628,22601,20155,6469,13,5850,68,22979
591,2022-08-05 16:43:15,rhi,rhi,hou-rhi-cell-track-30-deg,58.705444,58.727417,0.6591797,29.4104,0.0,109900.0,58.7274169921875,26500.0,51.988693,21065,18828,4839,9,5138,21,21423
592,2022-08-05 16:43:38,rhi,rhi,hou-rhi-cell-track-30-deg,56.705933,56.705933,0.6591797,29.399414,0.0,109900.0,56.7059326171875,21000.0,51.349777,23213,20465,6767,9,6230,38,23741
593,2022-08-05 16:43:53,ppi,ppi,hou-ppi-cell-track-30-deg,47.092896,67.19513,2.9992676,24.005127,0.0,109900.0,60.4522705078125,22200.0,52.150597,58846,53227,17292,39,12783,34,59915
594,2022-08-05 16:44:28,rhi,rhi,hou-rhi-cell-track-30-deg,57.123413,57.145386,0.68115234,29.4104,0.0,109900.0,57.1234130859375,33600.0,52.132233,23471,20800,6541,5,6522,29,24091
595,2022-08-05 16:44:46,rhi,rhi,hou-rhi-cell-track-30-deg,57.16736,57.16736,0.64819336,29.4104,0.0,109900.0,57.1673583984375,20300.0,51.196266,23570,20830,6582,5,6627,15,24198
596,2022-08-05 16:45:07,rhi,rhi,hou-rhi-cell-track-30-deg,56.92566,56.92566,0.63720703,29.399414,0.0,109900.0,56.9256591796875,20300.0,51.922237,24115,21344,6879,10,6850,8,24710
597,2022-08-05 16:45:23,rhi,rhi,hou-rhi-cell-track-30-deg,55.958862,55.958862,0.68115234,29.399414,0.0,109900.0,55.9588623046875,19800.0,51.914753,24576,21586,6850,4,7426,2,25039
598,2022-08-05 16:45:39,ppi,ppi,hou-ppi-cell-track-30-deg,47.10388,67.151184,2.9992676,24.005127,0.0,109900.0,61.3970947265625,22400.0,53.21036,61521,55717,17787,52,13051,26,62558
599,2022-08-05 16:46:14,rhi,rhi,hou-rhi-cell-track-30-deg,57.123413,57.16736,0.64819336,29.421387,0.0,109900.0,57.1234130859375,27200.0,51.079876,24797,22063,6622,2,6952,11,25244
600,2022-08-05 16:46:34,rhi,rhi,hou-rhi-cell-track-30-deg,57.16736,57.16736,0.64819336,29.4104,0.0,109900.0,57.1673583984375,20000.0,52.659393,25168,22484,6468,5,6935,9,25606
601,2022-08-05 16:46:55,rhi,rhi,hou-rhi-cell-track-30-deg,55.958862,55.958862,0.63720703,29.399414,0.0,109900.0,55.9588623046875,42400.0,51.64587,25902,23272,7204,9,7432,7,26274
602,2022-08-05 16:47:14,rhi,rhi,hou-rhi-cell-track-30-deg,55.145874,55.145874,0.670166,29.399414,0.0,109900.0,55.1458740234375,41400.0,52.077797,26846,24023,7063,6,8529,17,27288
603,2022-08-05 16:47:32,ppi,ppi,hou-ppi-cell-track-30-deg,47.092896,67.19513,2.977295,24.005127,0.0,109900.0,62.4517822265625,22900.0,52.927963,65020,58907,18106,33,12663,52,66027
604,2022-08-05 16:48:07,rhi,rhi,hou-rhi-cell-track-30-deg,57.123413,57.145386,0.63720703,29.421387,0.0,109900.0,57.1234130859375,19800.0,51.57837,26245,23526,5834,4,6951,10,26745
605,2022-08-05 16:48:25,rhi,rhi,hou-rhi-cell-track-30-deg,57.16736,57.16736,0.68115234,29.399414,0.0,109900.0,57.1673583984375,26500.0,51.241173,26539,23681,5654,5,6877,2,26990
606,2022-08-05 16:48:45,rhi,rhi,hou-rhi-cell-track-30-deg,57.958374,57.958374,0.6591797,29.4104,0.0,109900.0,57.9583740234375,31200.0,50.756058,26283,23421,5427,7,6443,17,26725
607,2022-08-05 16:49:07,rhi,rhi,hou-rhi-cell-track-30-deg,58.969116,58.969116,0.6591797,29.4104,0.0,109900.0,58.9691162109375,24500.0,51.57773,26709,23551,4904,9,6184,11,27136
608,2022-08-05 16:49:22,ppi,ppi,hou-ppi-cell-track-30-deg,47.092896,67.19513,2.977295,24.0271,0.0,109900.0,47.3565673828125,23500.0,53.847916,67329,60275,18178,45,11989,54,67987
609,2022-08-05 16:49:57,rhi,rhi,hou-rhi-cell-track-30-deg,57.145386,57.16736,0.68115234,29.399414,0.0,109900.0,57.1673583984375,19500.0,50.004368,28285,25355,5724,1,7543,12,28448
610,2022-08-05 16:50:15,rhi,rhi,hou-rhi-cell-track-30-deg,57.123413,57.123413,0.63720703,29.399414,0.0,109900.0,57.1234130859375,31800.0,51.788757,28361,25511,5782,3,7673,11,28523
611,2022-08-05 16:50:37,rhi,rhi,hou-rhi-cell-track-30-deg,60.045776,60.06775,0.63720703,29.421387,0.0,109900.0,60.0677490234375,24100.0,51.66562,27664,23803,4804,6,5644,12,27785
612,2022-08-05 16:50:55,rhi,rhi,hou-rhi-cell-track-30-deg,59.562378,59.562378,0.670166,29.388428,0.0,109900.0,59.5623779296875,25900.0,52.085182,28426,24761,5023,7,6252,25,28559
613,2022-08-05 16:51:14,ppi,ppi,hou-ppi-cell-track-30-deg,47.070923,67.17316,2.977295,24.005127,0.0,109900.0,56.6070556640625,31600.0,55.614418,69143,62149,18658,34,11897,128,69459
614,2022-08-05 16:51:49,rhi,rhi,hou-rhi-cell-track-30-deg,57.145386,57.16736,0.6591797,29.399414,0.0,109900.0,57.1673583984375,23300.0,51.51258,29461,26347,5657,2,8123,25,29538
615,2022-08-05 16:52:10,rhi,rhi,hou-rhi-cell-track-30-deg,57.123413,57.123413,0.64819336,29.4104,0.0,109900.0,57.1234130859375,23100.0,52.23269,30178,26821,5737,5,8341,35,30264
616,2022-08-05 16:52:31,rhi,rhi,hou-rhi-cell-track-30-deg,58.771362,58.771362,0.64819336,29.4104,0.0,109900.0,58.7713623046875,25600.0,50.85166,30377,26728,5662,1,7339,37,30455
617,2022-08-05 16:52:52,rhi,rhi,hou-rhi-cell-track-30-deg,58.771362,58.771362,0.6591797,29.4104,0.0,109900.0,58.7713623046875,22400.0,51.613583,30408,26813,5610,3,7230,22,30478
618,2022-08-05 16:53:08,ppi,ppi,hou-ppi-cell-track-25-deg,54.14612,69.40338,2.9992676,18.006592,0.0,109900.0,61.6717529296875,26500.0,52.47716,48587,42378,10587,21,6402,19,48857
619,2022-08-05 16:53:39,rhi,rhi,hou-rhi-cell-track-25-deg,61.7157,61.80359,0.64819336,24.411621,0.0,109900.0,61.7156982421875,26900.0,52.12879,22850,19687,3850,13,2593,4,22890
620,2022-08-05 16:53:56,rhi,rhi,hou-rhi-cell-track-25-deg,61.781616,61.781616,0.63720703,24.389648,0.0,109900.0,61.7816162109375,26900.0,53.175465,22678,19748,3771,12,2496,5,22713
621,2022-08-05 16:54:16,rhi,rhi,hou-rhi-cell-track-25-deg,60.9906,60.9906,0.63720703,24.389648,0.0,109900.0,60.9906005859375,26100.0,52.496155,24252,21459,4226,9,3371,6,24292
622,2022-08-05 16:54:34,rhi,rhi,hou-rhi-cell-track-25-deg,59.957886,59.957886,0.63720703,24.422607,0.0,109900.0,59.9578857421875,25800.0,51.15644,26362,23820,4898,12,4983,5,26388
623,2022-08-05 16:54:49,ppi,ppi,hou-ppi-cell-track-25-deg,54.16809,69.38141,3.0212402,18.006592,0.0,109900.0,61.6717529296875,26700.0,52.448208,49397,44134,10736,19,6508,2,49516
624,2022-08-05 16:55:20,rhi,rhi,hou-rhi-cell-track-25-deg,61.7157,61.759644,0.6591797,24.389648,0.0,109900.0,61.7266845703125,27200.0,50.439156,22234,19705,3705,8,2413,2,22259
625,2022-08-05 16:55:40,rhi,rhi,hou-rhi-cell-track-25-deg,61.781616,61.781616,0.63720703,24.400635,0.0,109900.0,61.7816162109375,26700.0,53.18608,22085,19508,3696,11,2310,3,22109
626,2022-08-05 16:56:01,rhi,rhi,hou-rhi-cell-track-25-deg,59.91394,59.91394,0.6591797,24.389648,0.0,109900.0,59.9139404296875,24600.0,52.087708,26183,23846,4805,19,4952,14,26203
627,2022-08-05 16:56:22,rhi,rhi,hou-rhi-cell-track-25-deg,55.958862,55.958862,0.6591797,24.411621,0.0,109900.0,55.9588623046875,31100.0,50.741673,31215,29040,6668,2,8960,11,31238
628,2022-08-05 16:56:37,ppi,ppi,hou-ppi-cell-track-25-deg,54.157104,69.392395,2.9992676,18.006592,0.0,109900.0,59.5733642578125,24300.0,52.965492,49581,44523,10701,15,6409,0,49659
629,2022-08-05 16:57:08,rhi,rhi,hou-rhi-cell-track-25-deg,61.7157,61.80359,0.6591797,24.411621,0.0,109900.0,61.7156982421875,26000.0,50.915646,21409,19082,3616,5,2326,6,21444
630,2022-08-05 16:57:26,rhi,rhi,hou-rhi-cell-track-25-deg,61.781616,61.781616,0.64819336,24.411621,0.0,109900.0,61.7816162109375,25900.0,49.559113,21197,18790,3557,0,2297,3,21228
631,2022-08-05 16:57:45,rhi,rhi,hou-rhi-cell-track-25-deg,56.903687,56.94763,0.63720703,24.389648,0.0,109900.0,56.9036865234375,30900.0,52.122604,29384,27365,6199,9,7971,19,29400
632,2022-08-05 16:58:05,rhi,rhi,hou-rhi-cell-track-25-deg,54.420776,54.420776,0.6591797,24.411621,0.0,109900.0,54.4207763671875,29500.0,49.91527,32868,30844,7005,0,9697,12,32894
633,2022-08-05 16:58:22,ppi,ppi,hou-ppi-cell-track-30-deg,44.631958,64.65729,2.977295,23.983154,0.0,109900.0,44.8406982421875,14800.0,56.72149,76740,70870,22974,67,12093,23,76843
634,2022-08-05 16:58:56,rhi,rhi,hou-rhi-cell-track-30-deg,54.662476,54.728394,0.64819336,29.4104,0.0,109900.0,54.6734619140625,29400.0,48.867325,35412,32619,6678,0,10175,9,35446
635,2022-08-05 16:59:16,rhi,rhi,hou-rhi-cell-track-30-deg,54.728394,54.728394,0.6591797,29.421387,0.0,109900.0,54.7283935546875,38900.0,48.708,35283,32427,6518,0,10130,2,35315
636,2022-08-05 16:59:35,rhi,rhi,hou-rhi-cell-track-30-deg,63.693237,63.71521,0.6591797,29.399414,0.0,109900.0,63.7152099609375,24200.0,48.842712,19498,16501,2372,0,2106,22,19593
637,2022-08-05 16:59:56,rhi,rhi,hou-rhi-cell-track-30-deg,59.694214,59.73816,0.6591797,29.4104,0.0,109900.0,59.6942138671875,23000.0,53.4146,26559,23210,4064,4,4773,0,26626
638,2022-08-05 17:00:12,ppi,ppi,hou-ppi-cell-track-30-deg,44.609985,64.81384,2.9992676,24.005127,0.0,109900.0,45.1043701171875,17100.0,55.082573,75714,69589,22803,83,12009,7,75825
639,2022-08-05 17:00:47,rhi,rhi,hou-rhi-cell-track-30-deg,54.68445,54.77234,0.64819336,29.421387,0.0,109900.0,54.7503662109375,29300.0,50.69867,34623,31397,6472,1,9719,2,34675
640,2022-08-05 17:01:04,rhi,rhi,hou-rhi-cell-track-30-deg,54.68445,54.68445,0.63720703,29.421387,0.0,109900.0,54.6844482421875,38700.0,51.247334,34362,31123,6448,3,9509,4,34410
641,2022-08-05 17:01:24,rhi,rhi,hou-rhi-cell-track-30-deg,63.275757,63.29773,0.6591797,29.4104,0.0,109900.0,63.2757568359375,23500.0,51.456093,18488,15714,2451,2,1684,17,18635
642,2022-08-05 17:01:44,rhi,rhi,hou-rhi-cell-track-30-deg,61.276245,61.276245,0.6591797,29.4104,0.0,109900.0,61.2762451171875,22800.0,49.901367,21523,18385,2945,0,2426,11,21670
643,2022-08-05 17:02:02,ppi,ppi,hou-ppi-cell-track-30-deg,43.81897,63.92395,2.9992676,24.005127,0.0,109900.0,45.0714111328125,17800.0,56.976334,75708,70078,22303,97,12430,2,75829
644,2022-08-05 17:02:37,rhi,rhi,hou-rhi-cell-track-30-deg,53.805542,53.849487,0.6591797,29.421387,0.0,109900.0,53.8275146484375,21400.0,51.329487,34359,31099,6203,3,9682,0,34457
645,2022-08-05 17:02:55,rhi,rhi,hou-rhi-cell-track-30-deg,53.805542,53.805542,0.6591797,29.421387,0.0,109900.0,53.8055419921875,21000.0,50.84685,33842,30725,6185,5,9605,0,33948
646,2022-08-05 17:03:16,rhi,rhi,hou-rhi-cell-track-30-deg,49.80652,49.80652,0.670166,29.388428,0.0,109900.0,49.8065185546875,18500.0,51.00325,36383,33760,8889,2,10824,8,36436
647,2022-08-05 17:03:36,rhi,rhi,hou-rhi-cell-track-30-deg,49.279175,49.301147,0.64819336,29.421387,0.0,109900.0,49.3011474609375,18300.0,52.50947,36094,33618,9037,15,10940,9,36136
648,2022-08-05 17:03:54,ppi,ppi,hou-ppi-cell-track-30-deg,43.66516,63.92395,2.977295,24.005127,0.0,109900.0,45.9173583984375,17800.0,57.59486,73802,68396,20660,108,11818,0,74038
649,2022-08-05 17:04:29,rhi,rhi,hou-rhi-cell-track-30-deg,53.78357,53.805542,0.670166,29.399414,0.0,109900.0,53.7835693359375,22100.0,51.138145,32361,29246,5475,8,9363,8,32530
650,2022-08-05 17:04:50,rhi,rhi,hou-rhi-cell-track-30-deg,53.827515,53.827515,0.670166,29.4104,0.0,109900.0,53.8275146484375,22000.0,52.477074,31912,28934,5462,18,9226,12,32068
651,2022-08-05 17:05:11,rhi,rhi,hou-rhi-cell-track-30-deg,51.432495,51.432495,0.6591797,29.4104,0.0,109900.0,51.4324951171875,22300.0,52.108967,35062,32424,7281,11,10174,3,35186
652,2022-08-05 17:05:29,rhi,rhi,hou-rhi-cell-track-30-deg,52.399292,52.399292,0.670166,29.4104,0.0,109900.0,52.3992919921875,22500.0,52.392647,33974,31147,6053,22,9935,3,34104
653,2022-08-05 17:05:48,ppi,ppi,hou-ppi-cell-track-30-deg,43.66516,63.945923,2.8234863,24.005127,0.0,109900.0,46.6314697265625,18700.0,54.14182,72693,67034,19973,101,11046,2,72992
654,2022-08-05 17:06:23,rhi,rhi,hou-rhi-cell-track-30-deg,53.78357,53.805542,0.670166,29.399414,0.0,109900.0,53.7835693359375,22500.0,53.320213,30958,27861,5138,15,9198,3,31148
655,2022-08-05 17:12:32,rhi,rhi,hou-rhi-cell-track-30-deg,56.92566,56.92566,0.6591797,29.421387,0.0,109900.0,56.9256591796875,21400.0,49.155823,20952,16361,3449,0,4790,1,21709
656,2022-08-05 17:13:40,ppi,ppi,hou-ppi-cell-track-30-deg,45.060425,65.16266,3.0212402,24.0271,0.0,109900.0,45.4119873046875,16500.0,54.619453,63619,54862,15475,46,11038,1,65451
657,2022-08-05 17:14:14,rhi,rhi,hou-rhi-cell-track-30-deg,55.1239,55.167847,0.670166,29.399414,0.0,109900.0,55.1678466796875,28000.0,48.155613,23021,18088,3763,0,6065,16,24281
658,2022-08-05 17:14:34,rhi,rhi,hou-rhi-cell-track-30-deg,55.10193,55.10193,0.6591797,29.4104,0.0,109900.0,55.1019287109375,35400.0,49.602707,22793,18015,3729,0,6056,21,24070
659,2022-08-05 17:14:54,rhi,rhi,hou-rhi-cell-track-30-deg,48.51013,48.532104,0.64819336,29.421387,0.0,109900.0,48.5321044921875,16200.0,53.260715,31704,27252,6394,41,9890,16,32538
660,2022-08-05 17:15:15,rhi,rhi,hou-rhi-cell-track-30-deg,49.7406,49.7406,0.670166,29.421387,0.0,109900.0,49.7406005859375,16100.0,55.05427,30341,25525,5625,59,9116,13,31416
661,2022-08-05 17:15:32,ppi,ppi,hou-ppi-cell-track-30-deg,45.082397,65.173645,2.977295,24.005127,0.0,109900.0,47.9168701171875,16200.0,53.528076,62890,53954,14313,49,11262,0,65615
662,2022-08-05 17:16:07,rhi,rhi,hou-rhi-cell-track-30-deg,55.03601,55.1239,0.64819336,29.432373,0.0,109900.0,55.0360107421875,18100.0,48.432026,22384,17486,3439,0,5589,22,23930
663,2022-08-05 17:16:26,rhi,rhi,hou-rhi-cell-track-30-deg,55.1239,55.1239,0.6591797,29.4104,0.0,109900.0,55.1239013671875,18100.0,48.90468,22182,17403,3497,0,5555,29,23761
664,2022-08-05 17:16:45,rhi,rhi,hou-rhi-cell-track-30-deg,47.147827,47.191772,0.6591797,29.399414,0.0,109900.0,47.1478271484375,15600.0,51.994507,31464,26510,6957,26,9868,2,32425
665,2022-08-05 17:17:05,rhi,rhi,hou-rhi-cell-track-30-deg,45.91736,45.961304,0.6591797,29.4104,0.0,109900.0,45.9173583984375,15800.0,51.526337,31641,26950,7504,19,10149,6,32656
666,2022-08-05 17:17:22,ppi,ppi,hou-ppi-cell-track-30-deg,45.34607,65.4483,3.0212402,24.0271,0.0,109900.0,49.1363525390625,16700.0,53.901184,60398,51692,13613,38,11087,0,63304
667,2022-08-05 17:17:56,rhi,rhi,hou-rhi-cell-track-30-deg,55.27771,55.3656,0.670166,29.421387,0.0,109900.0,55.2777099609375,76200.0,48.037243,20983,16507,3148,0,4708,32,22434
668,2022-08-05 17:18:15,rhi,rhi,hou-rhi-cell-track-30-deg,55.3656,55.3656,0.68115234,29.399414,0.0,109900.0,55.3656005859375,76200.0,48.620865,20540,16255,3112,0,4437,28,22007
669,2022-08-05 17:18:34,rhi,rhi,hou-rhi-cell-track-30-deg,62.96814,62.96814,0.64819336,29.388428,0.0,109900.0,62.9681396484375,36900.0,51.0759,18868,16264,3665,1,4529,83,19853
670,2022-08-05 17:18:55,rhi,rhi,hou-rhi-cell-track-30-deg,61.49597,61.49597,0.68115234,29.399414,0.0,109900.0,61.4959716796875,34800.0,48.673035,18490,16100,2804,0,4516,9,19556
671,2022-08-05 17:19:12,ppi,ppi,hou-ppi-cell-track-30-deg,45.31311,65.415344,2.9992676,24.005127,0.0,109900.0,48.3233642578125,14900.0,53.678524,58595,51327,13620,35,11030,0,61537
672,2022-08-05 17:19:46,rhi,rhi,hou-rhi-cell-track-30-deg,55.255737,55.409546,0.670166,29.388428,0.0,109900.0,55.4095458984375,74900.0,49.70405,20156,16749,2793,0,4363,14,21628
673,2022-08-05 17:20:05,rhi,rhi,hou-rhi-cell-track-30-deg,55.343628,55.343628,0.6591797,29.432373,0.0,109900.0,55.3436279296875,74700.0,49.142357,20284,16885,2715,0,4301,13,21799
674,2022-08-05 17:20:24,rhi,rhi,hou-rhi-cell-track-30-deg,62.30896,62.330933,0.63720703,29.421387,0.0,109900.0,62.3089599609375,36200.0,50.070415,19188,17149,3411,1,4500,38,20163
675,2022-08-05 17:20:46,rhi,rhi,hou-rhi-cell-track-30-deg,51.520386,51.54236,0.64819336,29.4104,0.0,109900.0,51.5203857421875,32400.0,49.17956,25013,21429,3620,0,6510,0,26625
676,2022-08-05 17:21:04,ppi,ppi,hou-ppi-cell-track-25-deg,47.664185,62.69348,3.0212402,18.006592,0.0,109900.0,49.9383544921875,14900.0,52.973495,44218,39556,10324,10,5567,8,46263
677,2022-08-05 17:21:35,rhi,rhi,hou-rhi-cell-track-25-deg,55.145874,55.18982,0.6591797,24.411621,0.0,109900.0,55.1458740234375,67500.0,47.855385,18589,16145,2534,0,3313,9,19746
678,2022-08-05 17:21:56,rhi,rhi,hou-rhi-cell-track-25-deg,55.18982,55.18982,0.6591797,24.411621,0.0,109900.0,55.1898193359375,67400.0,50.30514,18538,16323,2583,1,3299,8,19746
679,2022-08-05 17:22:16,rhi,rhi,hou-rhi-cell-track-25-deg,61.693726,61.7157,0.6591797,24.433594,0.0,109900.0,61.6937255859375,35200.0,48.369766,18484,16912,3389,0,3925,29,18969
680,2022-08-05 17:22:36,rhi,rhi,hou-rhi-cell-track-25-deg,60.946655,60.946655,0.63720703,24.389648,0.0,109900.0,60.9466552734375,35400.0,47.01805,18783,17131,3271,0,4175,1,19383
681,2022-08-05 17:22:53,ppi,ppi,hou-ppi-cell-track-20-deg,49.14734,61.342163,2.9992676,16.00708,0.0,109900.0,49.9053955078125,15800.0,50.836075,36770,33594,9176,1,4109,0,38098
682,2022-08-05 17:23:21,rhi,rhi,hou-rhi-cell-track-20-deg,55.145874,55.321655,0.63720703,19.423828,0.0,109900.0,55.3216552734375,75200.0,48.58824,16711,15143,2809,0,2949,1,17346
683,2022-08-05 17:23:38,rhi,rhi,hou-rhi-cell-track-20-deg,55.233765,55.233765,0.6591797,19.379883,0.0,109900.0,55.2337646484375,66800.0,49.373066,17214,15567,2853,0,3212,1,17868
684,2022-08-05 17:23:56,rhi,rhi,hou-rhi-cell-track-20-deg,51.21277,51.256714,0.63720703,19.412842,0.0,109900.0,51.2567138671875,11800.0,50.596935,18526,16271,4260,2,2949,0,19135
685,2022-08-05 17:24:15,rhi,rhi,hou-rhi-cell-track-20-deg,49.16931,49.16931,0.6591797,19.401855,0.0,109900.0,49.1693115234375,12200.0,53.26196,20072,17534,5052,20,3805,0,20698
686,2022-08-05 17:24:32,ppi,ppi,hou-ppi-cell-track-20-deg,49.158325,61.342163,2.977295,16.00708,0.0,109900.0,49.1802978515625,17700.0,51.440834,39009,35643,9104,4,4546,0,39960
687,2022-08-05 17:25:00,rhi,rhi,hou-rhi-cell-track-20-deg,55.167847,55.211792,0.68115234,19.401855,0.0,109900.0,55.1678466796875,74900.0,50.085693,18851,17167,3141,1,3812,14,19206
688,2022-08-05 17:25:19,rhi,rhi,hou-rhi-cell-track-20-deg,55.255737,55.255737,0.6591797,19.401855,0.0,109900.0,55.2557373046875,68000.0,48.129887,19161,17617,3305,0,3808,23,19443
689,2022-08-05 17:25:36,rhi,rhi,hou-rhi-cell-track-20-deg,50.421753,50.421753,0.6591797,19.379883,0.0,109900.0,50.4217529296875,17500.0,52.556614,19540,17565,5036,20,2929,0,19879
690,2022-08-05 17:25:54,rhi,rhi,hou-rhi-cell-track-20-deg,49.05945,49.05945,0.6591797,19.379883,0.0,109900.0,49.0594482421875,12100.0,54.373398,19886,17609,5276,22,3299,0,20177
691,2022-08-05 17:26:07,ppi,ppi,hou-ppi-cell-track-20-deg,49.08142,61.155396,2.9992676,15.985107,0.0,109900.0,50.8282470703125,17400.0,52.08943,41611,38285,9603,5,4510,0,42269
692,2022-08-05 17:26:35,rhi,rhi,hou-rhi-cell-track-20-deg,55.03601,55.079956,0.64819336,19.423828,0.0,109900.0,55.0360107421875,74000.0,49.422432,20664,19337,3874,0,3798,15,20820
693,2022-08-05 17:26:55,rhi,rhi,hou-rhi-cell-track-20-deg,55.1239,55.1239,0.63720703,19.401855,0.0,109900.0,55.1239013671875,67400.0,48.063313,20919,19629,3931,0,3696,9,21032
694,2022-08-05 17:27:10,rhi,rhi,hou-rhi-cell-track-20-deg,52.70691,52.70691,0.68115234,19.39087,0.0,109900.0,52.7069091796875,23900.0,47.90796,20238,18975,3809,0,2758,0,20301
695,2022-08-05 17:27:24,rhi,rhi,hou-rhi-cell-track-20-deg,51.762085,51.762085,0.670166,19.379883,0.0,109900.0,51.7620849609375,17000.0,51.188843,19899,18633,4643,6,2365,0,19943
696,2022-08-05 17:27:36,ppi,ppi,hou-ppi-cell-track-20-deg,49.08142,61.14441,2.9882812,15.985107,0.0,109900.0,50.4327392578125,17000.0,52.15924,44131,42088,10141,5,4270,0,44169
697,2022-08-05 17:28:04,rhi,rhi,hou-rhi-cell-track-20-deg,55.057983,55.057983,0.43945312,19.401855,0.0,109900.0,55.0579833984375,74000.0,47.539806,22146,21350,4659,0,3752,2,22147
698,2022-08-05 17:28:19,rhi,rhi,hou-rhi-cell-track-20-deg,55.1239,55.1239,0.64819336,19.423828,0.0,109900.0,55.1239013671875,75000.0,46.93215,21789,21196,4637,0,3731,2,21789
699,2022-08-05 17:28:35,rhi,rhi,hou-rhi-cell-track-20-deg,56.44226,56.464233,0.63720703,19.423828,0.0,109900.0,56.4642333984375,72400.0,48.314095,21906,21346,4541,0,3829,0,21906
700,2022-08-05 17:28:49,rhi,rhi,hou-rhi-cell-track-20-deg,55.211792,55.233765,0.6591797,19.379883,0.0,109900.0,55.2117919921875,75600.0,47.197754,21811,21316,4838,0,3644,0,21811
701,2022-08-05 17:29:04,ppi,ppi,hou-ppi-cell-track-20-deg,49.092407,61.155396,2.9992676,16.00708,0.0,109900.0,49.6636962890625,11400.0,51.399536,44929,44239,12055,5,4120,0,44929
702,2022-08-05 17:29:32,rhi,rhi,hou-rhi-cell-track-20-deg,55.10193,55.145874,0.6591797,19.379883,0.0,109900.0,55.1458740234375,66900.0,46.574345,21894,21425,5384,0,3720,1,21894
703,2022-08-05 17:29:49,rhi,rhi,hou-rhi-cell-track-20-deg,55.079956,55.079956,0.68115234,19.401855,0.0,109900.0,55.0799560546875,75100.0,47.85446,21856,21379,5590,0,3702,1,21856
704,2022-08-05 17:30:05,rhi,rhi,hou-rhi-cell-track-20-deg,54.970093,55.03601,0.63720703,19.412842,0.0,109900.0,54.9700927734375,75200.0,48.241806,22000,21479,5722,0,3799,2,22000
705,2022-08-05 17:30:24,rhi,rhi,hou-rhi-cell-track-20-deg,60.441284,60.441284,0.63720703,19.401855,0.0,109900.0,60.4412841796875,30000.0,48.625896,22143,21650,5118,0,4216,0,22143
706,2022-08-05 17:30:36,ppi,ppi,hou-ppi-cell-track-20-deg,49.070435,61.16638,2.977295,16.00708,0.0,109900.0,49.1473388671875,11500.0,55.87572,44692,43942,14026,8,3972,0,44692
707,2022-08-05 17:31:04,rhi,rhi,hou-rhi-cell-track-20-deg,55.1239,55.167847,0.670166,19.39087,0.0,109900.0,55.1458740234375,75300.0,47.84707,22307,21812,6632,0,3980,23,22307
708,2022-08-05 17:31:20,rhi,rhi,hou-rhi-cell-track-20-deg,55.079956,55.079956,0.670166,19.401855,0.0,109900.0,55.0799560546875,13500.0,49.530273,22157,21723,6768,0,3922,21,22157
709,2022-08-05 17:31:40,rhi,rhi,hou-rhi-cell-track-20-deg,54.992065,54.992065,0.63720703,19.423828,0.0,109900.0,54.9920654296875,11200.0,49.507122,22076,21644,6881,0,3916,26,22076
710,2022-08-05 17:32:00,rhi,rhi,hou-rhi-cell-track-20-deg,51.915894,51.915894,0.670166,19.379883,0.0,109900.0,51.9158935546875,11100.0,50.19523,20191,19633,6656,1,2290,0,20191
711,2022-08-05 17:32:18,ppi,ppi,hou-ppi-cell-track-20-deg,49.070435,61.16638,2.9992676,16.029053,0.0,109900.0,49.0704345703125,10400.0,50.86104,44342,43524,14336,3,4097,0,44342
712,2022-08-05 17:32:46,rhi,rhi,hou-rhi-cell-track-20-deg,55.057983,55.057983,0.68115234,19.401855,0.0,109900.0,55.0579833984375,11000.0,50.04196,21698,21265,7179,1,3601,18,21698
713,2022-08-05 17:33:04,rhi,rhi,hou-rhi-cell-track-20-deg,55.10193,55.10193,0.68115234,19.379883,0.0,109900.0,55.1019287109375,10900.0,49.417374,21491,21034,7234,0,3483,14,21491
714,2022-08-05 17:33:20,rhi,rhi,hou-rhi-cell-track-20-deg,55.717163,55.717163,0.6591797,19.401855,0.0,109900.0,55.7171630859375,16000.0,49.29394,21906,21408,6822,0,3507,0,21906
715,2022-08-05 17:33:38,rhi,rhi,hou-rhi-cell-track-20-deg,60.551147,60.551147,0.6591797,19.401855,0.0,109900.0,60.5511474609375,24700.0,47.464424,22198,21816,5400,0,4471,0,22199
716,2022-08-05 17:33:51,ppi,ppi,hou-ppi-cell-track-20-deg,49.08142,61.14441,2.977295,16.00708,0.0,109900.0,49.4110107421875,11500.0,54.221905,44499,43512,14274,26,3929,0,44499
717,2022-08-05 17:34:19,rhi,rhi,hou-rhi-cell-track-20-deg,55.1239,55.167847,0.63720703,19.412842,0.0,109900.0,55.1239013671875,10900.0,50.745712,21151,20621,7559,2,3082,8,21151
718,2022-08-05 17:34:35,rhi,rhi,hou-rhi-cell-track-20-deg,55.057983,55.057983,0.68115234,19.401855,0.0,109900.0,55.0579833984375,10800.0,51.786118,21156,20551,7550,6,3059,11,21156
719,2022-08-05 17:34:49,rhi,rhi,hou-rhi-cell-track-20-deg,54.223022,54.266968,0.6591797,19.401855,0.0,109900.0,54.2449951171875,11400.0,52.72014,21039,20539,7480,13,3444,6,21039
720,2022-08-05 17:35:05,rhi,rhi,hou-rhi-cell-track-20-deg,60.682983,60.704956,0.64819336,19.423828,0.0,109900.0,60.7049560546875,25200.0,48.22847,21840,21475,5420,0,4056,0,21840
721,2022-08-05 17:35:22,ppi,ppi,hou-ppi-cell-track-20-deg,49.08142,61.155396,2.977295,16.00708,0.0,109900.0,51.6082763671875,15600.0,52.93381,44126,43105,14594,21,4051,0,44126
722,2022-08-05 17:35:50,rhi,rhi,hou-rhi-cell-track-20-deg,55.1239,55.145874,0.6591797,19.379883,0.0,109900.0,55.1239013671875,10600.0,52.77368,20731,20069,7468,5,2688,9,20731
723,2022-08-05 17:36:04,rhi,rhi,hou-rhi-cell-track-20-deg,55.079956,55.079956,0.68115234,19.39087,0.0,109900.0,55.0799560546875,10600.0,53.440884,20809,20153,7524,6,2707,7,20809
724,2022-08-05 17:36:19,rhi,rhi,hou-rhi-cell-track-20-deg,59.25476,59.25476,0.6591797,19.379883,0.0,109900.0,59.2547607421875,12000.0,50.29468,21182,20733,5182,1,4039,0,21183
725,2022-08-05 17:36:34,rhi,rhi,hou-rhi-cell-track-20-deg,60.177612,60.177612,0.6591797,19.401855,0.0,109900.0,60.1776123046875,12100.0,49.315823,21714,21289,5117,0,3977,0,21714
726,2022-08-05 17:36:47,ppi,ppi,hou-ppi-cell-track-20-deg,49.092407,61.16638,2.9992676,16.018066,0.0,109900.0,56.1456298828125,15500.0,52.977386,43358,42225,14476,53,3972,0,43358
727,2022-08-05 17:37:15,rhi,rhi,hou-rhi-cell-track-20-deg,55.10193,55.15686,0.670166,19.401855,0.0,109900.0,55.1019287109375,10500.0,54.351063,20471,19887,7193,12,2743,0,20471
728,2022-08-05 17:37:32,rhi,rhi,hou-rhi-cell-track-20-deg,55.079956,55.079956,0.670166,19.379883,0.0,109900.0,55.0799560546875,10800.0,52.92679,20445,19812,7165,18,2686,0,20445
729,2022-08-05 17:37:50,rhi,rhi,hou-rhi-cell-track-20-deg,59.035034,59.035034,0.64819336,19.423828,0.0,109900.0,59.0350341796875,12000.0,53.532043,20434,19999,5520,25,3599,0,20434
730,2022-08-05 17:38:05,rhi,rhi,hou-rhi-cell-track-20-deg,60.946655,60.946655,0.6591797,19.401855,0.0,109900.0,60.9466552734375,12000.0,49.888847,21959,21611,4966,0,3898,0,21959
731,2022-08-05 17:38:17,ppi,ppi,hou-ppi-cell-track-20-deg,49.08142,61.16638,2.9992676,16.00708,0.0,109900.0,55.8489990234375,15800.0,56.29628,42329,41220,14378,44,3491,0,42331
732,2022-08-05 17:38:45,rhi,rhi,hou-rhi-cell-track-20-deg,55.1239,55.167847,0.6591797,19.379883,0.0,109900.0,55.1239013671875,11000.0,54.27111,20074,19542,6908,19,2696,7,20074
733,2022-08-05 17:39:03,rhi,rhi,hou-rhi-cell-track-20-deg,55.014038,55.10193,0.6591797,19.401855,0.0,109900.0,55.1019287109375,12200.0,52.166714,19942,19426,6938,25,2522,4,19942
734,2022-08-05 17:39:21,rhi,rhi,hou-rhi-cell-track-20-deg,52.245483,52.267456,0.63720703,19.412842,0.0,109900.0,52.2674560546875,10900.0,51.94041,20265,19553,7081,20,2679,0,20265
735,2022-08-05 17:39:38,rhi,rhi,hou-rhi-cell-track-20-deg,59.452515,59.452515,0.6591797,19.379883,0.0,109900.0,59.4525146484375,12000.0,53.822624,19847,19488,6051,24,2857,0,19847
736,2022-08-05 17:39:54,ppi,ppi,hou-ppi-cell-track-20-deg,49.092407,61.16638,2.9992676,16.00708,0.0,109900.0,57.5958251953125,11900.0,53.58639,42116,41032,14838,92,3138,0,42116
737,2022-08-05 17:40:24,rhi,rhi,hou-rhi-cell-track-20-deg,55.10193,55.145874,0.6591797,19.379883,0.0,109900.0,55.1458740234375,11300.0,55.947697,19750,19212,6686,56,2403,0,19750
738,2022-08-05 17:40:40,rhi,rhi,hou-rhi-cell-track-20-deg,55.057983,55.057983,0.64819336,19.423828,0.0,109900.0,55.0579833984375,11700.0,54.10976,19809,19232,6785,43,2402,0,19809
739,2022-08-05 17:40:59,rhi,rhi,hou-rhi-cell-track-20-deg,51.015015,51.015015,0.68115234,19.401855,0.0,109900.0,51.0150146484375,14100.0,53.252274,20032,19297,7367,46,2619,0,20032
740,2022-08-05 17:41:15,rhi,rhi,hou-rhi-cell-track-20-deg,58.947144,58.99109,0.6591797,19.379883,0.0,109900.0,58.9691162109375,11900.0,53.886295,18023,17620,6561,47,2047,0,18023
741,2022-08-05 17:41:27,ppi,ppi,hou-ppi-cell-track-20-deg,49.08142,61.155396,2.9992676,16.00708,0.0,109900.0,60.8477783203125,11800.0,55.408623,41084,39972,15316,132,2922,0,41084
742,2022-08-05 17:41:55,rhi,rhi,hou-rhi-cell-track-20-deg,55.079956,55.145874,0.6591797,19.412842,0.0,109900.0,55.0799560546875,11300.0,53.28827,18587,18110,6558,92,1927,0,18587
743,2022-08-05 17:42:09,rhi,rhi,hou-rhi-cell-track-20-deg,55.079956,55.079956,0.68115234,19.39087,0.0,109900.0,55.0799560546875,10200.0,54.466774,18666,18201,6703,99,1855,0,18666
744,2022-08-05 17:42:24,rhi,rhi,hou-rhi-cell-track-20-deg,50.48767,50.509644,0.6591797,19.423828,0.0,109900.0,50.4876708984375,13800.0,52.826694,20196,19475,7880,29,2792,0,20196
745,2022-08-05 17:42:40,rhi,rhi,hou-rhi-cell-track-20-deg,49.674683,49.696655,0.6591797,19.401855,0.0,109900.0,49.6746826171875,9200.0,52.29875,20267,19455,7450,24,2808,0,20267
746,2022-08-05 17:42:53,ppi,ppi,hou-ppi-cell-track-20-deg,49.092407,61.155396,2.977295,16.00708,0.0,109900.0,57.3870849609375,11800.0,54.107594,40783,39708,14921,129,2971,0,40783
747,2022-08-05 17:43:21,rhi,rhi,hou-rhi-cell-track-20-deg,55.03601,55.03601,0.64819336,19.423828,0.0,109900.0,55.0360107421875,11700.0,55.289948,18653,18226,6779,112,1997,0,18653
748,2022-08-05 17:43:39,rhi,rhi,hou-rhi-cell-track-20-deg,55.10193,55.10193,0.63720703,19.401855,0.0,109900.0,55.1019287109375,12000.0,55.565437,18513,18018,6654,130,2025,0,18513
749,2022-08-05 17:43:54,rhi,rhi,hou-rhi-cell-track-20-deg,49.213257,49.213257,0.6591797,19.401855,0.0,109900.0,49.2132568359375,8400.0,51.782776,20122,19360,7108,18,2826,0,20122
750,2022-08-05 17:44:09,rhi,rhi,hou-rhi-cell-track-20-deg,49.4989,49.520874,0.68115234,19.401855,0.0,109900.0,49.4989013671875,8200.0,52.167007,20261,19553,7102,19,2872,0,20262
751,2022-08-05 17:44:21,ppi,ppi,hou-ppi-cell-track-20-deg,49.092407,61.16638,2.977295,15.985107,0.0,109900.0,50.3997802734375,13400.0,55.893692,40985,40000,14712,169,3227,0,40985
752,2022-08-05 17:44:49,rhi,rhi,hou-rhi-cell-track-20-deg,55.03601,55.03601,0.68115234,19.401855,0.0,109900.0,55.0360107421875,9200.0,55.950962,17699,17112,6730,123,1604,0,17699
753,2022-08-05 17:45:06,rhi,rhi,hou-rhi-cell-track-20-deg,55.10193,55.10193,0.64819336,19.379883,0.0,109900.0,55.1019287109375,9200.0,54.15146,17300,16748,6547,123,1500,0,17300
754,2022-08-05 17:45:24,rhi,rhi,hou-rhi-cell-track-20-deg,50.927124,50.949097,0.670166,19.379883,0.0,109900.0,50.9490966796875,11300.0,53.02607,20323,19790,7674,49,2608,0,20323
755,2022-08-05 17:45:40,rhi,rhi,hou-rhi-cell-track-20-deg,61.034546,61.05652,0.6591797,19.39087,0.0,109900.0,61.0345458984375,10500.0,54.10131,18846,18329,6746,51,2611,0,18846
756,2022-08-05 17:45:52,ppi,ppi,hou-ppi-cell-track-20-deg,49.05945,61.155396,3.010254,16.00708,0.0,109900.0,54.8382568359375,9500.0,54.302616,41032,39955,14517,183,3657,0,41032
757,2022-08-05 17:46:20,rhi,rhi,hou-rhi-cell-track-20-deg,55.1239,55.145874,0.64819336,19.423828,0.0,109900.0,55.1458740234375,11900.0,53.544056,17969,17301,6984,103,1688,0,17969
758,2022-08-05 17:46:35,rhi,rhi,hou-rhi-cell-track-20-deg,55.079956,55.079956,0.6591797,19.401855,0.0,109900.0,55.0799560546875,8800.0,54.273865,18107,17468,7077,93,1844,0,18107
759,2022-08-05 17:46:54,rhi,rhi,hou-rhi-cell-track-20-deg,49.23523,49.257202,0.63720703,19.401855,0.0,109900.0,49.2572021484375,11100.0,52.21315,20063,19490,6801,28,2844,0,20063
760,2022-08-05 17:47:08,rhi,rhi,hou-rhi-cell-track-20-deg,60.72693,60.7489,0.68115234,19.379883,0.0,109900.0,60.7269287109375,9700.0,53.721863,17893,17396,6359,83,2367,0,17893
761,2022-08-05 17:47:22,ppi,ppi,hou-ppi-cell-track-20-deg,49.092407,61.14441,2.9992676,16.029053,0.0,109900.0,52.1795654296875,11200.0,55.325714,40964,39902,14137,156,3882,0,40964
762,2022-08-05 17:47:50,rhi,rhi,hou-rhi-cell-track-20-deg,55.1239,55.145874,0.6591797,19.401855,0.0,109900.0,55.1239013671875,9600.0,53.08785,18248,17634,7114,72,1987,0,18248
763,2022-08-05 17:48:04,rhi,rhi,hou-rhi-cell-track-20-deg,55.057983,55.057983,0.63720703,19.423828,0.0,109900.0,55.0579833984375,9700.0,52.645973,17922,17355,6873,50,1967,0,17922
764,2022-08-05 17:48:19,rhi,rhi,hou-rhi-cell-track-20-deg,49.9823,50.004272,0.68115234,19.401855,0.0,109900.0,49.9822998046875,10700.0,53.47081,20748,20208,7103,22,2998,0,20748
765,2022-08-05 17:48:35,rhi,rhi,hou-rhi-cell-track-20-deg,50.180054,50.180054,0.63720703,19.401855,0.0,109900.0,50.1800537109375,10900.0,53.261074,20508,19992,7014,23,2937,0,20508
766,2022-08-05 17:48:47,ppi,ppi,hou-ppi-cell-track-20-deg,49.092407,61.16638,2.9992676,16.00708,0.0,109900.0,58.3648681640625,8800.0,53.707756,40318,39269,13514,135,4026,0,40318
767,2022-08-05 17:49:15,rhi,rhi,hou-rhi-cell-track-20-deg,55.057983,55.057983,0.670166,19.379883,0.0,109900.0,55.0579833984375,10200.0,52.616913,18179,17521,6965,65,2175,0,18179
768,2022-08-05 17:49:35,rhi,rhi,hou-rhi-cell-track-20-deg,55.10193,55.10193,0.64819336,19.423828,0.0,109900.0,55.1019287109375,10100.0,54.275253,18256,17530,7036,71,2146,0,18256
769,2022-08-05 17:49:49,rhi,rhi,hou-rhi-cell-track-20-deg,48.90564,48.949585,0.64819336,19.423828,0.0,109900.0,48.9495849609375,12700.0,51.47088,20711,20234,6800,10,3503,0,20711
770,2022-08-05 17:50:03,rhi,rhi,hou-rhi-cell-track-20-deg,55.76111,55.827026,0.670166,19.379883,0.0,109900.0,55.8050537109375,10100.0,52.393234,18063,17302,7088,55,2123,0,18063
771,2022-08-05 17:50:17,ppi,ppi,hou-ppi-cell-track-20-deg,49.092407,61.16638,2.9992676,16.00708,0.0,109900.0,58.0792236328125,9300.0,52.977894,41153,40068,14547,119,4322,0,41153
772,2022-08-05 17:50:45,rhi,rhi,hou-rhi-cell-track-20-deg,55.079956,55.145874,0.64819336,19.379883,0.0,109900.0,55.1239013671875,10400.0,54.05278,18026,17251,7339,57,2063,0,18026
773,2022-08-05 17:51:04,rhi,rhi,hou-rhi-cell-track-20-deg,55.079956,55.079956,0.6591797,19.379883,0.0,109900.0,55.0799560546875,7800.0,53.17142,18368,17574,7486,88,2234,0,18368
774,2022-08-05 17:51:19,rhi,rhi,hou-rhi-cell-track-20-deg,50.267944,50.267944,0.68115234,19.412842,0.0,109900.0,50.2679443359375,12300.0,54.65592,19423,18852,7104,35,2869,0,19423
775,2022-08-05 17:51:34,rhi,rhi,hou-rhi-cell-track-20-deg,51.696167,51.71814,0.6591797,19.401855,0.0,109900.0,51.6961669921875,10100.0,52.297165,19407,18705,7493,46,2568,0,19407
776,2022-08-05 17:51:48,ppi,ppi,hou-ppi-cell-track-20-deg,49.08142,61.155396,2.9992676,16.00708,0.0,109900.0,50.9051513671875,9900.0,53.639893,41722,40514,15247,107,4460,0,41724
777,2022-08-05 17:52:16,rhi,rhi,hou-rhi-cell-track-20-deg,55.03601,55.10193,0.64819336,19.423828,0.0,109900.0,55.0360107421875,9900.0,54.44122,18544,17736,7541,56,2624,0,18544
778,2022-08-05 17:52:34,rhi,rhi,hou-rhi-cell-track-20-deg,55.10193,55.10193,0.64819336,19.423828,0.0,109900.0,55.1019287109375,10000.0,53.08662,18555,17798,7690,55,2649,0,18556
779,2022-08-05 17:52:49,rhi,rhi,hou-rhi-cell-track-20-deg,50.421753,50.421753,0.64819336,19.423828,0.0,109900.0,50.4217529296875,12300.0,53.906334,19243,18680,7365,44,2818,0,19243
780,2022-08-05 17:53:04,rhi,rhi,hou-rhi-cell-track-20-deg,52.487183,52.487183,0.6591797,19.401855,0.0,109900.0,52.4871826171875,9700.0,52.122833,18851,18203,7638,38,2752,0,18852
781,2022-08-05 17:53:18,ppi,ppi,hou-ppi-cell-track-20-deg,49.103394,61.16638,2.9992676,16.029053,0.0,109900.0,52.8167724609375,11300.0,53.093838,42454,41457,15964,60,4834,0,42454
782,2022-08-05 17:53:46,rhi,rhi,hou-rhi-cell-track-20-deg,55.057983,55.057983,0.64819336,19.423828,0.0,109900.0,55.0579833984375,11300.0,56.08007,18991,18219,7846,47,3074,0,18991
783,2022-08-05 17:54:05,rhi,rhi,hou-rhi-cell-track-20-deg,55.10193,55.10193,0.68115234,19.379883,0.0,109900.0,55.1019287109375,9900.0,51.921146,19205,18433,7932,32,3322,0,19205
784,2022-08-05 17:54:24,rhi,rhi,hou-rhi-cell-track-20-deg,60.946655,60.968628,0.670166,19.379883,0.0,109900.0,60.9686279296875,6800.0,53.074833,21462,20907,8553,14,4237,0,21462
785,2022-08-05 17:54:39,rhi,rhi,hou-rhi-cell-track-20-deg,50.97107,51.015015,0.6591797,19.423828,0.0,109900.0,50.9930419921875,8100.0,53.05641,19855,19293,7828,31,3473,0,19855
786,2022-08-05 17:54:51,ppi,ppi,hou-ppi-cell-track-20-deg,49.08142,61.16638,2.9992676,16.00708,0.0,109900.0,57.6068115234375,10100.0,52.543808,43536,42628,16521,51,5336,0,43536
787,2022-08-05 17:55:19,rhi,rhi,hou-rhi-cell-track-20-deg,55.057983,55.057983,0.63720703,19.412842,0.0,109900.0,55.0579833984375,11500.0,51.980255,19582,18894,8259,26,3570,0,19582
788,2022-08-05 17:55:35,rhi,rhi,hou-rhi-cell-track-20-deg,55.1239,55.1239,0.6591797,19.379883,0.0,109900.0,55.1239013671875,8600.0,52.427647,19588,18921,8233,21,3661,0,19588
789,2022-08-05 17:55:54,rhi,rhi,hou-rhi-cell-track-20-deg,60.704956,60.72693,0.670166,19.379883,0.0,109900.0,60.7269287109375,15400.0,52.88028,22182,21668,8838,4,4615,0,22182
790,2022-08-05 17:56:08,rhi,rhi,hou-rhi-cell-track-20-deg,51.498413,51.520386,0.63720703,19.412842,0.0,109900.0,51.4984130859375,7600.0,51.02767,19818,19043,8469,9,3561,0,19818
791,2022-08-05 17:56:21,ppi,ppi,hou-ppi-cell-track-20-deg,49.103394,61.16638,2.9992676,16.00708,0.0,109900.0,51.6082763671875,8600.0,53.230583,44479,43503,17260,53,5776,0,44479
792,2022-08-05 17:56:49,rhi,rhi,hou-rhi-cell-track-20-deg,55.057983,55.057983,0.670166,19.379883,0.0,109900.0,55.0579833984375,14800.0,52.096848,19519,18896,8346,24,3686,0,19519
793,2022-08-05 17:57:06,rhi,rhi,hou-rhi-cell-track-20-deg,55.10193,55.10193,0.6591797,19.401855,0.0,109900.0,55.1019287109375,11200.0,51.11972,19623,19017,8373,12,3746,0,19623
794,2022-08-05 17:57:24,rhi,rhi,hou-rhi-cell-track-20-deg,59.694214,59.694214,0.670166,19.401855,0.0,109900.0,59.6942138671875,15100.0,52.294262,22161,21617,9057,9,4441,0,22161
795,2022-08-05 17:57:39,rhi,rhi,hou-rhi-cell-track-20-deg,50.24597,50.267944,0.6591797,19.401855,0.0,109900.0,50.2679443359375,10500.0,53.993862,19284,18597,8000,35,3832,0,19284
796,2022-08-05 17:57:52,ppi,ppi,hou-ppi-cell-track-20-deg,49.092407,61.16638,2.9992676,16.00708,0.0,109900.0,54.3438720703125,14300.0,52.279392,44428,43534,17500,26,5766,0,44428
797,2022-08-05 17:58:20,rhi,rhi,hou-rhi-cell-track-20-deg,55.057983,55.057983,0.6591797,19.379883,0.0,109900.0,55.0579833984375,14800.0,51.58779,19142,18560,8304,10,3507,0,19142
798,2022-08-05 17:58:39,rhi,rhi,hou-rhi-cell-track-20-deg,55.10193,55.10193,0.63720703,19.401855,0.0,109900.0,55.1019287109375,14500.0,54.860943,18817,18258,8078,11,3251,0,18817
799,2022-08-05 17:58:55,rhi,rhi,hou-rhi-cell-track-20-deg,60.199585,60.221558,0.670166,19.379883,0.0,109900.0,60.1995849609375,15400.0,50.06842,22886,22254,9196,2,4719,2,22886
800,2022-08-05 17:59:10,rhi,rhi,hou-rhi-cell-track-20-deg,50.72937,50.773315,0.63720703,19.423828,0.0,109900.0,50.7733154296875,10800.0,52.074314,18973,18394,7846,10,3716,0,18973
801,2022-08-05 17:59:27,ppi,ppi,hou-ppi-cell-track-20-deg,49.05945,61.16638,2.9882812,16.00708,0.0,109900.0,55.8380126953125,14400.0,53.28479,42970,41905,16527,16,5225,0,42970
802,2022-08-05 17:59:55,rhi,rhi,hou-rhi-cell-track-20-deg,55.057983,55.057983,0.63720703,19.412842,0.0,109900.0,55.0579833984375,14400.0,54.030678,18217,17574,7869,13,2870,0,18217
803,2022-08-05 18:00:14,rhi,rhi,hou-rhi-cell-track-20-deg,55.10193,55.10193,0.63720703,19.423828,0.0,109900.0,55.1019287109375,14100.0,53.380444,18363,17671,7846,4,2963,0,18363
804,2022-08-05 18:00:29,rhi,rhi,hou-rhi-cell-track-20-deg,60.221558,60.221558,0.6591797,19.423828,0.0,109900.0,60.2215576171875,15900.0,49.236298,23696,22997,9075,0,4995,0,23696
805,2022-08-05 18:00:44,rhi,rhi,hou-rhi-cell-track-20-deg,52.003784,52.04773,0.63720703,19.379883,0.0,109900.0,52.0037841796875,14500.0,50.71423,18144,17548,7879,2,3325,0,18144
806,2022-08-05 18:00:57,ppi,ppi,hou-ppi-cell-track-20-deg,49.092407,61.14441,3.0212402,16.00708,0.0,109900.0,54.5745849609375,14000.0,54.199875,43879,42544,16527,18,5483,0,43879
807,2022-08-05 18:01:25,rhi,rhi,hou-rhi-cell-track-20-deg,55.057983,55.057983,0.64819336,19.423828,0.0,109900.0,55.0579833984375,13600.0,53.34364,18622,17923,7843,10,3101,0,18622
808,2022-08-05 18:01:38,rhi,rhi,hou-rhi-cell-track-20-deg,55.10193,55.10193,0.64819336,19.423828,0.0,109900.0,55.1019287109375,13600.0,53.978256,19083,18309,8087,8,3132,0,19083
809,2022-08-05 18:01:53,rhi,rhi,hou-rhi-cell-track-20-deg,59.452515,59.474487,0.6591797,19.39087,0.0,109900.0,59.4525146484375,14800.0,49.463917,24140,23405,9053,0,5278,2,24140
810,2022-08-05 18:02:10,rhi,rhi,hou-rhi-cell-track-20-deg,52.487183,52.509155,0.68115234,19.401855,0.0,109900.0,52.5091552734375,13700.0,53.4282,18794,17982,7939,9,3561,0,18794
811,2022-08-05 18:02:26,ppi,ppi,hou-ppi-cell-track-20-deg,49.08142,61.188354,2.9992676,16.00708,0.0,109900.0,50.9161376953125,9200.0,52.97657,46594,45038,17041,26,6766,0,46594
812,2022-08-05 18:02:54,rhi,rhi,hou-rhi-cell-track-20-deg,55.03601,55.03601,0.63720703,19.401855,0.0,109900.0,55.0360107421875,9300.0,52.840576,20250,19551,8270,12,3729,0,20250
813,2022-08-05 18:03:10,rhi,rhi,hou-rhi-cell-track-20-deg,55.10193,55.10193,0.6591797,19.401855,0.0,109900.0,55.1019287109375,13300.0,52.868782,20772,20063,8355,13,3866,0,20772
814,2022-08-05 18:03:25,rhi,rhi,hou-rhi-cell-track-20-deg,50.90515,50.927124,0.64819336,19.423828,0.0,109900.0,50.9271240234375,13700.0,52.522453,19729,18858,8064,9,4147,0,19729
815,2022-08-05 18:03:40,rhi,rhi,hou-rhi-cell-track-20-deg,52.487183,52.487183,0.68115234,19.39087,0.0,109900.0,52.4871826171875,13600.0,50.995438,19900,19095,8141,6,4071,0,19900
816,2022-08-05 18:03:53,ppi,ppi,hou-ppi-cell-track-20-deg,49.103394,61.14441,2.9882812,16.00708,0.0,109900.0,49.6087646484375,12700.0,54.326637,49853,48201,17533,26,8407,0,49853
817,2022-08-05 18:04:21,rhi,rhi,hou-rhi-cell-track-20-deg,55.057983,55.057983,0.63720703,19.401855,0.0,109900.0,55.0579833984375,10200.0,51.315456,21542,20873,8520,11,4126,4,21542
818,2022-08-05 18:04:39,rhi,rhi,hou-rhi-cell-track-20-deg,55.10193,55.10193,0.6591797,19.401855,0.0,109900.0,55.1019287109375,13100.0,52.235138,21932,21291,8511,9,4198,2,21932
819,2022-08-05 18:04:55,rhi,rhi,hou-rhi-cell-track-20-deg,59.694214,59.7052,0.6591797,19.401855,0.0,109900.0,59.6942138671875,13900.0,52.28096,27324,26729,8878,20,7740,0,27324
820,2022-08-05 18:05:14,rhi,rhi,hou-rhi-cell-track-20-deg,52.003784,52.003784,0.64819336,19.401855,0.0,109900.0,52.0037841796875,9200.0,51.49149,20566,19782,7731,6,4397,0,20566
821,2022-08-05 18:05:26,ppi,ppi,hou-ppi-cell-track-20-deg,49.08142,61.16638,2.977295,16.00708,0.0,109900.0,52.3223876953125,12600.0,52.373993,51801,50266,16738,21,9188,0,51801
822,2022-08-05 18:05:54,rhi,rhi,hou-rhi-cell-track-20-deg,55.03601,55.03601,0.670166,19.379883,0.0,109900.0,55.0360107421875,12300.0,51.15862,22656,22043,8408,2,4328,0,22656
823,2022-08-05 18:06:11,rhi,rhi,hou-rhi-cell-track-20-deg,55.10193,55.10193,0.6591797,19.379883,0.0,109900.0,55.1019287109375,11000.0,51.988327,23047,22443,8425,6,4494,0,23047
824,2022-08-05 18:06:30,rhi,rhi,hou-rhi-cell-track-20-deg,52.992554,52.992554,0.68115234,19.401855,0.0,109900.0,52.9925537109375,12100.0,50.954987,21738,21086,7821,2,4598,0,21738
825,2022-08-05 18:06:44,rhi,rhi,hou-rhi-cell-track-20-deg,59.01306,59.057007,0.64819336,19.423828,0.0,109900.0,59.0130615234375,14100.0,51.83186,27217,26627,8606,6,7868,0,27217
826,2022-08-05 18:06:57,ppi,ppi,hou-ppi-cell-track-20-deg,49.08142,61.16638,2.9992676,16.00708,0.0,109900.0,50.5865478515625,11400.0,53.9917,53626,52072,16596,17,9679,0,53626
827,2022-08-05 18:07:25,rhi,rhi,hou-rhi-cell-track-20-deg,55.1239,55.145874,0.6591797,19.379883,0.0,109900.0,55.1239013671875,13400.0,51.374344,23659,23077,8574,8,4777,0,23659
828,2022-08-05 18:07:40,rhi,rhi,hou-rhi-cell-track-20-deg,54.992065,55.057983,0.670166,19.379883,0.0,109900.0,54.9920654296875,14100.0,51.42904,23712,23153,8488,5,4827,0,23712
829,2022-08-05 18:08:00,rhi,rhi,hou-rhi-cell-track-20-deg,52.531128,52.531128,0.68115234,19.423828,0.0,109900.0,52.5311279296875,8300.0,51.514923,22178,21614,7908,6,4265,0,22178
830,2022-08-05 18:08:15,rhi,rhi,hou-rhi-cell-track-20-deg,55.45349,55.497437,0.68115234,19.39087,0.0,109900.0,55.4534912109375,12000.0,50.357986,24472,23845,8221,2,5397,0,24472
831,2022-08-05 18:08:33,ppi,ppi,hou-ppi-cell-track-20-deg,49.05945,61.16638,3.010254,16.00708,0.0,109900.0,49.1583251953125,11800.0,52.677036,54762,53358,15758,18,10143,0,54762
832,2022-08-05 18:09:01,rhi,rhi,hou-rhi-cell-track-20-deg,55.1239,55.167847,0.64819336,19.379883,0.0,109900.0,55.1458740234375,13100.0,52.79521,24445,23839,8092,6,5320,0,24445
833,2022-08-05 18:09:19,rhi,rhi,hou-rhi-cell-track-20-deg,55.057983,55.057983,0.63720703,19.423828,0.0,109900.0,55.0579833984375,13400.0,52.2106,24514,23948,8055,6,5412,0,24515
834,2022-08-05 18:09:34,rhi,rhi,hou-rhi-cell-track-20-deg,60.265503,60.287476,0.64819336,19.401855,0.0,109900.0,60.2874755859375,14300.0,50.42107,27548,26972,8087,1,8987,0,27550
835,2022-08-05 18:09:49,rhi,rhi,hou-rhi-cell-track-20-deg,58.485718,58.485718,0.6591797,19.379883,0.0,109900.0,58.4857177734375,13900.0,49.2991,27940,27288,7892,0,8681,0,27940
836,2022-08-05 18:10:04,ppi,ppi,hou-ppi-cell-track-20-deg,49.070435,61.14441,2.9992676,16.00708,0.0,109900.0,50.0701904296875,10400.0,53.070404,55266,54133,15188,19,10427,0,55266
837,2022-08-05 18:10:32,rhi,rhi,hou-rhi-cell-track-20-deg,55.079956,55.167847,0.68115234,19.401855,0.0,109900.0,55.0799560546875,13000.0,50.009308,24875,24288,7859,1,5681,0,24875
838,2022-08-05 18:10:50,rhi,rhi,hou-rhi-cell-track-20-deg,55.079956,55.079956,0.6591797,19.379883,0.0,109900.0,55.0799560546875,13300.0,49.640106,25085,24530,7754,0,5870,0,25085
839,2022-08-05 18:11:09,rhi,rhi,hou-rhi-cell-track-20-deg,51.278687,51.278687,0.670166,19.379883,0.0,109900.0,51.2786865234375,10700.0,53.10132,22335,21979,6879,21,4013,0,22335
840,2022-08-05 18:11:24,rhi,rhi,hou-rhi-cell-track-20-deg,50.202026,50.224,0.6591797,19.401855,0.0,109900.0,50.2239990234375,10700.0,54.308567,22063,21733,6534,22,4223,0,22063
841,2022-08-05 18:11:37,ppi,ppi,hou-ppi-cell-track-20-deg,49.08142,61.155396,2.9992676,16.00708,0.0,109900.0,49.4110107421875,10200.0,54.048782,55259,54458,13933,19,10646,0,55259
842,2022-08-05 18:12:05,rhi,rhi,hou-rhi-cell-track-20-deg,55.057983,55.057983,0.64819336,19.423828,0.0,109900.0,55.0579833984375,10600.0,49.803722,25736,25178,7164,0,6521,0,25736
843,2022-08-05 18:12:19,rhi,rhi,hou-rhi-cell-track-20-deg,55.10193,55.10193,0.6591797,19.379883,0.0,109900.0,55.1019287109375,11000.0,50.63402,26073,25560,7035,1,6856,0,26073
844,2022-08-05 18:12:36,rhi,rhi,hou-rhi-cell-track-20-deg,60.968628,60.968628,0.6591797,19.401855,0.0,109900.0,60.9686279296875,12500.0,50.18254,25652,25134,6915,1,7742,0,25653
845,2022-08-05 18:12:54,rhi,rhi,hou-rhi-cell-track-20-deg,60.968628,60.9906,0.670166,19.401855,0.0,109900.0,60.9906005859375,12300.0,48.589935,25584,25087,6786,0,7576,0,25585
846,2022-08-05 18:13:06,ppi,ppi,hou-ppi-cell-track-20-deg,49.08142,61.14441,3.0212402,16.00708,0.0,109900.0,50.8172607421875,9900.0,52.53601,56332,55401,12939,19,11101,0,56332
847,2022-08-05 18:13:34,rhi,rhi,hou-rhi-cell-track-20-deg,55.10193,55.1239,0.6591797,19.401855,0.0,109900.0,55.1019287109375,9700.0,51.830887,26170,25712,6509,4,6998,0,26170
848,2022-08-05 18:13:49,rhi,rhi,hou-rhi-cell-track-20-deg,55.079956,55.079956,0.68115234,19.39087,0.0,109900.0,55.0799560546875,9300.0,51.42752,26195,25713,6350,6,6949,0,26195
849,2022-08-05 18:14:06,rhi,rhi,hou-rhi-cell-track-20-deg,60.265503,60.265503,0.68115234,19.423828,0.0,109900.0,60.2655029296875,12300.0,47.922485,26077,25567,6119,0,7800,0,26078
850,2022-08-05 18:14:26,rhi,rhi,hou-rhi-cell-track-20-deg,60.48523,60.48523,0.64819336,19.423828,0.0,109900.0,60.4852294921875,11800.0,49.18511,25633,25105,5636,0,7531,0,25633
851,2022-08-05 18:14:42,ppi,ppi,hou-ppi-cell-track-20-deg,49.092407,61.155396,2.9992676,16.00708,0.0,109900.0,53.3990478515625,9000.0,52.733925,54977,54163,11053,11,10555,0,54977
852,2022-08-05 18:15:10,rhi,rhi,hou-rhi-cell-track-20-deg,55.1239,55.145874,0.6591797,19.379883,0.0,109900.0,55.1239013671875,9400.0,50.821712,25813,25335,5339,2,6897,0,25813
853,2022-08-05 18:15:24,rhi,rhi,hou-rhi-cell-track-20-deg,55.079956,55.079956,0.6591797,19.401855,0.0,109900.0,55.0799560546875,8300.0,51.64043,25889,25445,5301,4,6931,0,25889
854,2022-08-05 18:15:40,rhi,rhi,hou-rhi-cell-track-20-deg,60.265503,60.287476,0.6591797,19.379883,0.0,109900.0,60.2874755859375,9000.0,47.83988,25311,24765,4827,0,7202,0,25312
855,2022-08-05 18:15:56,rhi,rhi,hou-rhi-cell-track-20-deg,60.72693,60.72693,0.68115234,19.39087,0.0,109900.0,60.7269287109375,11100.0,47.123615,24578,24003,4546,0,6633,0,24578
856,2022-08-05 18:16:12,ppi,ppi,hou-ppi-cell-track-20-deg,49.08142,61.16638,2.9992676,16.00708,0.0,109900.0,52.5640869140625,9600.0,55.12357,55594,54849,10507,8,10854,0,55594
857,2022-08-05 18:16:40,rhi,rhi,hou-rhi-cell-track-20-deg,55.079956,55.167847,0.6591797,19.379883,0.0,109900.0,55.1458740234375,8200.0,51.13942,26620,26167,5302,2,7584,0,26620
858,2022-08-05 18:17:01,rhi,rhi,hou-rhi-cell-track-20-deg,55.079956,55.079956,0.670166,19.39087,0.0,109900.0,55.0799560546875,8000.0,51.762085,26638,26215,5261,2,7591,0,26639
859,2022-08-05 18:17:21,rhi,rhi,hou-rhi-cell-track-20-deg,54.926147,55.03601,0.670166,19.379883,0.0,109900.0,55.0360107421875,8300.0,49.507412,26660,26247,5251,0,7635,0,26660
860,2022-08-05 18:17:40,rhi,rhi,hou-rhi-cell-track-20-deg,56.420288,56.44226,0.68115234,19.379883,0.0,109900.0,56.4422607421875,8500.0,49.479034,27133,26676,4997,0,8183,0,27133
861,2022-08-05 18:17:53,ppi,ppi,hou-ppi-cell-track-20-deg,49.08142,61.16638,2.977295,16.00708,0.0,109900.0,52.5860595703125,7600.0,50.719666,55417,54737,10003,4,11124,0,55418
862,2022-08-05 18:18:20,rhi,rhi,hou-rhi-cell-track-20-deg,55.10193,55.167847,0.670166,19.39087,0.0,109900.0,55.1019287109375,8400.0,48.07796,26456,26048,4924,0,7524,0,26458
863,2022-08-05 18:18:39,rhi,rhi,hou-rhi-cell-track-20-deg,55.057983,55.057983,0.63720703,19.423828,0.0,109900.0,55.0579833984375,8200.0,48.06404,26508,26093,4872,0,7564,0,26509
864,2022-08-05 18:18:54,rhi,rhi,hou-rhi-cell-track-20-deg,57.25525,57.27722,0.68115234,19.401855,0.0,109900.0,57.2772216796875,8400.0,47.33779,26167,25684,4631,0,7780,0,26168
865,2022-08-05 18:19:10,rhi,rhi,hou-rhi-cell-track-20-deg,59.935913,59.935913,0.68115234,19.39087,0.0,109900.0,59.9359130859375,8300.0,49.46968,24426,23950,3942,0,6380,0,24429
866,2022-08-05 18:19:21,ppi,ppi,hou-ppi-cell-track-20-deg,49.070435,61.155396,2.977295,16.00708,0.0,109900.0,51.6082763671875,7200.0,50.725708,55865,55179,10475,1,11453,0,55865
867,2022-08-05 18:19:49,rhi,rhi,hou-rhi-cell-track-20-deg,55.1239,55.167847,0.64819336,19.423828,0.0,109900.0,55.1458740234375,8700.0,45.948376,27386,27036,5291,0,8233,0,27386
868,2022-08-05 18:20:05,rhi,rhi,hou-rhi-cell-track-20-deg,55.079956,55.10193,0.6591797,19.401855,0.0,109900.0,55.0799560546875,9000.0,47.474003,27317,26992,5364,0,8225,0,27318
869,2022-08-05 18:20:19,rhi,rhi,hou-rhi-cell-track-20-deg,58.00232,58.00232,0.670166,19.379883,0.0,109900.0,58.0023193359375,8700.0,46.666603,26664,26219,4660,0,8040,0,26664
870,2022-08-05 18:20:33,rhi,rhi,hou-rhi-cell-track-20-deg,49.65271,49.696655,0.64819336,19.423828,0.0,109900.0,49.6527099609375,6800.0,48.298286,24590,24136,5104,0,5363,0,24590
871,2022-08-05 18:20:46,ppi,ppi,hou-ppi-cell-track-20-deg,49.092407,61.155396,2.977295,16.00708,0.0,109900.0,49.6527099609375,7700.0,50.467636,57294,56797,11423,1,12127,0,57297
872,2022-08-05 18:21:14,rhi,rhi,hou-rhi-cell-track-20-deg,55.057983,55.057983,0.670166,19.379883,0.0,109900.0,55.0579833984375,7200.0,46.54263,27651,27331,5209,0,8398,0,27651
873,2022-08-05 18:21:30,rhi,rhi,hou-rhi-cell-track-20-deg,55.10193,55.10193,0.68115234,19.401855,0.0,109900.0,55.1019287109375,8000.0,46.39835,27705,27368,5001,0,8446,0,27705
874,2022-08-05 18:21:49,rhi,rhi,hou-rhi-cell-track-20-deg,54.662476,54.662476,0.63720703,19.423828,0.0,109900.0,54.6624755859375,7700.0,48.313942,27526,27204,4966,0,8211,0,27527
875,2022-08-05 18:22:04,rhi,rhi,hou-rhi-cell-track-20-deg,57.76062,57.782593,0.670166,19.379883,0.0,109900.0,57.7606201171875,6800.0,44.713074,26148,25726,4395,0,7723,0,26149
876,2022-08-05 18:22:17,ppi,ppi,hou-ppi-cell-track-20-deg,49.092407,61.14441,2.9992676,15.985107,0.0,109900.0,51.8389892578125,7000.0,47.067776,57030,56578,10689,0,12024,0,57030
877,2022-08-05 18:22:45,rhi,rhi,hou-rhi-cell-track-20-deg,55.1239,55.145874,0.6591797,19.401855,0.0,109900.0,55.1458740234375,6300.0,44.798344,27701,27329,4750,0,8312,0,27701
878,2022-08-05 18:22:59,rhi,rhi,hou-rhi-cell-track-20-deg,55.079956,55.079956,0.64819336,19.401855,0.0,109900.0,55.0799560546875,6300.0,42.830467,27756,27413,4776,0,8397,0,27756
879,2022-08-05 18:23:13,rhi,rhi,hou-rhi-cell-track-20-deg,55.54138,55.54138,0.670166,19.379883,0.0,109900.0,55.5413818359375,6700.0,43.540894,27621,27252,4707,0,8340,0,27622
880,2022-08-05 18:23:29,rhi,rhi,hou-rhi-cell-track-20-deg,50.685425,50.72937,0.670166,19.423828,0.0,109900.0,50.6854248046875,5900.0,44.312637,26142,25939,5656,0,7208,0,26142
881,2022-08-05 18:23:41,ppi,ppi,hou-ppi-cell-track-20-deg,49.08142,61.16638,3.0212402,16.00708,0.0,109900.0,49.3890380859375,6200.0,43.647976,57473,56959,10678,0,11901,0,57476
882,2022-08-05 18:24:09,rhi,rhi,hou-rhi-cell-track-20-deg,55.057983,55.057983,0.670166,19.379883,0.0,109900.0,55.0579833984375,9700.0,42.911983,27783,27415,4959,0,8279,0,27785
883,2022-08-05 18:24:26,rhi,rhi,hou-rhi-cell-track-20-deg,55.10193,55.10193,0.64819336,19.423828,0.0,109900.0,55.1019287109375,9900.0,41.548595,27695,27319,4710,0,8181,0,27695
884,2022-08-05 18:24:44,rhi,rhi,hou-rhi-cell-track-20-deg,57.16736,57.16736,0.6591797,19.379883,0.0,109900.0,57.1673583984375,7200.0,42.7379,25917,25528,4276,0,7448,0,25920
885,2022-08-05 18:25:02,rhi,rhi,hou-rhi-cell-track-20-deg,50.026245,50.026245,0.64819336,19.423828,0.0,109900.0,50.0262451171875,5600.0,41.909206,25980,25819,5444,0,7151,0,25980
886,2022-08-05 18:25:17,ppi,ppi,hou-ppi-cell-track-20-deg,49.08142,61.16638,2.9992676,16.00708,0.0,109900.0,61.0784912109375,6500.0,44.364166,57470,56918,10404,0,11622,0,57475
887,2022-08-05 18:25:45,rhi,rhi,hou-rhi-cell-track-20-deg,55.057983,55.057983,0.63720703,19.39087,0.0,109900.0,55.0579833984375,9000.0,43.208652,27579,27291,4441,0,8073,0,27579
888,2022-08-05 18:26:00,rhi,rhi,hou-rhi-cell-track-20-deg,55.10193,55.10193,0.68115234,19.379883,0.0,109900.0,55.1019287109375,8900.0,41.77398,27463,27165,4328,0,7982,0,27465
889,2022-08-05 18:26:15,rhi,rhi,hou-rhi-cell-track-20-deg,52.992554,53.014526,0.64819336,19.412842,0.0,109900.0,52.9925537109375,9400.0,40.454132,27186,26887,4945,0,7896,0,27186
890,2022-08-05 18:26:28,rhi,rhi,hou-rhi-cell-track-20-deg,54.244995,54.244995,0.6591797,19.401855,0.0,109900.0,54.2449951171875,6200.0,40.881676,27316,27005,4338,0,7862,0,27316
891,2022-08-05 18:26:42,ppi,ppi,hou-ppi-cell-track-20-deg,49.103394,61.155396,2.977295,16.00708,0.0,109900.0,58.6505126953125,16300.0,43.237373,57212,56599,9774,0,11154,0,57216
892,2022-08-05 18:27:10,rhi,rhi,hou-rhi-cell-track-20-deg,55.03601,55.03601,0.6591797,19.401855,0.0,109900.0,55.0360107421875,8400.0,40.39395,27195,26890,3823,0,7774,0,27195
893,2022-08-05 18:27:25,rhi,rhi,hou-rhi-cell-track-20-deg,55.10193,55.10193,0.64819336,19.379883,0.0,109900.0,55.1019287109375,8300.0,41.073242,26903,26571,3656,0,7647,0,26903
894,2022-08-05 18:27:45,rhi,rhi,hou-rhi-cell-track-20-deg,53.981323,53.981323,0.6591797,19.401855,0.0,109900.0,53.9813232421875,5800.0,39.43665,26969,26661,3915,0,7567,0,26969
895,2022-08-05 18:27:59,rhi,rhi,hou-rhi-cell-track-20-deg,57.035522,57.035522,0.64819336,19.401855,0.0,109900.0,57.0355224609375,15800.0,41.21783,24997,24633,3445,0,6497,0,24997
896,2022-08-05 18:28:12,ppi,ppi,hou-ppi-cell-track-20-deg,49.08142,61.155396,2.9992676,16.00708,0.0,109900.0,49.1583251953125,29500.0,41.813675,56093,55562,8975,0,10410,0,56093
897,2022-08-05 18:28:40,rhi,rhi,hou-rhi-cell-track-20-deg,55.10193,55.1239,0.64819336,19.379883,0.0,109900.0,55.1019287109375,15700.0,39.887222,26545,26221,3517,0,7434,0,26545
898,2022-08-05 18:28:56,rhi,rhi,hou-rhi-cell-track-20-deg,55.079956,55.079956,0.670166,19.379883,0.0,109900.0,55.0799560546875,15400.0,40.19307,26454,26105,3698,0,7298,0,26454
899,2022-08-05 18:29:15,rhi,rhi,hou-rhi-cell-track-20-deg,51.30066,51.30066,0.6591797,19.412842,0.0,109900.0,51.3006591796875,14500.0,40.016697,26496,26198,5012,0,7274,0,26496
900,2022-08-05 18:29:30,rhi,rhi,hou-rhi-cell-track-20-deg,58.222046,58.24402,0.6591797,19.379883,0.0,109900.0,58.2220458984375,14500.0,40.19014,23872,23631,3872,0,5538,0,23872
901,2022-08-05 18:29:42,ppi,ppi,hou-ppi-cell-track-20-deg,49.070435,61.16638,2.9992676,16.00708,0.0,109900.0,54.4317626953125,14900.0,43.04469,56126,55744,9990,0,9996,0,56126
902,2022-08-05 18:30:10,rhi,rhi,hou-rhi-cell-track-20-deg,55.1239,55.145874,0.670166,19.423828,0.0,109900.0,55.1458740234375,14600.0,42.288353,26610,26304,4326,0,7367,0,26610
903,2022-08-05 18:30:25,rhi,rhi,hou-rhi-cell-track-20-deg,55.079956,55.079956,0.63720703,19.401855,0.0,109900.0,55.0799560546875,13900.0,41.822838,26694,26378,4429,0,7361,0,26695
904,2022-08-05 18:30:44,rhi,rhi,hou-rhi-cell-track-20-deg,48.99353,49.037476,0.68115234,19.379883,0.0,109900.0,48.9935302734375,9300.0,41.999123,25948,25677,6474,0,7023,0,25948
905,2022-08-05 18:31:01,rhi,rhi,hou-rhi-cell-track-20-deg,55.45349,55.475464,0.68115234,19.379883,0.0,109900.0,55.4534912109375,13600.0,42.114838,26230,25951,4857,0,7048,0,26230
906,2022-08-05 18:31:18,ppi,ppi,hou-ppi-cell-track-20-deg,49.070435,61.14441,3.0212402,16.018066,0.0,109900.0,58.0682373046875,13900.0,41.284645,55518,55271,10972,0,9405,0,55518
907,2022-08-05 18:31:46,rhi,rhi,hou-rhi-cell-track-20-deg,55.1239,55.145874,0.6591797,19.379883,0.0,109900.0,55.1239013671875,12900.0,40.666252,26436,26209,5251,0,7112,0,26436
908,2022-08-05 18:32:05,rhi,rhi,hou-rhi-cell-track-20-deg,55.079956,55.079956,0.6591797,19.379883,0.0,109900.0,55.0799560546875,13300.0,41.576595,26263,26057,5361,0,7065,0,26263
909,2022-08-05 18:32:23,rhi,rhi,hou-rhi-cell-track-20-deg,51.00403,51.015015,0.64819336,19.401855,0.0,109900.0,51.0150146484375,12700.0,40.80496,26572,26249,5512,0,7299,0,26572
910,2022-08-05 18:32:40,rhi,rhi,hou-rhi-cell-track-20-deg,56.705933,56.705933,0.63720703,19.401855,0.0,109900.0,56.7059326171875,13500.0,42.30486,24923,24738,5661,0,6096,0,24923
911,2022-08-05 18:32:53,ppi,ppi,hou-ppi-cell-track-20-deg,49.08142,61.16638,2.9992676,16.00708,0.0,109900.0,58.1121826171875,13200.0,42.36259,54267,54023,12242,0,8797,0,54267
912,2022-08-05 18:33:21,rhi,rhi,hou-rhi-cell-track-20-deg,55.079956,55.167847,0.63720703,19.423828,0.0,109900.0,55.0799560546875,12000.0,41.00172,25876,25661,5852,0,6692,0,25876
913,2022-08-05 18:33:38,rhi,rhi,hou-rhi-cell-track-20-deg,55.079956,55.079956,0.68115234,19.379883,0.0,109900.0,55.0799560546875,12800.0,43.262383,25942,25728,5990,0,6593,0,25942
914,2022-08-05 18:33:56,rhi,rhi,hou-rhi-cell-track-20-deg,50.267944,50.267944,0.68115234,19.401855,0.0,109900.0,50.2679443359375,3300.0,41.27614,26124,25760,6090,0,6838,0,26124
915,2022-08-05 18:34:15,rhi,rhi,hou-rhi-cell-track-20-deg,54.94812,54.970093,0.6591797,19.401855,0.0,109900.0,54.9481201171875,4000.0,41.519863,25825,25621,6275,0,6489,0,25825
916,2022-08-05 18:34:29,ppi,ppi,hou-ppi-cell-track-20-deg,49.070435,61.14441,2.977295,16.00708,0.0,109900.0,56.9146728515625,15100.0,42.571697,54170,53853,13227,0,8385,0,54170
917,2022-08-05 18:34:57,rhi,rhi,hou-rhi-cell-track-20-deg,55.03601,55.057983,0.670166,19.379883,0.0,109900.0,55.0360107421875,3000.0,42.857418,25688,25481,6683,0,6353,0,25688
918,2022-08-05 18:35:14,rhi,rhi,hou-rhi-cell-track-20-deg,55.10193,55.10193,0.64819336,19.401855,0.0,109900.0,55.1019287109375,12200.0,44.77281,25387,25192,6749,0,6093,0,25387
919,2022-08-05 18:35:29,rhi,rhi,hou-rhi-cell-track-20-deg,53.673706,53.673706,0.6591797,19.379883,0.0,109900.0,53.6737060546875,2600.0,42.05501,26279,26046,6650,0,6774,0,26279
920,2022-08-05 18:35:44,rhi,rhi,hou-rhi-cell-track-20-deg,50.509644,50.509644,0.64819336,19.401855,0.0,109900.0,50.5096435546875,2900.0,43.025974,25913,25570,6604,0,6675,0,25913
921,2022-08-05 18:35:57,ppi,ppi,hou-ppi-cell-track-20-deg,49.103394,61.14441,2.977295,16.00708,0.0,109900.0,51.6082763671875,3600.0,43.41194,54055,53758,14447,0,8314,0,54055
922,2022-08-05 18:36:25,rhi,rhi,hou-rhi-cell-track-20-deg,55.057983,55.057983,0.68115234,19.401855,0.0,109900.0,55.0579833984375,2400.0,43.26136,25327,25113,6770,0,6021,0,25327
923,2022-08-05 18:36:40,rhi,rhi,hou-rhi-cell-track-20-deg,55.10193,55.10193,0.63720703,19.423828,0.0,109900.0,55.1019287109375,11600.0,44.25475,25237,25009,6858,0,6003,0,25237
924,2022-08-05 18:36:55,rhi,rhi,hou-rhi-cell-track-20-deg,53.21228,53.21228,0.68115234,19.401855,0.0,109900.0,53.2122802734375,2600.0,44.173367,26178,25964,6879,0,6685,0,26178
925,2022-08-05 18:37:15,rhi,rhi,hou-rhi-cell-track-20-deg,51.015015,51.015015,0.6591797,19.379883,0.0,109900.0,51.0150146484375,2600.0,45.028694,26102,25753,6622,0,6676,0,26102
926,2022-08-05 18:37:33,ppi,ppi,hou-ppi-cell-track-20-deg,49.092407,61.155396,2.9992676,16.00708,0.0,109900.0,58.1451416015625,2600.0,43.221367,53800,53437,14039,0,8509,0,53800
927,2022-08-05 18:38:01,rhi,rhi,hou-rhi-cell-track-20-deg,55.057983,55.057983,0.670166,19.412842,0.0,109900.0,55.0579833984375,2200.0,44.693832,24907,24656,6590,0,5735,0,24907
928,2022-08-05 18:38:20,rhi,rhi,hou-rhi-cell-track-20-deg,55.1239,55.1239,0.6591797,19.401855,0.0,109900.0,55.1239013671875,2000.0,43.185326,24837,24594,6444,0,5707,0,24837
929,2022-08-05 18:38:35,rhi,rhi,hou-rhi-cell-track-20-deg,60.199585,60.221558,0.64819336,19.423828,0.0,109900.0,60.1995849609375,2100.0,44.42589,22938,22705,6376,0,4447,0,22938
930,2022-08-05 18:38:49,rhi,rhi,hou-rhi-cell-track-20-deg,50.707397,50.81726,0.64819336,19.423828,0.0,109900.0,50.7293701171875,2200.0,44.7679,25723,25435,5852,0,6436,0,25723
931,2022-08-05 18:39:03,ppi,ppi,hou-ppi-cell-track-20-deg,49.092407,61.155396,2.977295,16.00708,0.0,109900.0,60.5950927734375,5800.0,42.70634,52302,51956,11821,0,7678,0,52302
932,2022-08-05 18:39:31,rhi,rhi,hou-rhi-cell-track-20-deg,55.03601,55.079956,0.670166,19.379883,0.0,109900.0,55.0360107421875,10100.0,43.198498,23703,23401,5360,0,4800,0,23703
933,2022-08-05 18:39:50,rhi,rhi,hou-rhi-cell-track-20-deg,55.10193,55.10193,0.670166,19.379883,0.0,109900.0,55.1019287109375,1700.0,42.09839,23717,23392,5273,0,4716,0,23717
934,2022-08-05 18:40:09,rhi,rhi,hou-rhi-cell-track-20-deg,60.924683,60.968628,0.64819336,19.412842,0.0,109900.0,60.9246826171875,5800.0,42.578083,22348,22012,5123,0,4159,0,22348
935,2022-08-05 18:40:24,rhi,rhi,hou-rhi-cell-track-20-deg,50.48767,50.509644,0.670166,19.379883,0.0,109900.0,50.4876708984375,9600.0,42.59508,25287,25021,4788,0,6122,0,25287
936,2022-08-05 18:40:37,ppi,ppi,hou-ppi-cell-track-20-deg,49.08142,61.14441,3.0212402,16.00708,0.0,109900.0,56.6839599609375,1300.0,41.787643,51651,51307,10069,0,7539,0,51651
937,2022-08-05 18:41:05,rhi,rhi,hou-rhi-cell-track-20-deg,55.057983,55.057983,0.6591797,19.379883,0.0,109900.0,55.0579833984375,9400.0,42.807667,23420,23093,4691,0,4577,0,23420
938,2022-08-05 18:41:24,rhi,rhi,hou-rhi-cell-track-20-deg,55.10193,55.10193,0.68115234,19.39087,0.0,109900.0,55.1019287109375,9400.0,42.124557,23548,23206,4476,0,4757,0,23548
939,2022-08-05 18:41:39,rhi,rhi,hou-rhi-cell-track-20-deg,57.9364,57.958374,0.6591797,19.412842,0.0,109900.0,57.9473876953125,800.0,42.169388,22151,21868,4385,0,4223,0,22151
940,2022-08-05 18:41:54,rhi,rhi,hou-rhi-cell-track-20-deg,51.036987,51.036987,0.64819336,19.401855,0.0,109900.0,51.0369873046875,6800.0,40.312176,25090,24718,4311,0,5785,0,25090
941,2022-08-05 18:42:07,ppi,ppi,hou-ppi-cell-track-20-deg,49.103394,61.16638,2.9992676,16.00708,0.0,109900.0,53.1683349609375,9000.0,42.40812,51342,50858,8916,0,7562,0,51342
942,2022-08-05 18:42:35,rhi,rhi,hou-rhi-cell-track-20-deg,55.057983,55.057983,0.670166,19.379883,0.0,109900.0,55.0579833984375,8600.0,41.52465,23628,23276,4106,0,4920,0,23628
943,2022-08-05 18:42:50,rhi,rhi,hou-rhi-cell-track-20-deg,55.10193,55.10193,0.68115234,19.401855,0.0,109900.0,55.1019287109375,8400.0,43.71393,23578,23234,3978,0,4818,0,23578
944,2022-08-05 18:43:05,rhi,rhi,hou-rhi-cell-track-20-deg,60.41931,60.441284,0.6591797,19.401855,0.0,109900.0,60.4193115234375,8200.0,41.48979,22599,22046,3815,0,4326,0,22599
945,2022-08-05 18:43:20,rhi,rhi,hou-rhi-cell-track-20-deg,51.740112,51.740112,0.68115234,19.39087,0.0,109900.0,51.7401123046875,8200.0,40.396378,24409,24073,3951,0,5462,0,24409
946,2022-08-05 18:43:32,ppi,ppi,hou-ppi-cell-track-20-deg,49.103394,61.17737,2.977295,15.985107,0.0,109900.0,54.1571044921875,8200.0,40.70881,50882,50314,7415,0,7657,0,50882
947,2022-08-05 18:44:00,rhi,rhi,hou-rhi-cell-track-20-deg,55.03601,55.03601,0.6591797,19.401855,0.0,109900.0,55.0360107421875,7700.0,41.46422,23456,23114,3205,0,4894,0,23456
948,2022-08-05 18:44:14,rhi,rhi,hou-rhi-cell-track-20-deg,55.10193,55.10193,0.63720703,19.423828,0.0,109900.0,55.1019287109375,7300.0,41.47446,23165,22823,3091,0,4765,0,23165
949,2022-08-05 18:44:29,rhi,rhi,hou-rhi-cell-track-20-deg,57.453003,57.474976,0.6591797,19.412842,0.0,109900.0,57.4530029296875,7700.0,42.09806,22350,21858,2928,0,4389,0,22350
950,2022-08-05 18:44:44,rhi,rhi,hou-rhi-cell-track-20-deg,51.278687,51.30066,0.670166,19.379883,0.0,109900.0,51.3006591796875,7600.0,40.77912,24488,24081,3458,0,5380,0,24488
951,2022-08-05 18:44:58,ppi,ppi,hou-ppi-cell-track-20-deg,49.092407,61.155396,3.0212402,16.00708,0.0,109900.0,60.9136962890625,7100.0,42.472504,50565,49886,6281,0,7835,0,50565
952,2022-08-05 18:45:26,rhi,rhi,hou-rhi-cell-track-20-deg,55.057983,55.057983,0.68115234,19.39087,0.0,109900.0,55.0579833984375,7200.0,40.022278,23338,22893,2747,0,5010,0,23339
953,2022-08-05 18:45:45,rhi,rhi,hou-rhi-cell-track-20-deg,55.10193,55.10193,0.670166,19.401855,0.0,109900.0,55.1019287109375,6800.0,43.187134,23158,22645,2707,0,4857,0,23158
954,2022-08-05 18:45:59,rhi,rhi,hou-rhi-cell-track-20-deg,57.694702,57.716675,0.670166,19.379883,0.0,109900.0,57.6947021484375,6900.0,41.17199,22529,21996,2561,0,4708,0,22529
955,2022-08-05 18:46:14,rhi,rhi,hou-rhi-cell-track-20-deg,51.00403,51.036987,0.6591797,19.401855,0.0,109900.0,51.0150146484375,48700.0,40.95843,24543,24132,2846,0,5590,0,24543
956,2022-08-05 18:46:27,ppi,ppi,hou-ppi-cell-track-20-deg,49.092407,61.16638,2.9992676,16.00708,0.0,109900.0,58.8372802734375,6300.0,42.35968,50201,49426,5458,0,8037,0,50202
957,2022-08-05 18:46:55,rhi,rhi,hou-rhi-cell-track-20-deg,55.014038,55.10193,0.6591797,19.379883,0.0,109900.0,55.1019287109375,6800.0,40.95693,23150,22624,2303,0,5111,0,23152
958,2022-08-05 18:47:10,rhi,rhi,hou-rhi-cell-track-20-deg,55.1239,55.1239,0.63720703,19.412842,0.0,109900.0,55.1239013671875,6400.0,40.61239,23028,22530,2313,0,5150,0,23029
959,2022-08-05 18:47:29,rhi,rhi,hou-rhi-cell-track-20-deg,55.211792,55.211792,0.670166,19.379883,0.0,109900.0,55.2117919921875,6300.0,39.917263,23152,22609,2303,0,5322,0,23152
960,2022-08-05 18:47:44,rhi,rhi,hou-rhi-cell-track-20-deg,50.267944,50.267944,0.6591797,19.401855,0.0,109900.0,50.2679443359375,6500.0,41.070663,24516,24037,2574,0,5573,0,24516
961,2022-08-05 18:47:57,ppi,ppi,hou-ppi-cell-track-20-deg,49.08142,61.155396,2.977295,16.00708,0.0,109900.0,56.1785888671875,6100.0,42.216812,49997,49028,4392,0,8563,0,49999
962,2022-08-05 18:48:25,rhi,rhi,hou-rhi-cell-track-20-deg,55.057983,55.057983,0.6591797,19.423828,0.0,109900.0,55.0579833984375,5600.0,39.154945,22843,22333,2039,0,5379,0,22844
963,2022-08-05 18:48:45,rhi,rhi,hou-rhi-cell-track-20-deg,55.10193,55.10193,0.670166,19.379883,0.0,109900.0,55.1019287109375,5900.0,39.58266,22818,22280,1876,0,5451,0,22819
964,2022-08-05 18:48:59,rhi,rhi,hou-rhi-cell-track-20-deg,56.68396,56.68396,0.64819336,19.412842,0.0,109900.0,56.6839599609375,5800.0,41.132114,22117,21395,1863,0,5341,0,22119
965,2022-08-05 18:49:15,rhi,rhi,hou-rhi-cell-track-20-deg,49.7406,49.7406,0.6591797,19.401855,0.0,109900.0,49.7406005859375,5800.0,39.710224,24532,23939,2025,0,5653,0,24532
966,2022-08-05 18:49:27,ppi,ppi,hou-ppi-cell-track-20-deg,49.103394,61.155396,2.9882812,16.00708,0.0,109900.0,60.3314208984375,4900.0,42.271835,49282,48114,3571,0,9275,0,49284
967,2022-08-05 18:49:55,rhi,rhi,hou-rhi-cell-track-20-deg,55.057983,55.057983,0.670166,19.379883,0.0,109900.0,55.0579833984375,1900.0,39.40309,22678,22027,1588,0,5828,0,22678
968,2022-08-05 18:50:10,rhi,rhi,hou-rhi-cell-track-20-deg,55.10193,55.10193,0.6591797,19.412842,0.0,109900.0,55.1019287109375,5400.0,38.4246,22536,21790,1515,0,5907,0,22539
969,2022-08-05 18:50:29,rhi,rhi,hou-rhi-cell-track-20-deg,52.70691,52.70691,0.63720703,19.423828,0.0,109900.0,52.7069091796875,5300.0,40.407013,23916,23392,1403,0,6087,0,23917
970,2022-08-05 18:50:44,rhi,rhi,hou-rhi-cell-track-20-deg,49.257202,49.257202,0.670166,19.379883,0.0,109900.0,49.2572021484375,5200.0,39.74166,24457,23807,1615,0,5808,0,24457
971,2022-08-05 18:50:57,ppi,ppi,hou-ppi-cell-track-20-deg,49.092407,61.17737,2.9992676,16.00708,0.0,109900.0,58.1890869140625,4500.0,40.498978,48658,47298,2676,0,10106,0,48669
972,2022-08-05 18:51:25,rhi,rhi,hou-rhi-cell-track-20-deg,55.03601,55.03601,0.64819336,19.401855,0.0,109900.0,55.0360107421875,4200.0,41.008057,22220,21066,1087,0,6383,0,22223
973,2022-08-05 18:51:38,rhi,rhi,hou-rhi-cell-track-20-deg,55.1239,55.1239,0.63720703,19.423828,0.0,109900.0,55.1239013671875,4100.0,39.623898,22332,21097,1034,0,6440,0,22336
974,2022-08-05 18:51:55,rhi,rhi,hou-rhi-cell-track-20-deg,53.673706,53.69568,0.64819336,19.423828,0.0,109900.0,53.6956787109375,4000.0,38.586304,22668,21653,907,0,6488,0,22674
975,2022-08-05 18:52:15,rhi,rhi,hou-rhi-cell-track-20-deg,58.26599,58.26599,0.68115234,19.39087,0.0,109900.0,58.2659912109375,109800.0,46.35029,21007,19339,1201,0,6665,11,21030
976,2022-08-05 18:52:31,ppi,ppi,hou-ppi-cell-track-20-deg,49.08142,61.16638,2.9992676,16.00708,0.0,109900.0,54.8602294921875,3600.0,38.95496,47434,45368,1866,0,11138,0,47448
977,2022-08-05 18:52:59,rhi,rhi,hou-rhi-cell-track-20-deg,55.1239,55.145874,0.670166,19.379883,0.0,109900.0,55.1239013671875,3500.0,40.25862,21883,20294,793,0,6918,0,21902
978,2022-08-05 18:53:15,rhi,rhi,hou-rhi-cell-track-20-deg,55.079956,55.079956,0.6591797,19.401855,0.0,109900.0,55.0799560546875,3400.0,39.80317,21784,20214,710,0,6997,0,21803
979,2022-08-05 18:53:30,rhi,rhi,hou-rhi-cell-track-20-deg,52.72888,52.750854,0.670166,19.379883,0.0,109900.0,52.7508544921875,3200.0,38.60236,22641,21203,689,0,7021,0,22653
980,2022-08-05 18:53:50,rhi,rhi,hou-rhi-cell-track-20-deg,57.453003,57.453003,0.68115234,19.39087,0.0,109900.0,57.4530029296875,109900.0,44.19828,20641,18668,884,0,7144,10,20673
981,2022-08-05 18:54:04,ppi,ppi,hou-ppi-cell-track-20-deg,49.08142,61.14441,2.9992676,16.00708,0.0,109900.0,60.3204345703125,109300.0,45.775597,45506,42791,1442,0,12145,8,45531
982,2022-08-05 18:54:32,rhi,rhi,hou-rhi-cell-track-20-deg,55.03601,55.145874,0.68115234,19.379883,0.0,109900.0,55.1239013671875,2900.0,39.25119,21020,19061,625,0,7388,0,21062
983,2022-08-05 18:54:51,rhi,rhi,hou-rhi-cell-track-20-deg,55.03601,55.1239,0.68115234,19.401855,0.0,109900.0,55.0360107421875,2900.0,37.343033,20885,18794,609,0,7446,0,20940
984,2022-08-05 18:55:09,rhi,rhi,hou-rhi-cell-track-20-deg,53.519897,53.54187,0.670166,19.39087,0.0,109900.0,53.5198974609375,2700.0,36.621975,21340,19452,493,0,7668,0,21370
985,2022-08-05 18:55:25,rhi,rhi,hou-rhi-cell-track-20-deg,57.67273,57.694702,0.6591797,19.423828,0.0,109900.0,57.6947021484375,109900.0,49.749435,19366,17184,854,0,7411,16,19420
986,2022-08-05 18:55:38,ppi,ppi,hou-ppi-cell-track-20-deg,49.092407,61.133423,2.9882812,16.00708,0.0,109900.0,60.0787353515625,109600.0,46.004917,44170,40645,1366,0,13200,29,44235
987,2022-08-05 18:56:06,rhi,rhi,hou-rhi-cell-track-20-deg,55.10193,55.167847,0.670166,19.39087,0.0,109900.0,55.1239013671875,2200.0,37.692146,20044,17686,511,0,7876,0,20120
988,2022-08-05 18:56:24,rhi,rhi,hou-rhi-cell-track-20-deg,55.079956,55.079956,0.670166,19.379883,0.0,109900.0,55.0799560546875,2300.0,37.36634,19915,17544,491,0,7963,0,19996
989,2022-08-05 18:56:40,rhi,rhi,hou-rhi-cell-track-20-deg,56.02478,56.02478,0.63720703,19.412842,0.0,109900.0,56.0247802734375,109700.0,49.50514,19636,17302,732,0,8025,21,19727
990,2022-08-05 18:56:55,rhi,rhi,hou-rhi-cell-track-20-deg,57.67273,57.67273,0.6591797,19.401855,0.0,109900.0,57.6727294921875,109600.0,48.689274,18374,16358,823,0,7795,15,18492
991,2022-08-05 18:57:07,ppi,ppi,hou-ppi-cell-track-20-deg,49.08142,61.14441,2.9992676,16.00708,0.0,109900.0,60.1007080078125,109500.0,45.196148,42320,38299,1561,0,13797,73,42453
992,2022-08-05 18:57:35,rhi,rhi,hou-rhi-cell-track-20-deg,55.1239,55.1239,0.68115234,19.39087,0.0,109900.0,55.1239013671875,58200.0,39.30833,19115,16634,574,0,8192,0,19238
993,2022-08-05 18:57:50,rhi,rhi,hou-rhi-cell-track-20-deg,55.079956,55.079956,0.670166,19.379883,0.0,109900.0,55.0799560546875,109900.0,40.517418,18940,16539,586,0,8176,0,19078
994,2022-08-05 18:58:06,rhi,rhi,hou-rhi-cell-track-20-deg,54.02527,54.04724,0.6591797,19.379883,0.0,109900.0,54.0472412109375,1500.0,35.98189,18701,16212,439,0,8066,0,18848
995,2022-08-05 18:58:24,rhi,rhi,hou-rhi-cell-track-20-deg,58.68347,58.705444,0.64819336,19.423828,0.0,109900.0,58.7054443359375,106500.0,51.66164,17562,15981,819,2,8238,12,17687
996,2022-08-05 18:58:36,ppi,ppi,hou-ppi-cell-track-20-deg,49.092407,61.155396,2.9992676,16.00708,0.0,109900.0,59.6063232421875,109900.0,48.90622,40460,36343,1862,0,14255,119,40661
997,2022-08-05 18:59:04,rhi,rhi,hou-rhi-cell-track-20-deg,55.1239,55.145874,0.6591797,19.423828,0.0,109900.0,55.1458740234375,109400.0,42.772633,18068,15999,698,0,8492,0,18263
998,2022-08-05 18:59:20,rhi,rhi,hou-rhi-cell-track-20-deg,55.079956,55.079956,0.63720703,19.423828,0.0,109900.0,55.0799560546875,109500.0,42.3456,17889,15831,658,0,8542,1,18098
999,2022-08-05 18:59:35,rhi,rhi,hou-rhi-cell-track-20-deg,53.014526,53.014526,0.6591797,19.401855,0.0,109900.0,53.0145263671875,1200.0,36.512634,17843,15639,406,0,8403,0,18006
1000,2022-08-05 18:59:49,rhi,rhi,hou-rhi-cell-track-20-deg,57.453003,57.474976,0.670166,19.379883,0.0,109900.0,57.4749755859375,108200.0,47.86135,17499,15786,780,0,8403,8,17658
1001,2022-08-05 19:00:02,ppi,ppi,hou-ppi-cell-track-20-deg,49.070435,61.16638,2.9992676,16.00708,0.0,109900.0,57.8265380859375,109800.0,48.680565,38955,35091,1861,0,14776,174,39213
1002,2022-08-05 19:00:30,rhi,rhi,hou-rhi-cell-track-20-deg,55.10193,55.167847,0.68115234,19.39087,0.0,109900.0,55.1568603515625,109600.0,44.0912,17172,15389,623,0,8711,3,17386
1003,2022-08-05 19:00:46,rhi,rhi,hou-rhi-cell-track-20-deg,55.079956,55.079956,0.6591797,19.379883,0.0,109900.0,55.0799560546875,108200.0,44.679836,17036,15313,630,0,8690,3,17231
1004,2022-08-05 19:01:05,rhi,rhi,hou-rhi-cell-track-20-deg,53.78357,53.805542,0.670166,19.379883,0.0,109900.0,53.8055419921875,56100.0,41.748962,16485,14651,272,0,8373,0,16708
1005,2022-08-05 19:01:19,rhi,rhi,hou-rhi-cell-track-20-deg,57.453003,57.453003,0.63720703,19.379883,0.0,109900.0,57.4530029296875,106700.0,47.621876,17430,15632,591,0,8799,32,17656
1006,2022-08-05 19:01:31,ppi,ppi,hou-ppi-cell-track-20-deg,49.070435,61.16638,2.9992676,16.00708,0.0,109900.0,58.6175537109375,109500.0,47.91382,37812,34114,1633,0,15275,269,38135
1007,2022-08-05 19:01:59,rhi,rhi,hou-rhi-cell-track-20-deg,55.1239,55.167847,0.670166,19.39087,0.0,109900.0,55.1458740234375,109700.0,44.88791,16816,15004,487,0,8784,7,17048
1008,2022-08-05 19:02:15,rhi,rhi,hou-rhi-cell-track-20-deg,55.079956,55.079956,0.63720703,19.423828,0.0,109900.0,55.0799560546875,107100.0,43.736942,16604,14726,455,0,8695,9,16821
1009,2022-08-05 19:02:34,rhi,rhi,hou-rhi-cell-track-20-deg,52.003784,52.003784,0.670166,19.401855,0.0,109900.0,52.0037841796875,109900.0,40.358894,15844,14349,75,0,8461,0,16051
1010,2022-08-05 19:02:49,rhi,rhi,hou-rhi-cell-track-20-deg,57.18933,57.211304,0.64819336,19.423828,0.0,109900.0,57.2113037109375,107300.0,48.714264,17166,15310,564,0,9022,48,17421
1011,2022-08-05 19:03:02,ppi,ppi,hou-ppi-cell-track-20-deg,49.070435,61.16638,2.9992676,16.00708,0.0,109900.0,58.3428955078125,109700.0,46.94757,37250,33331,1688,0,15099,254,37601
1012,2022-08-05 19:03:30,rhi,rhi,hou-rhi-cell-track-20-deg,55.1239,55.145874,0.670166,19.423828,0.0,109900.0,55.1458740234375,109400.0,46.469086,16963,14855,476,0,9093,5,17197
1013,2022-08-05 19:03:44,rhi,rhi,hou-rhi-cell-track-20-deg,55.079956,55.079956,0.6591797,19.379883,0.0,109900.0,55.0799560546875,109000.0,44.400635,16947,14892,435,0,9117,0,17169
1014,2022-08-05 19:04:02,rhi,rhi,hou-rhi-cell-track-20-deg,53.014526,53.0365,0.64819336,19.379883,0.0,109900.0,53.0145263671875,53600.0,39.450077,15152,13343,206,0,8224,0,15353
1015,2022-08-05 19:04:19,rhi,rhi,hou-rhi-cell-track-20-deg,56.705933,56.705933,0.670166,19.379883,0.0,109900.0,56.7059326171875,106800.0,48.215614,17053,15147,628,0,9184,16,17314
1016,2022-08-05 19:04:31,ppi,ppi,hou-ppi-cell-track-20-deg,49.070435,61.155396,2.9992676,16.00708,0.0,109900.0,58.3209228515625,109900.0,47.567932,37299,33365,2072,0,16001,295,37769
1017,2022-08-05 19:04:59,rhi,rhi,hou-rhi-cell-track-20-deg,55.079956,55.145874,0.6591797,19.379883,0.0,109900.0,55.1239013671875,109000.0,45.878414,16972,14960,492,0,9468,0,17236
1018,2022-08-05 19:05:15,rhi,rhi,hou-rhi-cell-track-20-deg,55.079956,55.079956,0.6591797,19.401855,0.0,109900.0,55.0799560546875,108700.0,45.543217,17124,14982,504,0,9544,2,17438
1019,2022-08-05 19:05:28,rhi,rhi,hou-rhi-cell-track-20-deg,50.993042,51.015015,0.64819336,19.423828,0.0,109900.0,50.9930419921875,108900.0,42.113438,15199,13599,134,0,8700,0,15485
1020,2022-08-05 19:05:43,rhi,rhi,hou-rhi-cell-track-20-deg,56.94763,56.969604,0.63720703,19.379883,0.0,109900.0,56.9696044921875,106100.0,47.520035,17431,15654,797,0,9800,3,17746
1021,2022-08-05 19:05:57,ppi,ppi,hou-ppi-cell-track-20-deg,49.05945,61.155396,2.9992676,16.029053,0.0,109900.0,58.3319091796875,109600.0,47.304855,37536,33607,2376,0,16295,234,38117
1022,2022-08-05 19:06:25,rhi,rhi,hou-rhi-cell-track-20-deg,55.10193,55.145874,0.6591797,19.412842,0.0,109900.0,55.1458740234375,108500.0,46.264175,16889,14985,617,0,9765,2,17241
1023,2022-08-05 19:06:45,rhi,rhi,hou-rhi-cell-track-20-deg,55.079956,55.079956,0.670166,19.423828,0.0,109900.0,55.0799560546875,108600.0,46.54651,17010,15089,586,0,9891,3,17450
1024,2022-08-05 19:07:05,rhi,rhi,hou-rhi-cell-track-20-deg,53.761597,53.761597,0.6591797,19.423828,0.0,109900.0,53.7615966796875,108800.0,47.582954,16162,14259,235,0,9309,13,16558
1025,2022-08-05 19:07:21,rhi,rhi,hou-rhi-cell-track-20-deg,59.91394,59.935913,0.6591797,19.379883,0.0,109900.0,59.9359130859375,103100.0,47.47821,19202,17493,623,0,9578,21,19586
1026,2022-08-05 19:07:36,ppi,ppi,hou-ppi-cell-track-20-deg,49.070435,61.16638,2.9992676,16.00708,0.0,109900.0,58.5845947265625,108700.0,44.094822,37898,33805,2628,0,17055,153,38718
1027,2022-08-05 19:08:04,rhi,rhi,hou-rhi-cell-track-20-deg,55.057983,55.167847,0.64819336,19.401855,0.0,109900.0,55.1458740234375,107700.0,46.814507,16967,15196,749,0,10122,1,17439
1028,2022-08-05 19:08:20,rhi,rhi,hou-rhi-cell-track-20-deg,55.057983,55.057983,0.64819336,19.423828,0.0,109900.0,55.0579833984375,107700.0,47.50058,16867,15129,696,0,10035,7,17292
1029,2022-08-05 19:08:39,rhi,rhi,hou-rhi-cell-track-20-deg,53.519897,53.519897,0.64819336,19.423828,0.0,109900.0,53.5198974609375,108200.0,48.072956,16069,14308,240,0,9532,8,16597
1030,2022-08-05 19:08:54,rhi,rhi,hou-rhi-cell-track-20-deg,59.232788,59.25476,0.63720703,19.423828,0.0,109900.0,59.2547607421875,100600.0,49.648174,19039,17311,877,0,9652,26,19484
1031,2022-08-05 19:09:09,ppi,ppi,hou-ppi-cell-track-20-deg,49.070435,61.155396,2.9992676,16.00708,0.0,109900.0,58.5955810546875,109600.0,44.97337,38789,35054,2795,0,17588,121,39808
1032,2022-08-05 19:09:37,rhi,rhi,hou-rhi-cell-track-20-deg,55.10193,55.167847,0.6591797,19.412842,0.0,109900.0,55.1458740234375,107000.0,48.91236,17029,15374,783,0,10218,4,17518
1033,2022-08-05 19:09:56,rhi,rhi,hou-rhi-cell-track-20-deg,55.079956,55.079956,0.6591797,19.401855,0.0,109900.0,55.0799560546875,107500.0,47.660778,17131,15604,747,0,10362,5,17605
1034,2022-08-05 19:10:13,rhi,rhi,hou-rhi-cell-track-20-deg,53.497925,53.497925,0.6591797,19.401855,0.0,109900.0,53.4979248046875,108100.0,48.863457,16309,14894,289,0,9759,21,16768
1035,2022-08-05 19:10:31,rhi,rhi,hou-rhi-cell-track-20-deg,58.705444,58.727417,0.670166,19.379883,0.0,109900.0,58.7274169921875,100300.0,48.05506,18861,17625,1069,0,9625,8,19313
1036,2022-08-05 19:10:46,ppi,ppi,hou-ppi-cell-track-20-deg,49.092407,61.14441,2.977295,15.985107,0.0,109900.0,57.8375244140625,108900.0,44.913303,39882,37325,3271,0,18184,135,40826
1037,2022-08-05 19:11:14,rhi,rhi,hou-rhi-cell-track-20-deg,55.1239,55.167847,0.64819336,19.379883,0.0,109900.0,55.1678466796875,106500.0,48.126026,17986,16767,914,0,10640,11,18309
1038,2022-08-05 19:11:30,rhi,rhi,hou-rhi-cell-track-20-deg,55.079956,55.079956,0.6591797,19.401855,0.0,109900.0,55.0799560546875,106100.0,48.155796,17964,16803,849,0,10644,14,18231
1039,2022-08-05 19:11:44,rhi,rhi,hou-rhi-cell-track-20-deg,52.72888,52.72888,0.63720703,19.401855,0.0,109900.0,52.7288818359375,108000.0,47.4822,16485,15512,331,0,9755,5,16736
1040,2022-08-05 19:12:01,rhi,rhi,hou-rhi-cell-track-20-deg,59.188843,59.210815,0.64819336,19.423828,0.0,109900.0,59.2108154296875,99900.0,50.10031,20314,19460,1277,1,9794,25,20501
1041,2022-08-05 19:12:17,ppi,ppi,hou-ppi-cell-track-20-deg,49.092407,61.16638,2.977295,16.00708,0.0,109900.0,57.8594970703125,108000.0,43.21027,41914,39689,3661,0,18460,97,42123
1042,2022-08-05 19:12:45,rhi,rhi,hou-rhi-cell-track-20-deg,55.10193,55.145874,0.63720703,19.423828,0.0,109900.0,55.1348876953125,106100.0,47.76281,19091,17962,1033,0,10652,16,19192
1043,2022-08-05 19:13:03,rhi,rhi,hou-rhi-cell-track-20-deg,55.079956,55.079956,0.68115234,19.39087,0.0,109900.0,55.0799560546875,105500.0,47.626835,19234,18168,1023,0,10647,20,19271
1044,2022-08-05 19:13:21,rhi,rhi,hou-rhi-cell-track-20-deg,52.267456,52.267456,0.68115234,19.379883,0.0,109900.0,52.2674560546875,108700.0,50.706554,17505,16488,434,2,9969,3,17545
1045,2022-08-05 19:13:40,rhi,rhi,hou-rhi-cell-track-20-deg,58.68347,58.705444,0.68115234,19.401855,0.0,109900.0,58.7054443359375,98100.0,48.75962,20808,20002,1403,0,9780,22,20840
1046,2022-08-05 19:13:53,ppi,ppi,hou-ppi-cell-track-20-deg,49.08142,61.155396,3.010254,16.00708,0.0,109900.0,54.1131591796875,108100.0,45.443,44349,42078,4391,0,18910,64,44457
1047,2022-08-05 19:14:21,rhi,rhi,hou-rhi-cell-track-20-deg,55.10193,55.167847,0.670166,19.379883,0.0,109900.0,55.1458740234375,105200.0,47.21815,20199,19117,1252,0,10599,22,20241
1048,2022-08-05 19:14:39,rhi,rhi,hou-rhi-cell-track-20-deg,55.03601,55.10193,0.64819336,19.379883,0.0,109900.0,55.0579833984375,104300.0,46.092827,20346,19291,1260,0,10513,22,20403
1049,2022-08-05 19:14:54,rhi,rhi,hou-rhi-cell-track-20-deg,53.234253,53.234253,0.6591797,19.401855,0.0,109900.0,53.2342529296875,106900.0,51.671867,19234,17958,790,8,10593,13,19290
1050,2022-08-05 19:15:09,rhi,rhi,hou-rhi-cell-track-20-deg,58.969116,58.969116,0.670166,19.401855,0.0,109900.0,58.9691162109375,103400.0,47.258793,22498,21792,1942,0,9857,4,22550
1051,2022-08-05 19:15:21,ppi,ppi,hou-ppi-cell-track-20-deg,49.092407,61.14441,3.0212402,16.00708,0.0,109900.0,53.3660888671875,106300.0,46.737507,46476,44183,5216,0,19025,178,46592
1052,2022-08-05 19:15:49,rhi,rhi,hou-rhi-cell-track-20-deg,55.090942,55.145874,0.64819336,19.423828,0.0,109900.0,55.1458740234375,104800.0,47.188164,21037,19901,1382,0,10251,17,21110
1053,2022-08-05 19:16:05,rhi,rhi,hou-rhi-cell-track-20-deg,55.014038,55.10193,0.6591797,19.401855,0.0,109900.0,55.0140380859375,104600.0,46.176266,21170,20032,1452,0,10213,17,21246
1054,2022-08-05 19:16:25,rhi,rhi,hou-rhi-cell-track-20-deg,51.47644,51.54236,0.63720703,19.423828,0.0,109900.0,51.4764404296875,108500.0,50.791695,19443,18306,776,7,10363,60,19533
1055,2022-08-05 19:16:45,rhi,rhi,hou-rhi-cell-track-20-deg,54.44275,54.44275,0.670166,19.39087,0.0,109900.0,54.4427490234375,105400.0,49.891644,21210,19997,1178,0,10339,26,21333
1056,2022-08-05 19:16:58,ppi,ppi,hou-ppi-cell-track-20-deg,49.103394,61.14441,2.9992676,16.00708,0.0,109900.0,52.3883056640625,107700.0,47.701923,48141,46020,6309,0,19114,283,48365
1057,2022-08-05 19:17:26,rhi,rhi,hou-rhi-cell-track-20-deg,55.057983,55.057983,0.6591797,19.379883,0.0,109900.0,55.0579833984375,103100.0,47.75567,21940,20820,1596,0,10136,16,22050
1058,2022-08-05 19:17:44,rhi,rhi,hou-rhi-cell-track-20-deg,55.10193,55.10193,0.64819336,19.423828,0.0,109900.0,55.1019287109375,103100.0,47.538357,22147,21067,1765,0,9945,12,22271
1059,2022-08-05 19:18:00,rhi,rhi,hou-rhi-cell-track-20-deg,50.685425,50.685425,0.6591797,19.423828,0.0,109900.0,50.6854248046875,107900.0,51.69503,20459,19340,986,5,10702,33,20561
1060,2022-08-05 19:18:18,rhi,rhi,hou-rhi-cell-track-20-deg,59.518433,59.540405,0.68115234,19.401855,0.0,109900.0,59.5404052734375,107700.0,46.12088,25641,25185,2911,0,10506,0,25783
1061,2022-08-05 19:18:32,ppi,ppi,hou-ppi-cell-track-20-deg,49.070435,61.155396,2.9992676,16.00708,0.0,109900.0,52.5860595703125,107500.0,48.07331,50044,47993,6833,0,18634,176,50256
1062,2022-08-05 19:19:00,rhi,rhi,hou-rhi-cell-track-20-deg,55.1239,55.167847,0.670166,19.379883,0.0,109900.0,55.1458740234375,103000.0,47.547543,23077,22044,2066,0,9887,11,23202
1063,2022-08-05 19:19:14,rhi,rhi,hou-rhi-cell-track-20-deg,55.079956,55.079956,0.670166,19.379883,0.0,109900.0,55.0799560546875,102900.0,47.180637,23239,22215,2099,0,9980,20,23350
1064,2022-08-05 19:19:29,rhi,rhi,hou-rhi-cell-track-20-deg,50.267944,50.267944,0.6591797,19.379883,0.0,109900.0,50.2679443359375,106900.0,52.594482,21582,20251,1211,3,10860,25,21672
1065,2022-08-05 19:19:43,rhi,rhi,hou-rhi-cell-track-20-deg,56.705933,56.705933,0.68115234,19.39087,0.0,109900.0,56.7059326171875,101000.0,46.1571,23812,23082,2625,0,9705,2,23978
1066,2022-08-05 19:19:56,ppi,ppi,hou-ppi-cell-track-20-deg,49.092407,61.16638,2.9992676,16.00708,0.0,109900.0,52.1136474609375,105200.0,48.12068,52191,50051,8009,0,18976,161,52422
1067,2022-08-05 19:20:24,rhi,rhi,hou-rhi-cell-track-20-deg,55.057983,55.167847,0.63720703,19.401855,0.0,109900.0,55.1458740234375,101900.0,48.480648,24037,22994,2326,0,9893,13,24178
1068,2022-08-05 19:20:40,rhi,rhi,hou-rhi-cell-track-20-deg,55.057983,55.057983,0.63720703,19.379883,0.0,109900.0,55.0579833984375,102000.0,47.27851,24197,23055,2366,0,9914,20,24317
1069,2022-08-05 19:20:58,rhi,rhi,hou-rhi-cell-track-20-deg,61.012573,61.05652,0.670166,19.379883,0.0,109900.0,61.0565185546875,107600.0,44.716614,27756,27210,2606,0,10984,0,27887
1070,2022-08-05 19:21:15,rhi,rhi,hou-rhi-cell-track-20-deg,53.915405,53.915405,0.63720703,19.412842,0.0,109900.0,53.9154052734375,102000.0,47.41022,24110,22709,2179,0,10037,11,24252
1071,2022-08-05 19:21:27,ppi,ppi,hou-ppi-cell-track-20-deg,49.103394,61.16638,2.977295,16.00708,0.0,109900.0,51.8939208984375,105200.0,49.598732,54144,51945,8826,0,19062,131,54397
1072,2022-08-05 19:21:55,rhi,rhi,hou-rhi-cell-track-20-deg,55.057983,55.057983,0.64819336,19.423828,0.0,109900.0,55.0579833984375,101100.0,48.076775,24498,23329,2505,0,9738,10,24656
1073,2022-08-05 19:22:10,rhi,rhi,hou-rhi-cell-track-20-deg,55.10193,55.10193,0.64819336,19.423828,0.0,109900.0,55.1019287109375,100200.0,46.574863,24693,23541,2607,0,9718,1,24817
1074,2022-08-05 19:22:30,rhi,rhi,hou-rhi-cell-track-20-deg,48.949585,48.949585,0.63720703,19.401855,0.0,109900.0,48.9495849609375,107200.0,51.99418,23157,21376,1422,6,10668,9,23269
1075,2022-08-05 19:22:44,rhi,rhi,hou-rhi-cell-track-20-deg,58.26599,58.287964,0.6591797,19.379883,0.0,109900.0,58.2879638671875,101500.0,46.22323,26926,26289,3184,0,10110,1,27048
1076,2022-08-05 19:22:58,ppi,ppi,hou-ppi-cell-track-20-deg,49.05945,61.14441,2.977295,16.00708,0.0,109900.0,52.3663330078125,103700.0,47.097816,56098,53613,9123,0,18636,105,56343
1077,2022-08-05 19:23:26,rhi,rhi,hou-rhi-cell-track-20-deg,55.079956,55.167847,0.6591797,19.401855,0.0,109900.0,55.1678466796875,100200.0,47.23938,25106,23924,2744,0,9573,1,25253
1078,2022-08-05 19:23:44,rhi,rhi,hou-rhi-cell-track-20-deg,54.992065,55.079956,0.670166,19.379883,0.0,109900.0,55.0799560546875,100700.0,47.504017,25409,24239,2895,0,9689,0,25563
1079,2022-08-05 19:23:59,rhi,rhi,hou-rhi-cell-track-20-deg,50.224,50.24597,0.670166,19.379883,0.0,109900.0,50.2239990234375,105700.0,48.993168,24384,22599,2242,0,10888,17,24516
1080,2022-08-05 19:24:15,rhi,rhi,hou-rhi-cell-track-20-deg,56.705933,56.705933,0.6591797,19.423828,0.0,109900.0,56.7059326171875,102300.0,45.46795,26268,25343,3255,0,9570,0,26406
1081,2022-08-05 19:24:28,ppi,ppi,hou-ppi-cell-track-20-deg,49.08142,61.14441,2.9992676,16.00708,0.0,109900.0,52.3553466796875,103100.0,49.928295,57351,54439,9413,0,18332,95,57578
1082,2022-08-05 19:24:56,rhi,rhi,hou-rhi-cell-track-20-deg,55.079956,55.167847,0.670166,19.379883,0.0,109900.0,55.1678466796875,99300.0,45.252007,25915,24700,3220,0,9495,0,26050
1083,2022-08-05 19:25:15,rhi,rhi,hou-rhi-cell-track-20-deg,55.079956,55.079956,0.64819336,19.423828,0.0,109900.0,55.0799560546875,99200.0,47.067196,26113,24812,3145,0,9509,0,26259
1084,2022-08-05 19:25:35,rhi,rhi,hou-rhi-cell-track-20-deg,59.518433,59.540405,0.63720703,19.401855,0.0,109900.0,59.5404052734375,98900.0,42.39137,28125,26935,2863,0,10429,0,28258
1085,2022-08-05 19:25:50,rhi,rhi,hou-rhi-cell-track-20-deg,56.464233,56.464233,0.6591797,19.401855,0.0,109900.0,56.4642333984375,101400.0,45.580635,26872,25694,3286,0,9505,0,27056
1086,2022-08-05 19:26:06,ppi,ppi,hou-ppi-cell-track-20-deg,49.092407,61.16638,2.9992676,16.00708,0.0,109900.0,53.1134033203125,99900.0,44.871216,58783,55654,10230,0,18249,102,59054
1087,2022-08-05 19:26:34,rhi,rhi,hou-rhi-cell-track-20-deg,55.10193,55.167847,0.64819336,19.423828,0.0,109900.0,55.1458740234375,101500.0,44.999443,26459,25153,3559,0,9384,11,26631
1088,2022-08-05 19:26:50,rhi,rhi,hou-rhi-cell-track-20-deg,55.079956,55.079956,0.670166,19.401855,0.0,109900.0,55.0799560546875,100400.0,43.786674,26371,25097,3595,0,9259,6,26542
1089,2022-08-05 19:27:05,rhi,rhi,hou-rhi-cell-track-20-deg,60.00183,60.00183,0.6591797,19.401855,0.0,109900.0,60.0018310546875,43900.0,40.13667,28360,26904,2818,0,10446,0,28505
1090,2022-08-05 19:27:19,rhi,rhi,hou-rhi-cell-track-20-deg,54.16809,54.20105,0.6591797,19.379883,0.0,109900.0,54.1790771484375,99300.0,47.39189,26467,25105,3665,0,9395,0,26632
1091,2022-08-05 19:27:32,ppi,ppi,hou-ppi-cell-track-20-deg,49.103394,61.16638,2.977295,16.00708,0.0,109900.0,51.4105224609375,104700.0,43.61045,59439,56253,10869,0,18019,126,59728
1092,2022-08-05 19:28:00,rhi,rhi,hou-rhi-cell-track-20-deg,55.03601,55.1239,0.64819336,19.379883,0.0,109900.0,55.0360107421875,100300.0,44.88931,26390,25060,3699,0,9114,4,26578
1093,2022-08-05 19:28:20,rhi,rhi,hou-rhi-cell-track-20-deg,55.10193,55.10193,0.6591797,19.401855,0.0,109900.0,55.1019287109375,100700.0,46.887398,26636,25270,3698,0,9161,11,26865
1094,2022-08-05 19:28:33,rhi,rhi,hou-rhi-cell-track-20-deg,60.199585,60.199585,0.63720703,19.379883,0.0,109900.0,60.1995849609375,52600.0,41.452625,28987,27378,2676,0,10546,0,29234
1095,2022-08-05 19:28:48,rhi,rhi,hou-rhi-cell-track-20-deg,58.00232,58.024292,0.63720703,19.401855,0.0,109900.0,58.0023193359375,99700.0,43.91339,28706,27296,3204,0,10350,0,28902
1096,2022-08-05 19:29:01,ppi,ppi,hou-ppi-cell-track-20-deg,49.070435,61.14441,2.9992676,16.00708,0.0,109900.0,52.0587158203125,104500.0,41.87756,60561,57610,11683,0,18234,48,60978
1097,2022-08-05 19:29:29,rhi,rhi,hou-rhi-cell-track-20-deg,55.057983,55.167847,0.64819336,19.423828,0.0,109900.0,55.1678466796875,99900.0,47.789837,27001,25737,3786,0,9104,4,27202
1098,2022-08-05 19:29:44,rhi,rhi,hou-rhi-cell-track-20-deg,55.057983,55.057983,0.670166,19.379883,0.0,109900.0,55.0579833984375,99700.0,47.051273,27145,25846,3822,0,9198,4,27378
1099,2022-08-05 19:29:59,rhi,rhi,hou-rhi-cell-track-20-deg,59.518433,59.518433,0.64819336,19.423828,0.0,109900.0,59.5184326171875,46000.0,39.929543,29297,27796,2871,0,10566,0,29543
1100,2022-08-05 19:30:15,rhi,rhi,hou-rhi-cell-track-20-deg,51.432495,51.432495,0.6591797,19.379883,0.0,109900.0,51.4324951171875,98200.0,52.950554,26838,25509,4621,4,9491,13,27080
1101,2022-08-05 19:30:27,ppi,ppi,hou-ppi-cell-track-20-deg,49.070435,61.16638,2.977295,16.00708,0.0,109900.0,50.8941650390625,97900.0,42.93938,62006,59209,12312,0,18330,25,62430
1102,2022-08-05 19:30:55,rhi,rhi,hou-rhi-cell-track-20-deg,55.057983,55.057983,0.6591797,19.401855,0.0,109900.0,55.0579833984375,98600.0,47.439762,27598,26424,3930,0,9210,4,27850
1103,2022-08-05 19:31:11,rhi,rhi,hou-rhi-cell-track-20-deg,55.10193,55.10193,0.68115234,19.39087,0.0,109900.0,55.1019287109375,98700.0,48.949093,27714,26576,3895,0,9129,3,27973
1104,2022-08-05 19:31:29,rhi,rhi,hou-rhi-cell-track-20-deg,59.430542,59.430542,0.64819336,19.423828,0.0,109900.0,59.4305419921875,100900.0,39.59415,29542,28352,2967,0,10539,0,29809
1105,2022-08-05 19:31:44,rhi,rhi,hou-rhi-cell-track-20-deg,51.30066,51.30066,0.6591797,19.39087,0.0,109900.0,51.3006591796875,97400.0,51.817554,27405,26187,5124,1,9436,10,27623
1106,2022-08-05 19:31:57,ppi,ppi,hou-ppi-cell-track-20-deg,49.08142,61.16638,2.9992676,16.00708,0.0,109900.0,49.3890380859375,49900.0,41.925278,62771,60390,12244,0,18148,4,63256
1107,2022-08-05 19:32:25,rhi,rhi,hou-rhi-cell-track-20-deg,55.03601,55.03601,0.68115234,19.401855,0.0,109900.0,55.0360107421875,98100.0,48.078712,27998,27093,4066,0,9148,1,28217
1108,2022-08-05 19:32:44,rhi,rhi,hou-rhi-cell-track-20-deg,55.10193,55.10193,0.63720703,19.423828,0.0,109900.0,55.1019287109375,98100.0,48.832355,28327,27498,4066,0,9277,0,28529
1109,2022-08-05 19:33:00,rhi,rhi,hou-rhi-cell-track-20-deg,58.68347,58.68347,0.6591797,19.401855,0.0,109900.0,58.6834716796875,60000.0,39.39763,29999,29184,3254,0,10682,0,30243
1110,2022-08-05 19:33:15,rhi,rhi,hou-rhi-cell-track-20-deg,49.7406,49.784546,0.6591797,19.423828,0.0,109900.0,49.7406005859375,104800.0,49.375553,28097,27099,5124,0,9839,16,28252
1111,2022-08-05 19:33:33,ppi,ppi,hou-ppi-cell-track-20-deg,49.092407,61.155396,2.9992676,16.00708,0.0,109900.0,60.8477783203125,31800.0,41.883038,64214,62579,12723,0,18211,1,64520
1112,2022-08-05 19:34:01,rhi,rhi,hou-rhi-cell-track-20-deg,55.057983,55.057983,0.6591797,19.379883,0.0,109900.0,55.0579833984375,97400.0,47.52442,28563,27884,4200,0,9138,0,28699
1113,2022-08-05 19:34:20,rhi,rhi,hou-rhi-cell-track-20-deg,55.10193,55.10193,0.64819336,19.423828,0.0,109900.0,55.1019287109375,97000.0,46.647064,28950,28262,4257,0,9304,0,29053
1114,2022-08-05 19:34:35,rhi,rhi,hou-rhi-cell-track-20-deg,58.92517,58.969116,0.670166,19.423828,0.0,109900.0,58.9691162109375,42700.0,38.951874,30325,29588,3299,0,10574,0,30440
1115,2022-08-05 19:34:55,rhi,rhi,hou-rhi-cell-track-20-deg,58.92517,58.92517,0.68115234,19.401855,0.0,109900.0,58.9251708984375,42400.0,40.186314,30566,29872,3289,0,10662,0,30649
1116,2022-08-05 19:35:07,ppi,ppi,hou-ppi-cell-track-20-deg,49.092407,61.14441,2.977295,16.00708,0.0,109900.0,49.1583251953125,29600.0,41.57527,64922,63723,12941,0,17594,0,65034
1117,2022-08-05 19:35:35,rhi,rhi,hou-rhi-cell-track-20-deg,55.10193,55.1239,0.6591797,19.401855,0.0,109900.0,55.1239013671875,96100.0,46.978695,29531,29023,4431,0,9475,0,29567
1118,2022-08-05 19:35:50,rhi,rhi,hou-rhi-cell-track-20-deg,55.079956,55.079956,0.670166,19.379883,0.0,109900.0,55.0799560546875,96300.0,46.95534,29477,28999,4408,0,9545,0,29523
1119,2022-08-05 19:36:08,rhi,rhi,hou-rhi-cell-track-20-deg,58.287964,58.287964,0.68115234,19.401855,0.0,109900.0,58.2879638671875,58700.0,39.53686,30787,30180,3492,0,10629,0,30838
1120,2022-08-05 19:36:24,rhi,rhi,hou-rhi-cell-track-20-deg,51.937866,51.95984,0.64819336,19.423828,0.0,109900.0,51.9378662109375,101900.0,47.74776,28107,27688,4647,0,8375,1,28138
1121,2022-08-05 19:36:37,ppi,ppi,hou-ppi-cell-track-20-deg,49.103394,61.155396,2.9992676,16.00708,0.0,109900.0,61.1004638671875,30500.0,40.737858,64889,63967,12417,0,17105,0,64958
1122,2022-08-05 19:37:05,rhi,rhi,hou-rhi-cell-track-20-deg,55.057983,55.057983,0.670166,19.379883,0.0,109900.0,55.0579833984375,95900.0,44.993484,30090,29560,4452,0,9798,0,30126
1123,2022-08-05 19:37:24,rhi,rhi,hou-rhi-cell-track-20-deg,55.10193,55.10193,0.6591797,19.39087,0.0,109900.0,55.1019287109375,95500.0,46.217705,30641,30096,4357,0,10088,0,30664
1124,2022-08-05 19:37:40,rhi,rhi,hou-rhi-cell-track-20-deg,56.20056,56.20056,0.64819336,19.423828,0.0,109900.0,56.2005615234375,95400.0,43.724163,31259,30687,4162,0,10725,0,31271
1125,2022-08-05 19:37:55,rhi,rhi,hou-rhi-cell-track-20-deg,49.23523,49.23523,0.6591797,19.423828,0.0,109900.0,49.2352294921875,102600.0,46.364475,29396,28893,4993,0,9354,3,29400
1126,2022-08-05 19:38:11,ppi,ppi,hou-ppi-cell-track-20-deg,49.103394,61.16638,2.977295,16.00708,0.0,109900.0,55.0909423828125,32400.0,41.35345,65495,64584,12074,0,16906,0,65515
1127,2022-08-05 19:38:39,rhi,rhi,hou-rhi-cell-track-20-deg,55.057983,55.057983,0.6591797,19.379883,0.0,109900.0,55.0579833984375,95400.0,45.36583,30871,30350,4349,0,10192,0,30878
1128,2022-08-05 19:38:54,rhi,rhi,hou-rhi-cell-track-20-deg,55.10193,55.10193,0.670166,19.379883,0.0,109900.0,55.1019287109375,95100.0,46.740417,31099,30590,4336,0,10306,0,31102
1129,2022-08-05 19:39:09,rhi,rhi,hou-rhi-cell-track-20-deg,57.694702,57.694702,0.68115234,19.39087,0.0,109900.0,57.6947021484375,37800.0,39.033104,31248,30687,3619,0,10659,0,31251
1130,2022-08-05 19:39:25,rhi,rhi,hou-rhi-cell-track-20-deg,53.497925,53.54187,0.670166,19.379883,0.0,109900.0,53.4979248046875,94800.0,47.69025,29863,29418,4719,0,9140,1,29866
1131,2022-08-05 19:39:37,ppi,ppi,hou-ppi-cell-track-20-deg,49.08142,61.155396,2.9992676,16.00708,0.0,109900.0,55.6072998046875,31700.0,42.105022,66249,65502,12305,0,17355,5,66254
1132,2022-08-05 19:40:05,rhi,rhi,hou-rhi-cell-track-20-deg,55.057983,55.057983,0.63720703,19.423828,0.0,109900.0,55.0579833984375,95300.0,45.244953,31254,30774,4163,0,10479,0,31254
1133,2022-08-05 19:40:23,rhi,rhi,hou-rhi-cell-track-20-deg,55.10193,55.10193,0.63720703,19.401855,0.0,109900.0,55.1019287109375,95200.0,44.751087,31192,30721,4134,0,10532,0,31196
1134,2022-08-05 19:40:39,rhi,rhi,hou-rhi-cell-track-20-deg,56.17859,56.17859,0.64819336,19.379883,0.0,109900.0,56.1785888671875,94100.0,42.13689,31467,30934,4033,0,10788,0,31468
1135,2022-08-05 19:40:54,rhi,rhi,hou-rhi-cell-track-20-deg,59.73816,59.76013,0.670166,19.379883,0.0,109900.0,59.7601318359375,49600.0,41.463123,30015,29286,2915,0,9611,0,30019
1136,2022-08-05 19:41:08,ppi,ppi,hou-ppi-cell-track-20-deg,49.070435,61.17737,3.0212402,16.00708,0.0,109900.0,53.3221435546875,39100.0,41.85173,66565,65715,12455,0,17939,3,66565
1137,2022-08-05 19:41:36,rhi,rhi,hou-rhi-cell-track-20-deg,55.079956,55.145874,0.6591797,19.401855,0.0,109900.0,55.1458740234375,94500.0,43.928604,31356,30836,4177,0,10669,0,31356
1138,2022-08-05 19:41:55,rhi,rhi,hou-rhi-cell-track-20-deg,55.079956,55.079956,0.670166,19.379883,0.0,109900.0,55.0799560546875,93800.0,43.209347,31193,30650,4104,0,10581,0,31193
1139,2022-08-05 19:42:14,rhi,rhi,hou-rhi-cell-track-20-deg,57.540894,57.540894,0.64819336,19.423828,0.0,109900.0,57.5408935546875,47100.0,40.644367,30586,29870,3539,0,10198,0,30588
1140,2022-08-05 19:42:31,rhi,rhi,hou-rhi-cell-track-20-deg,57.474976,57.474976,0.6591797,19.401855,0.0,109900.0,57.4749755859375,48400.0,40.48445,30858,30072,3714,0,10244,0,30860
1141,2022-08-05 19:42:47,ppi,ppi,hou-ppi-cell-track-20-deg,49.070435,61.155396,2.9992676,16.00708,0.0,109900.0,49.1583251953125,29900.0,41.491383,66343,65091,12676,0,18202,2,66352
1142,2022-08-05 19:43:15,rhi,rhi,hou-rhi-cell-track-20-deg,55.10193,55.1239,0.6591797,19.401855,0.0,109900.0,55.1239013671875,93300.0,42.26894,31303,30532,4141,0,10646,0,31305
1143,2022-08-05 19:43:30,rhi,rhi,hou-rhi-cell-track-20-deg,55.079956,55.079956,0.6591797,19.401855,0.0,109900.0,55.0799560546875,93700.0,42.399174,31215,30415,4162,0,10714,0,31217
1144,2022-08-05 19:43:49,rhi,rhi,hou-rhi-cell-track-20-deg,54.508667,54.508667,0.68115234,19.401855,0.0,109900.0,54.5086669921875,93700.0,44.514103,31204,30425,4157,0,10670,0,31206
1145,2022-08-05 19:44:04,rhi,rhi,hou-rhi-cell-track-20-deg,56.68396,56.68396,0.6591797,19.379883,0.0,109900.0,56.6839599609375,46300.0,41.52285,30457,29459,3947,0,10073,0,30460
1146,2022-08-05 19:44:16,ppi,ppi,hou-ppi-cell-track-20-deg,49.05945,61.16638,2.9992676,15.985107,0.0,109900.0,55.5963134765625,45600.0,43.291943,66646,64991,12911,0,18649,1,66656
1147,2022-08-05 19:44:44,rhi,rhi,hou-rhi-cell-track-20-deg,55.1239,55.167847,0.670166,19.379883,0.0,109900.0,55.1678466796875,93300.0,42.441734,31343,30333,4263,0,10805,0,31345
1148,2022-08-05 19:45:01,rhi,rhi,hou-rhi-cell-track-20-deg,55.057983,55.057983,0.6591797,19.379883,0.0,109900.0,55.0579833984375,93300.0,42.41029,31190,30228,4175,0,10755,0,31198
1149,2022-08-05 19:45:19,rhi,rhi,hou-rhi-cell-track-20-deg,54.28894,54.28894,0.68115234,19.401855,0.0,109900.0,54.2889404296875,93300.0,44.606094,31121,30110,4296,0,10667,0,31122
1150,2022-08-05 19:45:34,rhi,rhi,hou-rhi-cell-track-20-deg,49.91638,49.91638,0.6591797,19.379883,0.0,109900.0,49.9163818359375,98400.0,48.729183,28796,28057,5172,0,8576,1,28799
1151,2022-08-05 19:45:48,ppi,ppi,hou-ppi-cell-track-20-deg,49.08142,61.14441,2.977295,16.00708,0.0,109900.0,49.1473388671875,65400.0,44.205055,66306,64207,12347,0,18946,1,66330
1152,2022-08-05 19:46:16,rhi,rhi,hou-rhi-cell-track-20-deg,55.057983,55.057983,0.64819336,19.401855,0.0,109900.0,55.0579833984375,93000.0,42.202118,30688,29506,4348,0,10314,0,30697
1153,2022-08-05 19:46:34,rhi,rhi,hou-rhi-cell-track-20-deg,55.1239,55.1239,0.670166,19.379883,0.0,109900.0,55.1239013671875,53900.0,40.656017,30563,29353,4464,0,10205,0,30571
1154,2022-08-05 19:46:51,rhi,rhi,hou-rhi-cell-track-20-deg,60.199585,60.199585,0.64819336,19.401855,0.0,109900.0,60.1995849609375,48800.0,40.55939,29551,27931,2814,0,9597,0,29583
1155,2022-08-05 19:47:08,rhi,rhi,hou-rhi-cell-track-20-deg,50.72937,50.773315,0.68115234,19.401855,0.0,109900.0,50.7513427734375,98500.0,44.66716,31002,30036,5090,0,10636,0,31016
1156,2022-08-05 19:47:23,ppi,ppi,hou-ppi-cell-track-20-deg,49.103394,61.155396,2.977295,16.00708,0.0,109900.0,56.9146728515625,43100.0,41.67241,66416,64049,12541,0,19284,0,66487
1157,2022-08-05 19:47:52,rhi,rhi,hou-rhi-cell-track-20-deg,55.03601,55.03601,0.64819336,19.401855,0.0,109900.0,55.0360107421875,47000.0,40.584217,30242,29016,4645,0,10067,0,30278
1158,2022-08-05 19:48:09,rhi,rhi,hou-rhi-cell-track-20-deg,55.10193,55.10193,0.6591797,19.401855,0.0,109900.0,55.1019287109375,45700.0,41.45315,30069,28789,4518,0,9945,0,30112
1159,2022-08-05 19:48:24,rhi,rhi,hou-rhi-cell-track-20-deg,59.452515,59.452515,0.670166,19.379883,0.0,109900.0,59.4525146484375,49000.0,39.411705,29524,28053,3182,0,9620,0,29615
1160,2022-08-05 19:48:41,rhi,rhi,hou-rhi-cell-track-20-deg,50.72937,50.773315,0.6591797,19.401855,0.0,109900.0,50.7293701171875,98200.0,43.02138,31114,30085,5070,0,10905,0,31143
1161,2022-08-05 19:48:57,ppi,ppi,hou-ppi-cell-track-20-deg,49.103394,61.17737,2.9992676,16.00708,0.0,109900.0,61.0784912109375,29300.0,42.474545,65626,63323,12665,0,18816,0,65778
1162,2022-08-05 19:49:25,rhi,rhi,hou-rhi-cell-track-20-deg,55.03601,55.079956,0.64819336,19.401855,0.0,109900.0,55.0360107421875,46800.0,40.648193,29959,28738,4693,0,9897,0,30017
1163,2022-08-05 19:49:44,rhi,rhi,hou-rhi-cell-track-20-deg,55.1239,55.1239,0.6591797,19.379883,0.0,109900.0,55.1239013671875,47200.0,40.975674,29741,28599,4544,0,9708,0,29812
1164,2022-08-05 19:49:58,rhi,rhi,hou-rhi-cell-track-20-deg,60.704956,60.72693,0.63720703,19.412842,0.0,109900.0,60.7269287109375,46800.0,39.813335,28099,26966,2727,0,8555,0,28142
1165,2022-08-05 19:50:15,rhi,rhi,hou-rhi-cell-track-20-deg,53.739624,53.761597,0.6591797,19.401855,0.0,109900.0,53.7615966796875,38500.0,40.33966,30031,28982,4822,0,9996,0,30080
1166,2022-08-05 19:50:27,ppi,ppi,hou-ppi-cell-track-20-deg,49.103394,61.16638,2.977295,16.00708,0.0,109900.0,58.5955810546875,31900.0,42.522564,65220,63220,12282,0,18464,0,65302
1167,2022-08-05 19:50:55,rhi,rhi,hou-rhi-cell-track-20-deg,55.057983,55.057983,0.63720703,19.423828,0.0,109900.0,55.0579833984375,47800.0,41.51106,29961,29010,4572,0,9633,0,29981
1168,2022-08-05 19:51:10,rhi,rhi,hou-rhi-cell-track-20-deg,55.10193,55.10193,0.68115234,19.401855,0.0,109900.0,55.1019287109375,44200.0,41.40569,30097,29208,4452,0,9678,0,30115
1169,2022-08-05 19:51:24,rhi,rhi,hou-rhi-cell-track-20-deg,60.199585,60.221558,0.6591797,19.401855,0.0,109900.0,60.2215576171875,81900.0,40.264416,28549,27931,2657,0,8538,0,28552
1170,2022-08-05 19:51:40,rhi,rhi,hou-rhi-cell-track-20-deg,50.224,50.267944,0.6591797,19.401855,0.0,109900.0,50.2239990234375,97400.0,42.265972,31203,30320,5250,0,10920,0,31213
1171,2022-08-05 19:51:53,ppi,ppi,hou-ppi-cell-track-20-deg,49.070435,61.14441,2.977295,16.00708,0.0,109900.0,50.6524658203125,40200.0,41.461304,66157,65116,11961,0,18511,0,66166
1172,2022-08-05 19:52:21,rhi,rhi,hou-rhi-cell-track-20-deg,55.03601,55.1239,0.6591797,19.401855,0.0,109900.0,55.0360107421875,44300.0,40.349785,30253,29879,4212,0,9678,0,30255
1173,2022-08-05 19:52:39,rhi,rhi,hou-rhi-cell-track-20-deg,55.1239,55.1239,0.64819336,19.423828,0.0,109900.0,55.1239013671875,42500.0,41.76992,30408,30038,4150,0,9703,0,30409
1174,2022-08-05 19:52:54,rhi,rhi,hou-rhi-cell-track-20-deg,60.704956,60.704956,0.6591797,19.401855,0.0,109900.0,60.7049560546875,42400.0,39.605865,28390,28135,2164,0,8299,0,28391
1175,2022-08-05 19:53:10,rhi,rhi,hou-rhi-cell-track-20-deg,51.30066,51.30066,0.6591797,19.401855,0.0,109900.0,51.3006591796875,57700.0,40.340927,30572,30246,4819,0,10111,0,30575
1176,2022-08-05 19:53:22,ppi,ppi,hou-ppi-cell-track-20-deg,49.092407,61.16638,2.977295,16.00708,0.0,109900.0,49.3890380859375,72500.0,44.058323,66091,65719,11298,0,18162,0,66091
1177,2022-08-05 19:53:51,rhi,rhi,hou-rhi-cell-track-20-deg,55.03601,55.10193,0.63720703,19.423828,0.0,109900.0,55.0360107421875,49300.0,41.53085,30285,30036,3871,0,9588,0,30285
1178,2022-08-05 19:54:10,rhi,rhi,hou-rhi-cell-track-20-deg,55.10193,55.10193,0.64819336,19.423828,0.0,109900.0,55.1019287109375,40000.0,40.287086,30361,30135,3696,0,9743,0,30361
1179,2022-08-05 19:54:31,rhi,rhi,hou-rhi-cell-track-20-deg,59.430542,59.430542,0.670166,19.423828,0.0,109900.0,59.4305419921875,81000.0,41.877586,28853,28646,2007,0,8642,0,28853
1180,2022-08-05 19:54:50,rhi,rhi,hou-rhi-cell-track-20-deg,50.72937,50.751343,0.64819336,19.412842,0.0,109900.0,50.7293701171875,39300.0,40.243637,30623,30398,4515,0,10095,0,30623
1181,2022-08-05 19:55:06,ppi,ppi,hou-ppi-cell-track-20-deg,49.070435,61.16638,2.977295,15.985107,0.0,109900.0,53.6627197265625,42100.0,41.71435,65909,65666,10015,0,17930,0,65909
1182,2022-08-05 19:55:34,rhi,rhi,hou-rhi-cell-track-20-deg,55.03601,55.10193,0.6591797,19.423828,0.0,109900.0,55.0360107421875,48500.0,40.56635,30434,30235,3537,0,9747,0,30434
1183,2022-08-05 19:55:50,rhi,rhi,hou-rhi-cell-track-20-deg,55.10193,55.10193,0.670166,19.379883,0.0,109900.0,55.1019287109375,40900.0,40.32357,30332,30140,3440,0,9669,0,30332
1184,2022-08-05 19:56:04,rhi,rhi,hou-rhi-cell-track-20-deg,48.90564,48.90564,0.6591797,19.379883,0.0,109900.0,48.9056396484375,57900.0,42.08474,30279,30041,4453,0,10046,0,30279
1185,2022-08-05 19:56:20,rhi,rhi,hou-rhi-cell-track-20-deg,49.23523,49.279175,0.670166,19.423828,0.0,109900.0,49.2791748046875,94100.0,40.75087,30352,30130,4393,0,10094,0,30352
1186,2022-08-05 19:56:31,ppi,ppi,hou-ppi-cell-track-20-deg,49.103394,61.155396,2.977295,16.00708,0.0,109900.0,55.1568603515625,48300.0,41.128624,65553,65335,8880,0,17689,0,65553
1187,2022-08-05 19:56:59,rhi,rhi,hou-rhi-cell-track-20-deg,55.057983,55.057983,0.63720703,19.423828,0.0,109900.0,55.0579833984375,48100.0,39.8881,30218,30024,3178,0,9675,0,30218
1188,2022-08-05 19:57:15,rhi,rhi,hou-rhi-cell-track-20-deg,55.10193,55.10193,0.6591797,19.379883,0.0,109900.0,55.1019287109375,47800.0,39.57949,30317,30119,3079,0,9726,0,30317
1189,2022-08-05 19:57:30,rhi,rhi,hou-rhi-cell-track-20-deg,58.463745,58.463745,0.670166,19.379883,0.0,109900.0,58.4637451171875,71600.0,38.13491,29265,29041,1595,0,8874,0,29265
1190,2022-08-05 19:57:45,rhi,rhi,hou-rhi-cell-track-20-deg,50.72937,50.773315,0.670166,19.379883,0.0,109900.0,50.7293701171875,44700.0,40.13861,30220,30008,3721,0,9524,0,30220
1191,2022-08-05 19:58:02,ppi,ppi,hou-ppi-cell-track-20-deg,49.092407,61.16638,2.9992676,16.00708,0.0,109900.0,52.4102783203125,44700.0,40.03161,64912,64638,7760,0,17048,0,64912
1192,2022-08-05 19:58:30,rhi,rhi,hou-rhi-cell-track-20-deg,55.03601,55.10193,0.6591797,19.379883,0.0,109900.0,55.0360107421875,47700.0,41.12805,30217,29997,2910,0,9663,0,30217
1193,2022-08-05 19:58:43,rhi,rhi,hou-rhi-cell-track-20-deg,55.10193,55.10193,0.64819336,19.412842,0.0,109900.0,55.1019287109375,69800.0,40.41767,30247,30014,2840,0,9658,0,30247
1194,2022-08-05 19:58:59,rhi,rhi,hou-rhi-cell-track-20-deg,53.69568,53.69568,0.6591797,19.401855,0.0,109900.0,53.6956787109375,47600.0,39.704445,30429,30211,3363,0,9688,0,30429
1195,2022-08-05 19:59:13,rhi,rhi,hou-rhi-cell-track-20-deg,50.993042,51.015015,0.6591797,19.379883,0.0,109900.0,50.9930419921875,46200.0,39.441353,29911,29676,3410,0,9402,0,29911
1196,2022-08-05 19:59:28,ppi,ppi,hou-ppi-cell-track-20-deg,49.092407,61.16638,2.9992676,16.00708,0.0,109900.0,52.3333740234375,31700.0,41.51564,64222,63869,6779,0,16805,0,64222
1197,2022-08-05 19:59:56,rhi,rhi,hou-rhi-cell-track-20-deg,55.057983,55.057983,0.670166,19.379883,0.0,109900.0,55.0579833984375,47500.0,39.34196,30080,29773,2402,0,9544,0,30080
1198,2022-08-05 20:00:14,rhi,rhi,hou-rhi-cell-track-20-deg,55.10193,55.112915,0.63720703,19.412842,0.0,109900.0,55.1019287109375,69900.0,39.35577,30127,29807,2242,0,9508,0,30127
1199,2022-08-05 20:00:28,rhi,rhi,hou-rhi-cell-track-20-deg,49.65271,49.696655,0.6591797,19.401855,0.0,109900.0,49.6527099609375,45300.0,40.340717,29831,29575,3474,0,9413,0,29831
1200,2022-08-05 20:00:44,rhi,rhi,hou-rhi-cell-track-20-deg,48.99353,49.015503,0.64819336,19.423828,0.0,109900.0,48.9935302734375,41800.0,42.60338,29522,29298,3383,0,9338,0,29522
1201,2022-08-05 20:00:57,ppi,ppi,hou-ppi-cell-track-20-deg,49.070435,61.16638,2.977295,16.00708,0.0,109900.0,51.4215087890625,45800.0,40.023476,63837,63116,5882,0,16694,0,63838
1202,2022-08-05 20:01:26,rhi,rhi,hou-rhi-cell-track-20-deg,55.03601,55.090942,0.670166,19.379883,0.0,109900.0,55.0360107421875,69400.0,38.443222,29724,29177,1882,0,9356,0,29724
1203,2022-08-05 20:01:44,rhi,rhi,hou-rhi-cell-track-20-deg,55.10193,55.10193,0.68115234,19.412842,0.0,109900.0,55.1019287109375,67200.0,40.299152,29794,29169,1729,0,9388,0,29794
1204,2022-08-05 20:02:00,rhi,rhi,hou-rhi-cell-track-20-deg,49.454956,49.47693,0.6591797,19.379883,0.0,109900.0,49.4769287109375,41700.0,41.140347,29628,29242,3259,0,9293,0,29628
1205,2022-08-05 20:02:19,rhi,rhi,hou-rhi-cell-track-20-deg,49.542847,49.542847,0.63720703,19.401855,0.0,109900.0,49.5428466796875,41200.0,39.630917,29610,29186,3237,0,9301,0,29610
1206,2022-08-05 20:02:33,ppi,ppi,hou-ppi-cell-track-20-deg,49.08142,61.16638,2.9992676,16.00708,0.0,109900.0,49.4110107421875,56300.0,39.988274,63100,61507,5134,0,16261,0,63100
1207,2022-08-05 20:03:01,rhi,rhi,hou-rhi-cell-track-20-deg,55.057983,55.057983,0.6591797,19.401855,0.0,109900.0,55.0579833984375,67100.0,40.449352,29847,28812,1502,0,9630,0,29847
1208,2022-08-05 20:03:19,rhi,rhi,hou-rhi-cell-track-20-deg,55.10193,55.10193,0.64819336,19.423828,0.0,109900.0,55.1019287109375,76600.0,39.760853,29480,28347,1356,0,9274,0,29483
1209,2022-08-05 20:03:33,rhi,rhi,hou-rhi-cell-track-20-deg,57.958374,57.958374,0.670166,19.401855,0.0,109900.0,57.9583740234375,76900.0,43.809837,28286,26847,1026,0,8644,0,28287
1210,2022-08-05 20:03:49,rhi,rhi,hou-rhi-cell-track-20-deg,48.971558,48.99353,0.6591797,19.401855,0.0,109900.0,48.9935302734375,40200.0,38.910374,29680,28706,3163,0,9392,0,29681
1211,2022-08-05 20:04:01,ppi,ppi,hou-ppi-cell-track-20-deg,49.08142,61.16638,2.9992676,16.00708,0.0,109900.0,56.6180419921875,31600.0,39.480404,62180,59634,4227,0,16116,0,62192
1212,2022-08-05 20:04:29,rhi,rhi,hou-rhi-cell-track-20-deg,55.057983,55.057983,0.6591797,19.379883,0.0,109900.0,55.0579833984375,66300.0,39.33719,29677,28117,1214,0,9709,0,29685
1213,2022-08-05 20:04:46,rhi,rhi,hou-rhi-cell-track-20-deg,55.10193,55.10193,0.6591797,19.379883,0.0,109900.0,55.1019287109375,68800.0,39.11125,29780,28124,1220,0,9840,0,29787
1214,2022-08-05 20:05:04,rhi,rhi,hou-rhi-cell-track-20-deg,53.673706,53.673706,0.670166,19.39087,0.0,109900.0,53.6737060546875,73700.0,40.66939,30188,28589,1519,0,10056,0,30195
1215,2022-08-05 20:05:18,rhi,rhi,hou-rhi-cell-track-20-deg,49.279175,49.279175,0.6591797,19.401855,0.0,109900.0,49.2791748046875,74400.0,41.14524,29580,28053,2877,0,9427,0,29583
1216,2022-08-05 20:05:31,ppi,ppi,hou-ppi-cell-track-20-deg,49.08142,61.17737,2.9992676,16.00708,0.0,109900.0,59.6502685546875,15500.0,39.35751,61141,57950,3651,0,15965,0,61181
1217,2022-08-05 20:05:59,rhi,rhi,hou-rhi-cell-track-20-deg,55.03601,55.10193,0.6591797,19.401855,0.0,109900.0,55.0360107421875,46100.0,38.435318,29651,27964,1173,0,9911,0,29656
1218,2022-08-05 20:06:15,rhi,rhi,hou-rhi-cell-track-20-deg,55.10193,55.10193,0.63720703,19.412842,0.0,109900.0,55.1019287109375,67700.0,37.59126,29766,27983,1102,0,10084,0,29778
1219,2022-08-05 20:06:36,rhi,rhi,hou-rhi-cell-track-20-deg,57.67273,57.67273,0.63720703,19.412842,0.0,109900.0,57.6727294921875,71100.0,41.994656,28395,26595,1311,0,8918,0,28408
1220,2022-08-05 20:06:55,rhi,rhi,hou-rhi-cell-track-20-deg,49.7406,49.7406,0.670166,19.379883,0.0,109900.0,49.7406005859375,67400.0,39.308647,29673,27977,2539,0,9614,0,29685
1221,2022-08-05 20:07:07,ppi,ppi,hou-ppi-cell-track-20-deg,49.103394,61.16638,2.9992676,16.00708,0.0,109900.0,49.1473388671875,67800.0,41.03464,60330,57193,3069,0,15911,0,60398
1222,2022-08-05 20:07:35,rhi,rhi,hou-rhi-cell-track-20-deg,55.057983,55.057983,0.6591797,19.401855,0.0,109900.0,55.0579833984375,68100.0,38.60178,29865,28040,1154,0,10279,0,29893
1223,2022-08-05 20:07:50,rhi,rhi,hou-rhi-cell-track-20-deg,55.10193,55.1239,0.6591797,19.401855,0.0,109900.0,55.1239013671875,67200.0,40.053246,29772,28041,1227,0,10216,0,29799
1224,2022-08-05 20:08:10,rhi,rhi,hou-rhi-cell-track-20-deg,55.45349,55.45349,0.6591797,19.423828,0.0,109900.0,55.4534912109375,63600.0,39.571613,29564,27865,1274,0,9998,0,29596
1225,2022-08-05 20:08:31,rhi,rhi,hou-rhi-cell-track-20-deg,56.222534,56.222534,0.6591797,19.379883,0.0,109900.0,56.2225341796875,82700.0,40.45822,29320,27610,1356,0,9367,0,29355
1226,2022-08-05 20:08:50,ppi,ppi,hou-ppi-cell-track-20-deg,49.103394,61.14441,2.977295,16.00708,0.0,109900.0,54.8162841796875,74700.0,40.95806,59808,57130,2878,0,15945,0,59923
1227,2022-08-05 20:09:18,rhi,rhi,hou-rhi-cell-track-20-deg,55.10193,55.145874,0.63720703,19.412842,0.0,109900.0,55.1458740234375,72400.0,40.7269,29389,27892,1298,0,10159,0,29445
1228,2022-08-05 20:09:33,rhi,rhi,hou-rhi-cell-track-20-deg,55.079956,55.079956,0.64819336,19.401855,0.0,109900.0,55.0799560546875,71400.0,40.0898,29109,27738,1277,0,9793,0,29177
1229,2022-08-05 20:09:50,rhi,rhi,hou-rhi-cell-track-20-deg,53.014526,53.0365,0.63720703,19.401855,0.0,109900.0,53.0145263671875,72300.0,40.79482,29470,28271,1403,0,10014,0,29520
1230,2022-08-05 20:10:04,rhi,rhi,hou-rhi-cell-track-20-deg,48.949585,48.949585,0.670166,19.39087,0.0,109900.0,48.9495849609375,66000.0,43.592716,29121,27903,2212,0,9305,0,29169
1231,2022-08-05 20:10:18,ppi,ppi,hou-ppi-cell-track-20-deg,49.092407,61.16638,2.977295,15.985107,0.0,109900.0,49.1583251953125,69400.0,41.624264,59573,57572,2913,0,15839,0,59712
1232,2022-08-05 20:10:46,rhi,rhi,hou-rhi-cell-track-20-deg,55.057983,55.057983,0.64819336,19.401855,0.0,109900.0,55.0579833984375,71500.0,39.407784,29267,28152,1415,0,9928,0,29324
1233,2022-08-05 20:11:04,rhi,rhi,hou-rhi-cell-track-20-deg,55.10193,55.10193,0.64819336,19.423828,0.0,109900.0,55.1019287109375,75100.0,40.601345,29212,28216,1390,0,9839,0,29269
1234,2022-08-05 20:11:19,rhi,rhi,hou-rhi-cell-track-20-deg,53.014526,53.014526,0.6591797,19.401855,0.0,109900.0,53.0145263671875,70600.0,42.48765,29549,28688,1427,0,10102,0,29599
1235,2022-08-05 20:11:35,rhi,rhi,hou-rhi-cell-track-20-deg,55.51941,55.51941,0.6591797,19.401855,0.0,109900.0,55.5194091796875,71200.0,41.62105,29052,28173,1499,0,9567,0,29099
1236,2022-08-05 20:11:54,ppi,ppi,hou-ppi-cell-track-20-deg,49.070435,61.14441,2.9992676,16.00708,0.0,109900.0,60.8587646484375,69300.0,40.04587,60162,58861,3124,0,16003,0,60242
1237,2022-08-05 20:12:22,rhi,rhi,hou-rhi-cell-track-20-deg,55.1239,55.167847,0.6591797,19.401855,0.0,109900.0,55.1678466796875,75900.0,40.229267,29043,28249,1454,0,9580,0,29080
1238,2022-08-05 20:12:40,rhi,rhi,hou-rhi-cell-track-20-deg,55.10193,55.1239,0.64819336,19.423828,0.0,109900.0,55.1239013671875,64600.0,41.302986,29299,28516,1524,0,9675,0,29323
1239,2022-08-05 20:12:59,rhi,rhi,hou-rhi-cell-track-20-deg,54.310913,54.310913,0.6591797,19.412842,0.0,109900.0,54.3109130859375,71700.0,40.887703,29390,28643,1494,0,9839,0,29410
1240,2022-08-05 20:13:15,rhi,rhi,hou-rhi-cell-track-20-deg,49.454956,49.47693,0.68115234,19.401855,0.0,109900.0,49.4549560546875,70500.0,41.862164,29782,29170,1780,0,10043,0,29788
1241,2022-08-05 20:13:32,ppi,ppi,hou-ppi-cell-track-20-deg,49.08142,61.155396,2.977295,15.985107,0.0,109900.0,49.1473388671875,68600.0,39.85145,60401,59398,2867,0,15830,0,60408
1242,2022-08-05 20:14:01,rhi,rhi,hou-rhi-cell-track-20-deg,55.057983,55.057983,0.670166,19.401855,0.0,109900.0,55.0579833984375,77900.0,41.14241,29408,28685,1525,0,9447,0,29410
1243,2022-08-05 20:14:20,rhi,rhi,hou-rhi-cell-track-20-deg,55.10193,55.10193,0.6591797,19.401855,0.0,109900.0,55.1019287109375,64200.0,41.592575,29466,28797,1652,0,9365,0,29471
1244,2022-08-05 20:14:33,rhi,rhi,hou-rhi-cell-track-20-deg,56.486206,56.486206,0.64819336,19.379883,0.0,109900.0,56.4862060546875,71600.0,41.459934,29538,28829,1603,0,9344,0,29539
1245,2022-08-05 20:14:51,rhi,rhi,hou-rhi-cell-track-20-deg,50.993042,51.015015,0.64819336,19.423828,0.0,109900.0,50.9930419921875,69700.0,40.452984,30622,30046,1843,0,10337,0,30623
1246,2022-08-05 20:15:06,ppi,ppi,hou-ppi-cell-track-20-deg,49.08142,61.17737,2.977295,16.00708,0.0,109900.0,49.1802978515625,55000.0,39.912724,61688,60845,2900,0,15776,0,61688
1247,2022-08-05 20:15:34,rhi,rhi,hou-rhi-cell-track-20-deg,55.057983,55.057983,0.64819336,19.423828,0.0,109900.0,55.0579833984375,75000.0,40.069748,29778,29143,1568,0,9366,0,29779
1248,2022-08-05 20:15:50,rhi,rhi,hou-rhi-cell-track-20-deg,55.10193,55.10193,0.64819336,19.423828,0.0,109900.0,55.1019287109375,79900.0,40.38838,29746,29067,1529,0,9284,0,29746
1249,2022-08-05 20:16:04,rhi,rhi,hou-rhi-cell-track-20-deg,60.704956,60.72693,0.6591797,19.401855,0.0,109900.0,60.7269287109375,77100.0,41.36198,30674,29734,1417,0,9778,0,30676
1250,2022-08-05 20:16:21,rhi,rhi,hou-rhi-cell-track-20-deg,49.718628,49.7406,0.68115234,19.401855,0.0,109900.0,49.7406005859375,74900.0,40.97226,30684,30154,1686,0,10507,0,30684
1251,2022-08-05 20:16:37,ppi,ppi,hou-ppi-cell-track-20-deg,49.092407,61.14441,3.010254,15.985107,0.0,109900.0,49.1473388671875,66100.0,40.77316,62427,61595,2709,0,15922,0,62427
1252,2022-08-05 20:17:05,rhi,rhi,hou-rhi-cell-track-20-deg,55.057983,55.057983,0.68115234,19.379883,0.0,109900.0,55.0579833984375,62600.0,44.01055,30047,29368,1543,0,9292,0,30047
1253,2022-08-05 20:17:20,rhi,rhi,hou-rhi-cell-track-20-deg,55.10193,55.10193,0.670166,19.401855,0.0,109900.0,55.1019287109375,72200.0,41.95789,30131,29442,1505,0,9429,0,30131
1254,2022-08-05 20:17:35,rhi,rhi,hou-rhi-cell-track-20-deg,60.221558,60.24353,0.64819336,19.423828,0.0,109900.0,60.2435302734375,75700.0,43.72698,31086,30112,1328,0,10034,0,31087
1255,2022-08-05 20:17:50,rhi,rhi,hou-rhi-cell-track-20-deg,56.77185,56.77185,0.670166,19.379883,0.0,109900.0,56.7718505859375,87800.0,40.210773,30222,29515,1364,0,9916,0,30223
1256,2022-08-05 20:18:03,ppi,ppi,hou-ppi-cell-track-20-deg,49.092407,61.16638,2.9992676,16.00708,0.0,109900.0,52.8277587890625,71700.0,44.88702,62361,61408,2398,0,16105,0,62361
1257,2022-08-05 20:18:31,rhi,rhi,hou-rhi-cell-track-20-deg,55.1239,55.167847,0.670166,19.379883,0.0,109900.0,55.1458740234375,71500.0,41.147846,30478,29722,1409,0,9624,0,30478
1258,2022-08-05 20:18:50,rhi,rhi,hou-rhi-cell-track-20-deg,55.057983,55.057983,0.68115234,19.39087,0.0,109900.0,55.0579833984375,73300.0,41.55719,30591,29824,1422,0,9660,0,30591
1259,2022-08-05 20:19:06,rhi,rhi,hou-rhi-cell-track-20-deg,60.265503,60.287476,0.63720703,19.379883,0.0,109900.0,60.2874755859375,80700.0,41.588608,31490,29979,1238,0,10571,0,31504
1260,2022-08-05 20:19:24,rhi,rhi,hou-rhi-cell-track-20-deg,49.65271,49.696655,0.670166,19.39087,0.0,109900.0,49.6746826171875,71800.0,40.9347,31047,30428,1466,0,10676,0,31047
1261,2022-08-05 20:19:37,ppi,ppi,hou-ppi-cell-track-20-deg,49.103394,61.155396,2.977295,16.00708,0.0,109900.0,49.1583251953125,64100.0,41.422825,62274,60879,1972,0,15765,0,62279
1262,2022-08-05 20:20:06,rhi,rhi,hou-rhi-cell-track-20-deg,55.03601,55.079956,0.68115234,19.401855,0.0,109900.0,55.0360107421875,88500.0,40.723343,30650,29754,1273,0,9833,0,30650
1263,2022-08-05 20:20:24,rhi,rhi,hou-rhi-cell-track-20-deg,55.10193,55.10193,0.6591797,19.401855,0.0,109900.0,55.1019287109375,68400.0,42.569305,30811,29810,1252,0,9975,0,30812
1264,2022-08-05 20:20:39,rhi,rhi,hou-rhi-cell-track-20-deg,50.927124,50.97107,0.63720703,19.379883,0.0,109900.0,50.9490966796875,69700.0,41.69409,30394,29625,1272,0,10604,0,30394
1265,2022-08-05 20:20:53,rhi,rhi,hou-rhi-cell-track-20-deg,54.003296,54.02527,0.64819336,19.423828,0.0,109900.0,54.0252685546875,79700.0,40.264797,30503,29516,1127,0,9981,0,30504
1266,2022-08-05 20:21:07,ppi,ppi,hou-ppi-cell-track-20-deg,49.08142,61.155396,2.9992676,16.00708,0.0,109900.0,49.3890380859375,68500.0,41.79571,62319,60087,1653,0,15966,0,62351
1267,2022-08-05 20:21:35,rhi,rhi,hou-rhi-cell-track-20-deg,55.03601,55.057983,0.63720703,19.412842,0.0,109900.0,55.0360107421875,88400.0,42.33145,30877,29391,1154,0,10127,0,30881
1268,2022-08-05 20:21:48,rhi,rhi,hou-rhi-cell-track-20-deg,55.10193,55.10193,0.68115234,19.423828,0.0,109900.0,55.1019287109375,61000.0,39.91323,30694,29065,1160,0,10114,0,30700
1269,2022-08-05 20:22:04,rhi,rhi,hou-rhi-cell-track-20-deg,50.685425,50.685425,0.6591797,19.401855,0.0,109900.0,50.6854248046875,70200.0,40.778152,30465,29486,1213,0,10558,0,30465
1270,2022-08-05 20:22:20,rhi,rhi,hou-rhi-cell-track-20-deg,55.805054,55.805054,0.64819336,19.401855,0.0,109900.0,55.8050537109375,68200.0,40.3624,30918,28990,1208,0,10270,0,30938
1271,2022-08-05 20:22:37,ppi,ppi,hou-ppi-cell-track-20-deg,49.092407,61.155396,2.977295,16.00708,0.0,109900.0,61.0894775390625,68100.0,42.171535,61840,58686,1429,0,16245,0,61866
1272,2022-08-05 20:23:05,rhi,rhi,hou-rhi-cell-track-20-deg,55.1239,55.167847,0.6591797,19.401855,0.0,109900.0,55.1458740234375,72800.0,42.159702,30813,28573,1101,0,10359,0,30834
1273,2022-08-05 20:23:21,rhi,rhi,hou-rhi-cell-track-20-deg,55.03601,55.057983,0.6591797,19.401855,0.0,109900.0,55.0360107421875,71400.0,41.608807,30677,28208,1097,0,10219,0,30713
1274,2022-08-05 20:23:39,rhi,rhi,hou-rhi-cell-track-20-deg,60.507202,60.529175,0.63720703,19.423828,0.0,109900.0,60.5291748046875,79400.0,42.205647,31499,27646,1191,0,11792,0,31715
1275,2022-08-05 20:23:54,rhi,rhi,hou-rhi-cell-track-20-deg,60.507202,60.507202,0.63720703,19.401855,0.0,109900.0,60.5072021484375,72100.0,42.50256,31310,27329,1262,0,11740,0,31564
1276,2022-08-05 20:24:09,ppi,ppi,hou-ppi-cell-track-20-deg,49.092407,61.14441,2.9992676,16.00708,0.0,109900.0,61.0894775390625,69100.0,39.88106,61492,56693,1291,0,16772,0,61591
1277,2022-08-05 20:24:37,rhi,rhi,hou-rhi-cell-track-20-deg,55.090942,55.167847,0.6591797,19.401855,0.0,109900.0,55.1458740234375,85900.0,39.969894,30498,27125,1144,0,10487,0,30597
1278,2022-08-05 20:24:54,rhi,rhi,hou-rhi-cell-track-20-deg,55.079956,55.079956,0.68115234,19.401855,0.0,109900.0,55.0799560546875,66700.0,40.78525,30508,26829,1133,0,10494,0,30596
1279,2022-08-05 20:25:10,rhi,rhi,hou-rhi-cell-track-20-deg,54.508667,54.552612,0.670166,19.379883,0.0,109900.0,54.5086669921875,59400.0,41.924118,30409,26617,1109,0,10511,0,30517
1280,2022-08-05 20:25:27,rhi,rhi,hou-rhi-cell-track-20-deg,54.420776,54.420776,0.64819336,19.423828,0.0,109900.0,54.4207763671875,87500.0,44.05602,30439,26416,1035,0,10664,0,30570
1281,2022-08-05 20:25:43,ppi,ppi,hou-ppi-cell-track-20-deg,49.08142,61.16638,2.9992676,15.985107,0.0,109900.0,49.4219970703125,70900.0,43.349346,60596,53613,1464,0,17168,0,60970
1282,2022-08-05 20:26:11,rhi,rhi,hou-rhi-cell-track-20-deg,55.057983,55.057983,0.63720703,19.379883,0.0,109900.0,55.0579833984375,76700.0,40.021477,30180,25500,1167,0,10735,0,30435
1283,2022-08-05 20:26:29,rhi,rhi,hou-rhi-cell-track-20-deg,55.10193,55.10193,0.68115234,19.39087,0.0,109900.0,55.1019287109375,88600.0,46.23123,30138,25510,1206,0,10995,0,30443
1284,2022-08-05 20:26:44,rhi,rhi,hou-rhi-cell-track-20-deg,53.915405,53.937378,0.64819336,19.401855,0.0,109900.0,53.9154052734375,85100.0,41.79838,29779,25166,1139,0,10827,0,30081
1285,2022-08-05 20:26:59,rhi,rhi,hou-rhi-cell-track-20-deg,56.244507,56.244507,0.670166,19.401855,0.0,109900.0,56.2445068359375,81000.0,42.272278,29681,24827,1358,0,11217,0,30162
1286,2022-08-05 20:27:14,ppi,ppi,hou-ppi-cell-track-20-deg,49.08142,61.17737,2.9992676,16.00708,0.0,109900.0,61.0675048828125,67200.0,41.445393,59383,50877,1493,0,17818,0,60047
1287,2022-08-05 20:27:42,rhi,rhi,hou-rhi-cell-track-20-deg,55.10193,55.167847,0.670166,19.379883,0.0,109900.0,55.1019287109375,57900.0,40.662422,29465,24661,1225,0,11221,0,30031
1288,2022-08-05 20:27:59,rhi,rhi,hou-rhi-cell-track-20-deg,55.03601,55.10193,0.6591797,19.423828,0.0,109900.0,55.0469970703125,80500.0,40.248844,29336,24473,1274,0,11193,0,30012
1289,2022-08-05 20:28:15,rhi,rhi,hou-rhi-cell-track-20-deg,54.992065,55.03601,0.6591797,19.379883,0.0,109900.0,55.0360107421875,78000.0,40.421684,29291,24597,1275,0,11361,0,30041
1290,2022-08-05 20:28:35,rhi,rhi,hou-rhi-cell-track-20-deg,54.94812,54.94812,0.63720703,19.401855,0.0,109900.0,54.9481201171875,70800.0,40.54048,28665,24357,1269,0,11321,0,29433
1291,2022-08-05 20:28:54,ppi,ppi,hou-ppi-cell-track-20-deg,49.08142,61.16638,2.9882812,16.00708,0.0,109900.0,49.1473388671875,72700.0,42.08296,56585,49497,1687,0,18274,0,58278
1292,2022-08-05 20:29:22,rhi,rhi,hou-rhi-cell-track-20-deg,55.057983,55.057983,0.63720703,19.412842,0.0,109900.0,55.0579833984375,65800.0,42.850277,28087,24435,1341,0,11471,0,29333
1293,2022-08-05 20:29:39,rhi,rhi,hou-rhi-cell-track-20-deg,55.10193,55.10193,0.63720703,19.379883,0.0,109900.0,55.1019287109375,81000.0,41.014877,27992,24656,1323,0,11657,0,29121
1294,2022-08-05 20:29:54,rhi,rhi,hou-rhi-cell-track-20-deg,49.454956,49.47693,0.64819336,19.423828,0.0,109900.0,49.4769287109375,75700.0,42.431046,28444,24484,1030,0,12286,0,29481
1295,2022-08-05 20:30:09,rhi,rhi,hou-rhi-cell-track-20-deg,49.47693,49.47693,0.6591797,19.412842,0.0,109900.0,49.4769287109375,17500.0,51.227528,28211,24408,1067,2,12257,0,29410
1296,2022-08-05 20:30:22,ppi,ppi,hou-ppi-cell-track-20-deg,49.092407,61.155396,2.9992676,16.00708,0.0,109900.0,49.1693115234375,66700.0,42.331543,54965,50375,2243,0,18844,0,57285
1297,2022-08-05 20:30:50,rhi,rhi,hou-rhi-cell-track-20-deg,55.057983,55.057983,0.64819336,19.401855,0.0,109900.0,55.0579833984375,64500.0,41.49873,27107,24812,1312,0,11671,0,28414
1298,2022-08-05 20:31:09,rhi,rhi,hou-rhi-cell-track-20-deg,55.10193,55.10193,0.68115234,19.401855,0.0,109900.0,55.1019287109375,58400.0,40.96289,27312,25157,1429,0,11879,0,28472
1299,2022-08-05 20:31:24,rhi,rhi,hou-rhi-cell-track-20-deg,55.18982,55.18982,0.64819336,19.423828,0.0,109900.0,55.1898193359375,65900.0,41.39462,27290,25275,1389,0,11921,0,28477
1300,2022-08-05 20:31:39,rhi,rhi,hou-rhi-cell-track-20-deg,55.43152,55.475464,0.670166,19.379883,0.0,109900.0,55.4754638671875,74200.0,40.721653,27427,25436,1405,0,12077,0,28523
1301,2022-08-05 20:31:51,ppi,ppi,hou-ppi-cell-track-20-deg,49.092407,61.16638,2.977295,16.00708,0.0,109900.0,60.3314208984375,59300.0,40.212784,54884,51711,2475,0,19105,0,56486
1302,2022-08-05 20:32:19,rhi,rhi,hou-rhi-cell-track-20-deg,55.1239,55.167847,0.6591797,19.401855,0.0,109900.0,55.1458740234375,75100.0,41.406807,27406,25601,1411,0,12145,0,28171
1303,2022-08-05 20:32:35,rhi,rhi,hou-rhi-cell-track-20-deg,55.10193,55.10193,0.670166,19.379883,0.0,109900.0,55.1019287109375,74600.0,46.719498,27541,25750,1478,0,12117,0,28145
1304,2022-08-05 20:32:50,rhi,rhi,hou-rhi-cell-track-20-deg,53.0365,53.0365,0.670166,19.401855,0.0,109900.0,53.0364990234375,74200.0,43.670567,27342,25286,1157,0,12365,0,27951
1305,2022-08-05 20:33:09,rhi,rhi,hou-rhi-cell-track-20-deg,60.199585,60.199585,0.6591797,19.379883,0.0,109900.0,60.1995849609375,68100.0,44.054924,28165,26629,1947,0,12386,0,28310
1306,2022-08-05 20:33:22,ppi,ppi,hou-ppi-cell-track-20-deg,49.05945,61.14441,2.9992676,16.00708,0.0,109900.0,60.8587646484375,35300.0,38.867714,56499,53168,2791,0,19526,0,57145
1307,2022-08-05 20:33:50,rhi,rhi,hou-rhi-cell-track-20-deg,55.1239,55.145874,0.6591797,19.401855,0.0,109900.0,55.1458740234375,73100.0,40.80504,28359,26505,1476,0,12338,0,28556
1308,2022-08-05 20:34:06,rhi,rhi,hou-rhi-cell-track-20-deg,55.079956,55.079956,0.64819336,19.379883,0.0,109900.0,55.0799560546875,77600.0,42.35932,28599,26747,1459,0,12551,0,28797
1309,2022-08-05 20:34:25,rhi,rhi,hou-rhi-cell-track-20-deg,53.014526,53.014526,0.63720703,19.423828,0.0,109900.0,53.0145263671875,80600.0,41.96878,28136,26085,1219,0,12706,0,28302
1310,2022-08-05 20:34:41,rhi,rhi,hou-rhi-cell-track-20-deg,58.1781,58.200073,0.670166,19.379883,0.0,109900.0,58.2000732421875,76800.0,40.99738,28177,26677,1505,0,12443,0,28276
1311,2022-08-05 20:34:57,ppi,ppi,hou-ppi-cell-track-20-deg,49.08142,61.155396,2.9992676,16.00708,0.0,109900.0,59.0789794921875,56500.0,38.035583,57765,54347,2892,0,19803,0,58071
1312,2022-08-05 20:35:25,rhi,rhi,hou-rhi-cell-track-20-deg,55.06897,55.167847,0.64819336,19.423828,0.0,109900.0,55.1348876953125,79500.0,41.495155,29062,27252,1468,0,12650,0,29194
1313,2022-08-05 20:35:41,rhi,rhi,hou-rhi-cell-track-20-deg,55.079956,55.079956,0.670166,19.379883,0.0,109900.0,55.0799560546875,75600.0,42.85578,29117,27364,1496,0,12596,0,29256
1314,2022-08-05 20:36:00,rhi,rhi,hou-rhi-cell-track-20-deg,52.04773,52.04773,0.68115234,19.39087,0.0,109900.0,52.0477294921875,75500.0,42.343246,28578,26247,1245,0,12912,0,28757
1315,2022-08-05 20:36:18,rhi,rhi,hou-rhi-cell-track-20-deg,52.04773,52.04773,0.68115234,19.423828,0.0,109900.0,52.0477294921875,75900.0,42.00908,28658,26414,1304,0,12994,0,28808
1316,2022-08-05 20:36:34,ppi,ppi,hou-ppi-cell-track-20-deg,49.08142,61.155396,2.9992676,16.00708,0.0,109900.0,49.1473388671875,67900.0,44.51,59134,55513,3143,0,20047,0,59474
1317,2022-08-05 20:37:02,rhi,rhi,hou-rhi-cell-track-20-deg,55.057983,55.057983,0.68115234,19.401855,0.0,109900.0,55.0579833984375,70900.0,43.077522,29827,27828,1494,0,12736,0,30023
1318,2022-08-05 20:37:20,rhi,rhi,hou-rhi-cell-track-20-deg,55.10193,55.10193,0.64819336,19.401855,0.0,109900.0,55.1019287109375,72200.0,40.58049,30070,28071,1476,0,12870,0,30267
1319,2022-08-05 20:37:34,rhi,rhi,hou-rhi-cell-track-20-deg,51.432495,51.432495,0.68115234,19.379883,0.0,109900.0,51.4324951171875,79400.0,40.93991,29480,26819,1418,0,13275,0,29660
1320,2022-08-05 20:37:49,rhi,rhi,hou-rhi-cell-track-20-deg,54.486694,54.508667,0.64819336,19.423828,0.0,109900.0,54.4866943359375,72600.0,42.407013,30221,28069,1490,0,12853,0,30445
1321,2022-08-05 20:38:02,ppi,ppi,hou-ppi-cell-track-20-deg,49.103394,61.17737,2.9992676,16.00708,0.0,109900.0,49.1583251953125,71100.0,42.198036,60629,56188,3327,0,19847,0,61036
1322,2022-08-05 20:38:30,rhi,rhi,hou-rhi-cell-track-20-deg,55.03601,55.10193,0.670166,19.412842,0.0,109900.0,55.0360107421875,71100.0,43.442657,30366,28138,1438,0,12704,0,30594
1323,2022-08-05 20:38:44,rhi,rhi,hou-rhi-cell-track-20-deg,55.10193,55.10193,0.6591797,19.401855,0.0,109900.0,55.1019287109375,74100.0,43.128082,30482,28150,1428,0,12615,0,30715
1324,2022-08-05 20:38:58,rhi,rhi,hou-rhi-cell-track-20-deg,55.255737,55.255737,0.63720703,19.379883,0.0,109900.0,55.2557373046875,70400.0,41.444313,30926,28498,1490,0,12838,0,31170
1325,2022-08-05 20:39:16,rhi,rhi,hou-rhi-cell-track-20-deg,55.18982,55.18982,0.6591797,19.379883,0.0,109900.0,55.1898193359375,65000.0,42.122913,31046,28564,1439,0,12837,0,31323
1326,2022-08-05 20:39:33,ppi,ppi,hou-ppi-cell-track-20-deg,49.092407,61.14441,2.9992676,16.00708,0.0,109900.0,59.9139404296875,32000.0,38.5646,62223,56935,3228,0,20100,0,62761
1327,2022-08-05 20:40:01,rhi,rhi,hou-rhi-cell-track-20-deg,55.1239,55.167847,0.670166,19.379883,0.0,109900.0,55.1678466796875,74100.0,41.59446,31168,28547,1478,0,12773,0,31351
1328,2022-08-05 20:40:20,rhi,rhi,hou-rhi-cell-track-20-deg,55.079956,55.079956,0.6591797,19.423828,0.0,109900.0,55.0799560546875,72600.0,43.441944,31295,28677,1471,0,12752,0,31491
1329,2022-08-05 20:40:34,rhi,rhi,hou-rhi-cell-track-20-deg,50.72937,50.773315,0.6591797,19.379883,0.0,109900.0,50.7293701171875,83700.0,42.428223,30989,27354,1520,0,13518,0,31188
1330,2022-08-05 20:40:49,rhi,rhi,hou-rhi-cell-track-20-deg,50.993042,50.993042,0.6591797,19.401855,0.0,109900.0,50.9930419921875,80000.0,43.34383,30743,27370,1522,0,13352,0,30906
1331,2022-08-05 20:41:02,ppi,ppi,hou-ppi-cell-track-20-deg,49.103394,61.16638,2.9992676,16.00708,0.0,109900.0,49.1693115234375,63800.0,39.59772,63520,57716,3410,0,20000,0,63811
1332,2022-08-05 20:41:30,rhi,rhi,hou-rhi-cell-track-20-deg,55.03601,55.079956,0.64819336,19.423828,0.0,109900.0,55.0360107421875,72300.0,40.948414,31453,28674,1432,0,12591,0,31539
1333,2022-08-05 20:41:45,rhi,rhi,hou-rhi-cell-track-20-deg,55.1239,55.1239,0.6591797,19.379883,0.0,109900.0,55.1239013671875,62600.0,42.819027,31416,28657,1477,0,12631,0,31513
1334,2022-08-05 20:42:01,rhi,rhi,hou-rhi-cell-track-20-deg,52.421265,52.421265,0.68115234,19.379883,0.0,109900.0,52.4212646484375,65800.0,41.94605,31228,27999,1442,0,12898,0,31320
1335,2022-08-05 20:42:20,rhi,rhi,hou-rhi-cell-track-20-deg,56.02478,56.046753,0.670166,19.401855,0.0,109900.0,56.0467529296875,70200.0,43.399998,31102,28460,1616,0,12222,0,31200
1336,2022-08-05 20:42:33,ppi,ppi,hou-ppi-cell-track-20-deg,49.070435,61.16638,2.9992676,16.00708,0.0,109900.0,59.9139404296875,32000.0,42.176308,64758,58762,3526,0,19960,0,64997
1337,2022-08-05 20:43:01,rhi,rhi,hou-rhi-cell-track-20-deg,55.1239,55.167847,0.64819336,19.423828,0.0,109900.0,55.1458740234375,68900.0,41.4193,31457,28749,1482,0,12511,0,31564
1338,2022-08-05 20:43:19,rhi,rhi,hou-rhi-cell-track-20-deg,55.079956,55.079956,0.6591797,19.401855,0.0,109900.0,55.0799560546875,73400.0,41.937984,31422,28660,1495,0,12356,0,31536
1339,2022-08-05 20:43:34,rhi,rhi,hou-rhi-cell-track-20-deg,50.773315,50.773315,0.6591797,19.401855,0.0,109900.0,50.7733154296875,64200.0,41.856194,32004,28333,1601,0,13234,0,32132
1340,2022-08-05 20:43:48,rhi,rhi,hou-rhi-cell-track-20-deg,60.287476,60.33142,0.670166,19.379883,0.0,109900.0,60.3094482421875,69300.0,46.083595,30649,28458,2055,0,11664,0,30768
1341,2022-08-05 20:44:01,ppi,ppi,hou-ppi-cell-track-20-deg,49.08142,61.14441,3.0212402,16.029053,0.0,109900.0,56.6180419921875,60400.0,40.055305,65362,59603,3604,0,20132,0,65682
1342,2022-08-05 20:44:30,rhi,rhi,hou-rhi-cell-track-20-deg,55.10193,55.145874,0.670166,19.379883,0.0,109900.0,55.1458740234375,69600.0,40.823338,31190,28765,1569,0,12262,0,31342
1343,2022-08-05 20:44:44,rhi,rhi,hou-rhi-cell-track-20-deg,55.079956,55.079956,0.64819336,19.423828,0.0,109900.0,55.0799560546875,70200.0,42.808167,31528,29047,1544,0,12493,0,31674
1344,2022-08-05 20:45:00,rhi,rhi,hou-rhi-cell-track-20-deg,52.487183,52.487183,0.6591797,19.401855,0.0,109900.0,52.4871826171875,73200.0,43.413128,31492,28740,1373,0,12625,0,31669
1345,2022-08-05 20:45:14,rhi,rhi,hou-rhi-cell-track-20-deg,52.509155,52.509155,0.6591797,19.401855,0.0,109900.0,52.5091552734375,66700.0,45.47456,31399,28712,1362,0,12586,0,31583
1346,2022-08-05 20:45:25,ppi,ppi,hou-ppi-cell-track-20-deg,49.103394,61.16638,2.9992676,16.00708,0.0,109900.0,55.3875732421875,60000.0,40.07055,65804,61025,3931,0,20338,0,66151
1347,2022-08-05 20:45:53,rhi,rhi,hou-rhi-cell-track-20-deg,55.057983,55.057983,0.63720703,19.412842,0.0,109900.0,55.0579833984375,65700.0,41.70594,31389,29111,1584,0,12247,0,31512
1348,2022-08-05 20:46:09,rhi,rhi,hou-rhi-cell-track-20-deg,55.10193,55.1239,0.670166,19.379883,0.0,109900.0,55.1129150390625,75800.0,42.28296,31379,29195,1538,0,12162,0,31493
1349,2022-08-05 20:46:25,rhi,rhi,hou-rhi-cell-track-20-deg,50.949097,50.949097,0.6591797,19.401855,0.0,109900.0,50.9490966796875,72500.0,42.59262,31877,29020,1539,0,12912,0,32043
1350,2022-08-05 20:46:39,rhi,rhi,hou-rhi-cell-track-20-deg,50.97107,50.97107,0.64819336,19.401855,0.0,109900.0,50.9710693359375,79300.0,44.787308,31956,29162,1584,0,12796,0,32082
1351,2022-08-05 20:46:53,ppi,ppi,hou-ppi-cell-track-20-deg,49.070435,61.155396,2.977295,16.00708,0.0,109900.0,61.1114501953125,29700.0,40.32344,66766,62581,4051,0,20610,0,66958
1352,2022-08-05 20:47:21,rhi,rhi,hou-rhi-cell-track-20-deg,55.057983,55.057983,0.63720703,19.401855,0.0,109900.0,55.0579833984375,71700.0,40.31801,31472,29582,1559,0,12183,0,31528
1353,2022-08-05 20:47:39,rhi,rhi,hou-rhi-cell-track-20-deg,55.10193,55.10193,0.670166,19.379883,0.0,109900.0,55.1019287109375,69200.0,42.701622,31598,29742,1655,0,12119,0,31633
1354,2022-08-05 20:47:54,rhi,rhi,hou-rhi-cell-track-20-deg,51.696167,51.696167,0.6591797,19.401855,0.0,109900.0,51.6961669921875,65200.0,42.730747,32040,29838,1566,0,12604,0,32087
1355,2022-08-05 20:48:10,rhi,rhi,hou-rhi-cell-track-20-deg,53.78357,53.78357,0.68115234,19.379883,0.0,109900.0,53.7835693359375,60000.0,46.805843,31829,30017,1528,0,12306,0,31857
1356,2022-08-05 20:48:22,ppi,ppi,hou-ppi-cell-track-20-deg,49.103394,61.14441,2.9992676,16.00708,0.0,109900.0,49.1583251953125,64500.0,40.996174,67484,64009,4204,0,20674,0,67523
1357,2022-08-05 20:48:50,rhi,rhi,hou-rhi-cell-track-20-deg,55.03601,55.079956,0.6591797,19.401855,0.0,109900.0,55.0360107421875,67400.0,41.295773,31665,30175,1690,0,11904,0,31671
1358,2022-08-05 20:49:08,rhi,rhi,hou-rhi-cell-track-20-deg,55.10193,55.10193,0.6591797,19.423828,0.0,109900.0,55.1019287109375,72900.0,44.26291,31952,30587,1693,0,12011,0,31959
1359,2022-08-05 20:49:26,rhi,rhi,hou-rhi-cell-track-20-deg,53.21228,53.21228,0.68115234,19.401855,0.0,109900.0,53.2122802734375,74200.0,43.068325,32243,30740,1428,0,12336,0,32248
1360,2022-08-05 20:49:44,rhi,rhi,hou-rhi-cell-track-20-deg,55.51941,55.51941,0.63720703,19.423828,0.0,109900.0,55.5194091796875,62700.0,42.432915,31786,30691,1694,0,11890,0,31789
1361,2022-08-05 20:49:57,ppi,ppi,hou-ppi-cell-track-25-deg,47.565308,62.69348,3.0212402,17.98462,0.0,109900.0,57.0904541015625,60800.0,40.95184,79495,75917,5809,0,22907,0,79518
1362,2022-08-05 20:50:28,rhi,rhi,hou-rhi-cell-track-25-deg,55.145874,55.233765,0.64819336,24.400635,0.0,109900.0,55.1898193359375,76000.0,40.741405,36453,34976,1736,0,13826,0,36455
1363,2022-08-05 20:50:44,rhi,rhi,hou-rhi-cell-track-25-deg,55.145874,55.145874,0.670166,24.389648,0.0,109900.0,55.1458740234375,100900.0,41.2066,36564,35204,1782,0,13935,0,36564
1364,2022-08-05 20:51:00,rhi,rhi,hou-rhi-cell-track-25-deg,53.519897,53.519897,0.6591797,24.411621,0.0,109900.0,53.5198974609375,99400.0,41.079155,36650,35150,1550,0,13999,0,36650
1365,2022-08-05 20:51:19,rhi,rhi,hou-rhi-cell-track-25-deg,55.563354,55.563354,0.6591797,24.389648,0.0,109900.0,55.5633544921875,73300.0,42.013653,36426,35271,1765,0,13789,0,36426
1366,2022-08-05 20:51:37,ppi,ppi,hou-ppi-cell-track-25-deg,47.576294,62.649536,3.0212402,18.006592,0.0,109900.0,60.8148193359375,14000.0,42.66523,79648,77328,5734,0,22651,0,79657
1367,2022-08-05 20:52:08,rhi,rhi,hou-rhi-cell-track-25-deg,55.10193,55.233765,0.63720703,24.389648,0.0,109900.0,55.2337646484375,69600.0,40.615368,36574,35488,1788,0,13668,0,36574
1368,2022-08-05 20:52:25,rhi,rhi,hou-rhi-cell-track-25-deg,55.1239,55.1239,0.64819336,24.433594,0.0,109900.0,55.1239013671875,77400.0,42.15737,36530,35476,1814,0,13591,0,36530
1369,2022-08-05 20:52:47,rhi,rhi,hou-rhi-cell-track-25-deg,54.508667,54.508667,0.6591797,24.400635,0.0,109900.0,54.5086669921875,65300.0,42.257946,36730,35702,1797,0,13795,0,36731
1370,2022-08-05 20:53:04,rhi,rhi,hou-rhi-cell-track-25-deg,60.792847,60.81482,0.670166,24.433594,0.0,109900.0,60.8148193359375,58500.0,41.952663,35973,35178,2557,0,13132,0,35973
1371,2022-08-05 20:53:16,ppi,ppi,hou-ppi-cell-track-25-deg,47.598267,62.781372,3.0212402,18.006592,0.0,109900.0,51.4215087890625,27600.0,44.68828,80017,78333,5871,0,22670,0,80021
1372,2022-08-05 20:53:47,rhi,rhi,hou-rhi-cell-track-25-deg,55.145874,55.233765,0.6591797,24.389648,0.0,109900.0,55.2337646484375,69200.0,40.290665,36721,35784,1864,0,13586,0,36721
1373,2022-08-05 20:54:05,rhi,rhi,hou-rhi-cell-track-25-deg,55.145874,55.145874,0.64819336,24.411621,0.0,109900.0,55.1458740234375,67300.0,40.206512,36708,35768,1833,0,13607,0,36708
1374,2022-08-05 20:54:25,rhi,rhi,hou-rhi-cell-track-25-deg,55.54138,55.54138,0.6591797,24.422607,0.0,109900.0,55.5413818359375,70400.0,41.565025,36672,35802,1788,0,13597,0,36672
1375,2022-08-05 20:54:44,rhi,rhi,hou-rhi-cell-track-25-deg,58.00232,58.00232,0.670166,24.422607,0.0,109900.0,58.0023193359375,73900.0,40.33737,35947,35153,1788,0,13345,0,35947
1376,2022-08-05 20:55:04,ppi,ppi,hou-ppi-cell-track-25-deg,47.455444,62.660522,3.0212402,18.006592,0.0,109900.0,57.0904541015625,71100.0,48.103653,80325,79142,6124,0,22752,0,80326
1377,2022-08-05 20:55:35,rhi,rhi,hou-rhi-cell-track-25-deg,55.03601,55.057983,0.63720703,24.400635,0.0,109900.0,55.0579833984375,57200.0,40.60108,36753,35900,1807,0,13542,0,36753
1378,2022-08-05 20:55:54,rhi,rhi,hou-rhi-cell-track-25-deg,55.03601,55.03601,0.6591797,24.433594,0.0,109900.0,55.0360107421875,68900.0,40.57368,36764,35903,1839,0,13477,0,36764
1379,2022-08-05 20:56:15,rhi,rhi,hou-rhi-cell-track-25-deg,49.4989,49.542847,0.63720703,24.389648,0.0,109900.0,49.4989013671875,65000.0,47.761955,37566,36626,1760,0,14177,0,37566
1380,2022-08-05 20:56:34,rhi,rhi,hou-rhi-cell-track-25-deg,60.287476,60.30945,0.670166,24.422607,0.0,109900.0,60.2874755859375,58300.0,40.451805,35785,35067,2261,0,12645,0,35785
1381,2022-08-05 20:56:53,ppi,ppi,hou-ppi-cell-track-25-deg,47.565308,62.67151,3.0212402,18.006592,0.0,109900.0,47.6531982421875,27800.0,42.7031,79717,78618,6199,0,22301,0,79717
1382,2022-08-05 20:57:24,rhi,rhi,hou-rhi-cell-track-25-deg,55.03601,55.10193,0.68115234,24.411621,0.0,109900.0,55.1019287109375,65200.0,41.614513,36543,35733,1857,0,13333,0,36543
1383,2022-08-05 20:57:41,rhi,rhi,hou-rhi-cell-track-25-deg,55.03601,55.03601,0.670166,24.411621,0.0,109900.0,55.0360107421875,70600.0,41.487408,36575,35739,1817,0,13252,0,36575
1384,2022-08-05 20:58:00,rhi,rhi,hou-rhi-cell-track-25-deg,49.02649,49.037476,0.64819336,24.411621,0.0,109900.0,49.0374755859375,62200.0,42.409344,37436,36536,1794,0,14028,0,37436
1385,2022-08-05 20:58:20,rhi,rhi,hou-rhi-cell-track-25-deg,48.268433,48.290405,0.63720703,24.389648,0.0,109900.0,48.2684326171875,61600.0,42.942616,37244,36309,1849,0,13996,0,37244
1386,2022-08-05 20:58:36,ppi,ppi,hou-ppi-cell-track-25-deg,47.576294,62.682495,2.977295,18.006592,0.0,109900.0,48.9166259765625,58300.0,42.1051,79497,78552,6261,0,22230,0,79497
1387,2022-08-05 20:59:07,rhi,rhi,hou-rhi-cell-track-25-deg,54.992065,55.057983,0.68115234,24.433594,0.0,109900.0,54.9920654296875,56900.0,44.607784,36222,35486,1749,0,12967,0,36222
1388,2022-08-05 20:59:25,rhi,rhi,hou-rhi-cell-track-25-deg,55.057983,55.057983,0.6591797,24.389648,0.0,109900.0,55.0579833984375,75300.0,41.07307,36253,35454,1735,0,12974,0,36254
1389,2022-08-05 20:59:45,rhi,rhi,hou-rhi-cell-track-25-deg,49.41101,49.454956,0.6591797,24.422607,0.0,109900.0,49.4329833984375,61200.0,44.446693,37167,36292,1730,0,13763,0,37167
1390,2022-08-05 21:00:05,rhi,rhi,hou-rhi-cell-track-25-deg,53.432007,53.45398,0.64819336,24.411621,0.0,109900.0,53.4539794921875,56800.0,38.621025,36716,35959,1688,0,13349,0,36716
1391,2022-08-05 21:00:22,ppi,ppi,hou-ppi-cell-track-25-deg,47.46643,62.67151,2.977295,18.006592,0.0,109900.0,47.9278564453125,58800.0,42.10949,79508,78451,5931,0,22255,0,79508
1392,2022-08-05 21:00:53,rhi,rhi,hou-rhi-cell-track-25-deg,55.014038,55.014038,0.63720703,24.389648,0.0,109900.0,55.0140380859375,69100.0,40.56335,36125,35369,1571,0,12912,0,36125
1393,2022-08-05 21:01:10,rhi,rhi,hou-rhi-cell-track-25-deg,55.057983,55.057983,0.6591797,24.433594,0.0,109900.0,55.0579833984375,71900.0,41.98638,35995,35249,1600,0,12788,0,35995
1394,2022-08-05 21:01:29,rhi,rhi,hou-rhi-cell-track-25-deg,47.4115,47.4115,0.68115234,24.433594,0.0,109900.0,47.4114990234375,67000.0,45.07136,36826,36003,1952,0,13683,0,36826
1395,2022-08-05 21:01:50,rhi,rhi,hou-rhi-cell-track-25-deg,61.7157,61.7157,0.64819336,24.433594,0.0,109900.0,61.7156982421875,50600.0,42.520924,34496,33703,1907,0,11196,0,34497
1396,2022-08-05 21:02:06,ppi,ppi,hou-ppi-cell-track-25-deg,47.455444,62.67151,3.0212402,18.006592,0.0,109900.0,60.8367919921875,13800.0,40.860424,79550,78528,5896,0,21969,0,79550
1397,2022-08-05 21:02:37,rhi,rhi,hou-rhi-cell-track-25-deg,55.079956,55.10193,0.6591797,24.411621,0.0,109900.0,55.1019287109375,69400.0,41.960835,35715,34975,1461,0,12572,0,35715
1398,2022-08-05 21:02:54,rhi,rhi,hou-rhi-cell-track-25-deg,55.03601,55.03601,0.6591797,24.411621,0.0,109900.0,55.0360107421875,69700.0,41.112553,35690,34960,1430,0,12464,0,35690
1399,2022-08-05 21:03:11,rhi,rhi,hou-rhi-cell-track-25-deg,50.267944,50.267944,0.63720703,24.389648,0.0,109900.0,50.2679443359375,55300.0,45.078815,36396,35598,1994,0,13316,0,36396
1400,2022-08-05 21:03:30,rhi,rhi,hou-rhi-cell-track-25-deg,55.03601,55.057983,0.670166,24.400635,0.0,109900.0,55.0579833984375,70100.0,44.683784,35655,34900,1441,0,12528,0,35655
1401,2022-08-05 21:03:47,ppi,ppi,hou-ppi-cell-track-25-deg,47.43347,62.616577,2.977295,18.006592,0.0,109900.0,60.9356689453125,42600.0,41.11982,78177,77139,5464,0,20742,0,78177
1402,2022-08-05 21:04:18,rhi,rhi,hou-rhi-cell-track-25-deg,54.992065,55.057983,0.64819336,24.389648,0.0,109900.0,54.9920654296875,74000.0,39.684994,35527,34793,1349,0,12418,0,35527
1403,2022-08-05 21:04:36,rhi,rhi,hou-rhi-cell-track-25-deg,55.057983,55.057983,0.6591797,24.389648,0.0,109900.0,55.0579833984375,70800.0,44.35644,35381,34661,1290,0,12385,0,35381
1404,2022-08-05 21:04:55,rhi,rhi,hou-rhi-cell-track-25-deg,55.892944,55.892944,0.64819336,24.400635,0.0,109900.0,55.8929443359375,68600.0,39.599182,35118,34390,1144,0,12140,0,35118
1405,2022-08-05 21:05:15,rhi,rhi,hou-rhi-cell-track-25-deg,51.124878,51.124878,0.670166,24.411621,0.0,109900.0,51.1248779296875,60400.0,41.373234,35915,35189,1898,0,12843,0,35915
1406,2022-08-05 21:05:33,ppi,ppi,hou-ppi-cell-track-25-deg,47.43347,62.69348,2.977295,18.006592,0.0,109900.0,51.6741943359375,53700.0,40.95438,78815,77836,5160,0,20873,0,78815
1407,2022-08-05 21:06:04,rhi,rhi,hou-rhi-cell-track-25-deg,54.992065,55.057983,0.6591797,24.389648,0.0,109900.0,54.9920654296875,70700.0,38.164642,35115,34370,1264,0,12126,0,35115
1408,2022-08-05 21:06:25,rhi,rhi,hou-rhi-cell-track-25-deg,55.057983,55.079956,0.63720703,24.389648,0.0,109900.0,55.0799560546875,68800.0,39.500683,35111,34413,1240,0,12126,0,35111
1409,2022-08-05 21:06:46,rhi,rhi,hou-rhi-cell-track-25-deg,47.91687,47.91687,0.63720703,24.411621,0.0,109900.0,47.9168701171875,53300.0,42.101994,36168,35405,2113,0,13035,0,36168
1410,2022-08-05 21:07:05,rhi,rhi,hou-rhi-cell-track-25-deg,52.421265,52.443237,0.64819336,24.400635,0.0,109900.0,52.4432373046875,65600.0,40.359207,35559,34812,1774,0,12243,0,35559
1411,2022-08-05 21:07:23,ppi,ppi,hou-ppi-cell-track-25-deg,47.422485,62.67151,3.0212402,18.006592,0.0,109900.0,49.6746826171875,53200.0,39.80706,78359,77307,4886,0,20686,0,78359
1412,2022-08-05 21:07:54,rhi,rhi,hou-rhi-cell-track-25-deg,54.992065,55.057983,0.64819336,24.389648,0.0,109900.0,54.9920654296875,71100.0,39.25238,34803,34065,1270,0,11758,0,34803
1413,2022-08-05 21:08:12,rhi,rhi,hou-rhi-cell-track-25-deg,55.057983,55.057983,0.64819336,24.389648,0.0,109900.0,55.0579833984375,49300.0,39.138935,34761,33970,1085,0,11711,0,34761
1414,2022-08-05 21:08:31,rhi,rhi,hou-rhi-cell-track-25-deg,48.444214,48.466187,0.64819336,24.400635,0.0,109900.0,48.4442138671875,62700.0,41.695724,35917,35195,2336,0,12726,0,35917
1415,2022-08-05 21:08:50,rhi,rhi,hou-rhi-cell-track-25-deg,53.190308,53.21228,0.63720703,24.389648,0.0,109900.0,53.2122802734375,64700.0,41.09828,35180,34405,1609,0,11885,0,35180
1416,2022-08-05 21:09:08,ppi,ppi,hou-ppi-cell-track-25-deg,47.422485,62.69348,2.977295,18.006592,0.0,109900.0,48.1805419921875,56600.0,41.31654,78159,77027,5180,0,20044,0,78159
1417,2022-08-05 21:09:39,rhi,rhi,hou-rhi-cell-track-25-deg,55.014038,55.079956,0.6591797,24.389648,0.0,109900.0,55.0140380859375,49600.0,39.76387,34914,34060,1241,0,11568,0,34914
1418,2022-08-05 21:09:58,rhi,rhi,hou-rhi-cell-track-25-deg,55.079956,55.079956,0.64819336,24.411621,0.0,109900.0,55.0799560546875,68000.0,43.291664,34636,33805,1177,0,11424,0,34636
1419,2022-08-05 21:10:14,rhi,rhi,hou-rhi-cell-track-25-deg,49.696655,49.696655,0.670166,24.422607,0.0,109900.0,49.6966552734375,55000.0,42.382088,35462,34736,2011,0,12425,0,35462
1420,2022-08-05 21:10:37,rhi,rhi,hou-rhi-cell-track-25-deg,50.927124,50.927124,0.63720703,24.400635,0.0,109900.0,50.9271240234375,54000.0,42.820103,35036,34259,1984,0,11957,0,35036
1421,2022-08-05 21:10:53,ppi,ppi,hou-ppi-cell-track-25-deg,47.43347,62.649536,3.0212402,18.006592,0.0,109900.0,48.6749267578125,51700.0,40.50256,77578,76231,4909,0,19932,0,77578
1422,2022-08-05 21:11:24,rhi,rhi,hou-rhi-cell-track-25-deg,54.992065,55.014038,0.670166,24.422607,0.0,109900.0,54.9920654296875,67600.0,38.426296,34537,33646,1203,0,11052,0,34537
1423,2022-08-05 21:11:39,rhi,rhi,hou-rhi-cell-track-25-deg,55.079956,55.079956,0.68115234,24.433594,0.0,109900.0,55.0799560546875,67100.0,40.908344,34393,33455,1205,0,10990,0,34394
1424,2022-08-05 21:12:01,rhi,rhi,hou-rhi-cell-track-25-deg,49.16931,49.191284,0.68115234,24.433594,0.0,109900.0,49.1912841796875,52600.0,45.043026,35379,34546,2335,0,12230,0,35379
1425,2022-08-05 21:12:19,rhi,rhi,hou-rhi-cell-track-25-deg,61.693726,61.7157,0.670166,24.422607,0.0,109900.0,61.7156982421875,97500.0,38.746635,33255,32182,589,0,9342,0,33255
1426,2022-08-05 21:12:39,ppi,ppi,hou-ppi-cell-track-25-deg,47.43347,62.594604,3.0212402,18.006592,0.0,109900.0,48.0706787109375,56200.0,41.00297,77142,75550,5181,0,19222,0,77144
1427,2022-08-05 21:13:10,rhi,rhi,hou-rhi-cell-track-25-deg,55.03601,55.1239,0.670166,24.411621,0.0,109900.0,55.1239013671875,96500.0,41.84078,34199,33127,1457,0,10774,0,34199
1428,2022-08-05 21:13:30,rhi,rhi,hou-rhi-cell-track-25-deg,55.03601,55.03601,0.670166,24.389648,0.0,109900.0,55.0360107421875,98000.0,41.098557,34088,32989,1381,0,10746,0,34088
1429,2022-08-05 21:13:49,rhi,rhi,hou-rhi-cell-track-25-deg,47.807007,47.807007,0.64819336,24.400635,0.0,109900.0,47.8070068359375,68300.0,41.239494,35551,34657,2526,0,12285,0,35551
1430,2022-08-05 21:14:05,rhi,rhi,hou-rhi-cell-track-25-deg,60.81482,60.836792,0.6591797,24.411621,0.0,109900.0,60.8367919921875,96700.0,38.32819,33113,31940,571,0,9170,0,33113
1431,2022-08-05 21:14:22,ppi,ppi,hou-ppi-cell-track-25-deg,47.576294,62.67151,3.0212402,18.006592,0.0,109900.0,48.8287353515625,56900.0,40.668972,76512,74523,4796,0,18546,0,76516
1432,2022-08-05 21:14:53,rhi,rhi,hou-rhi-cell-track-25-deg,55.03601,55.10193,0.64819336,24.411621,0.0,109900.0,55.1019287109375,99000.0,43.494476,34213,33023,1402,0,10584,0,34213
1433,2022-08-05 21:15:10,rhi,rhi,hou-rhi-cell-track-25-deg,55.03601,55.03601,0.64819336,24.411621,0.0,109900.0,55.0360107421875,97800.0,41.888416,34137,32937,1291,0,10591,0,34137
1434,2022-08-05 21:15:29,rhi,rhi,hou-rhi-cell-track-25-deg,50.531616,50.531616,0.64819336,24.400635,0.0,109900.0,50.5316162109375,94800.0,42.157284,34703,33451,2127,0,11381,0,34703
1435,2022-08-05 21:15:45,rhi,rhi,hou-rhi-cell-track-25-deg,56.26648,56.26648,0.6591797,24.433594,0.0,109900.0,56.2664794921875,100300.0,42.7423,33826,32521,1134,0,10213,0,33829
1436,2022-08-05 21:16:02,ppi,ppi,hou-ppi-cell-track-25-deg,47.43347,62.594604,2.9992676,18.006592,0.0,109900.0,47.5872802734375,56400.0,40.146183,76696,74038,4750,0,18375,0,76697
1437,2022-08-05 21:16:33,rhi,rhi,hou-rhi-cell-track-25-deg,54.992065,55.1239,0.64819336,24.389648,0.0,109900.0,55.1239013671875,93900.0,40.01236,33842,32310,1176,0,10323,0,33842
1438,2022-08-05 21:16:51,rhi,rhi,hou-rhi-cell-track-25-deg,55.057983,55.057983,0.63720703,24.389648,0.0,109900.0,55.0579833984375,101800.0,38.297985,33819,32252,1209,0,10195,0,33819
1439,2022-08-05 21:17:09,rhi,rhi,hou-rhi-cell-track-25-deg,50.509644,50.509644,0.68115234,24.433594,0.0,109900.0,50.5096435546875,96300.0,41.82685,34550,32839,1968,0,11149,0,34550
1440,2022-08-05 21:17:26,rhi,rhi,hou-rhi-cell-track-25-deg,61.276245,61.276245,0.68115234,24.433594,0.0,109900.0,61.2762451171875,47500.0,37.0357,32739,31373,281,0,8786,0,32745
1441,2022-08-05 21:17:42,ppi,ppi,hou-ppi-cell-track-25-deg,47.455444,62.58362,3.0212402,18.006592,0.0,109900.0,48.8507080078125,54600.0,41.65105,76562,73116,4753,0,18235,0,76566
1442,2022-08-05 21:18:13,rhi,rhi,hou-rhi-cell-track-25-deg,55.03601,55.079956,0.64819336,24.389648,0.0,109900.0,55.0579833984375,48400.0,39.08693,33444,31471,1170,0,9850,0,33448
1443,2022-08-05 21:18:30,rhi,rhi,hou-rhi-cell-track-25-deg,55.03601,55.03601,0.670166,24.389648,0.0,109900.0,55.0360107421875,90800.0,40.167805,33454,31437,1145,0,9835,0,33456
1444,2022-08-05 21:18:50,rhi,rhi,hou-rhi-cell-track-25-deg,47.521362,47.521362,0.670166,24.422607,0.0,109900.0,47.5213623046875,52300.0,43.900055,35233,32802,2440,0,11742,0,35233
1445,2022-08-05 21:19:09,rhi,rhi,hou-rhi-cell-track-25-deg,61.298218,61.32019,0.6591797,24.389648,0.0,109900.0,61.2982177734375,50000.0,36.61757,32348,30582,280,0,8411,0,32350
1446,2022-08-05 21:19:26,ppi,ppi,hou-ppi-cell-track-25-deg,47.58728,62.60559,3.0212402,18.006592,0.0,109900.0,47.5872802734375,53300.0,40.211815,75211,70387,4193,0,17395,0,75220
1447,2022-08-05 21:19:57,rhi,rhi,hou-rhi-cell-track-25-deg,54.970093,55.145874,0.6591797,24.411621,0.0,109900.0,55.1239013671875,47300.0,39.004158,33247,30600,994,0,9581,0,33257
1448,2022-08-05 21:20:14,rhi,rhi,hou-rhi-cell-track-25-deg,55.079956,55.079956,0.6591797,24.433594,0.0,109900.0,55.0799560546875,49600.0,39.80914,33064,30333,995,0,9408,0,33069
1449,2022-08-05 21:20:35,rhi,rhi,hou-rhi-cell-track-25-deg,48.290405,48.290405,0.670166,24.411621,0.0,109900.0,48.2904052734375,63600.0,41.153744,34251,30267,2051,0,11100,0,34254
1450,2022-08-05 21:20:54,rhi,rhi,hou-rhi-cell-track-25-deg,49.762573,49.762573,0.6591797,24.400635,0.0,109900.0,49.7625732421875,48000.0,40.272026,33941,29906,1832,0,10812,0,33946
1451,2022-08-05 21:21:08,ppi,ppi,hou-ppi-cell-track-25-deg,47.43347,62.682495,3.0212402,18.006592,0.0,109900.0,54.6734619140625,43400.0,40.182884,75469,68537,3598,0,17338,0,75495
1452,2022-08-05 21:21:40,rhi,rhi,hou-rhi-cell-track-25-deg,54.992065,55.057983,0.64819336,24.400635,0.0,109900.0,54.9920654296875,89200.0,40.40634,32887,29199,894,0,9278,0,32895
1453,2022-08-05 21:21:59,rhi,rhi,hou-rhi-cell-track-25-deg,55.057983,55.057983,0.68115234,24.433594,0.0,109900.0,55.0579833984375,89100.0,38.649628,32758,28928,832,0,9238,0,32767
1454,2022-08-05 21:22:19,rhi,rhi,hou-rhi-cell-track-25-deg,48.444214,48.466187,0.63720703,24.411621,0.0,109900.0,48.4442138671875,61900.0,40.981514,33606,27952,1727,0,10847,0,33612
1455,2022-08-05 21:22:40,rhi,rhi,hou-rhi-cell-track-25-deg,62.15515,62.177124,0.6591797,24.433594,0.0,109900.0,62.1771240234375,92500.0,39.27832,31337,27679,356,0,8090,0,31345
1456,2022-08-05 21:22:58,ppi,ppi,hou-ppi-cell-track-25-deg,47.565308,62.58362,3.0212402,18.006592,0.0,109900.0,48.5870361328125,50900.0,38.73091,73838,64321,3515,0,16607,0,73874
1457,2022-08-05 21:23:29,rhi,rhi,hou-rhi-cell-track-25-deg,55.014038,55.1239,0.6591797,24.400635,0.0,109900.0,55.1239013671875,90100.0,38.065693,32325,27116,754,0,8885,0,32332
1458,2022-08-05 21:23:51,rhi,rhi,hou-rhi-cell-track-25-deg,55.014038,55.014038,0.64819336,24.389648,0.0,109900.0,55.0140380859375,90000.0,37.40316,32055,26541,667,0,8882,0,32074
1459,2022-08-05 21:24:10,rhi,rhi,hou-rhi-cell-track-25-deg,49.7406,49.7406,0.670166,24.433594,0.0,109900.0,49.7406005859375,61600.0,39.7746,33302,26191,1553,0,10394,0,33322
1460,2022-08-05 21:24:30,rhi,rhi,hou-rhi-cell-track-25-deg,60.287476,60.287476,0.670166,24.433594,0.0,109900.0,60.2874755859375,96300.0,39.162964,31001,26014,309,0,7875,0,31021
1461,2022-08-05 21:24:46,ppi,ppi,hou-ppi-cell-track-25-deg,47.455444,62.660522,3.0212402,18.006592,0.0,109900.0,53.3551025390625,73300.0,41.133465,73650,61648,3081,0,16344,0,73773
1462,2022-08-05 21:25:17,rhi,rhi,hou-rhi-cell-track-25-deg,55.057983,55.10193,0.64819336,24.411621,0.0,109900.0,55.1019287109375,99400.0,38.783234,31595,25192,578,0,8445,0,31629
1463,2022-08-05 21:25:35,rhi,rhi,hou-rhi-cell-track-25-deg,55.03601,55.03601,0.670166,24.411621,0.0,109900.0,55.0360107421875,92600.0,37.65135,31514,25061,554,0,8462,0,31558
1464,2022-08-05 21:25:57,rhi,rhi,hou-rhi-cell-track-25-deg,61.012573,61.012573,0.670166,24.433594,0.0,109900.0,61.0125732421875,98300.0,41.089024,30822,25155,339,0,7766,0,30864
1465,2022-08-05 21:26:15,rhi,rhi,hou-rhi-cell-track-25-deg,62.045288,62.06726,0.64819336,24.389648,0.0,109900.0,62.0452880859375,94100.0,38.05961,30468,24812,380,0,7557,0,30522
1466,2022-08-05 21:26:32,ppi,ppi,hou-ppi-cell-track-25-deg,47.43347,62.58362,3.0212402,18.006592,0.0,109900.0,47.8179931640625,51300.0,39.055637,72275,59497,2547,0,15711,0,72530
1467,2022-08-05 21:27:03,rhi,rhi,hou-rhi-cell-track-25-deg,55.057983,55.079956,0.63720703,24.389648,0.0,109900.0,55.0799560546875,96100.0,39.627636,31143,24124,452,0,8156,0,31246
1468,2022-08-05 21:27:21,rhi,rhi,hou-rhi-cell-track-25-deg,55.014038,55.014038,0.68115234,24.411621,0.0,109900.0,55.0140380859375,97800.0,38.349026,31087,23991,465,0,7983,0,31216
1469,2022-08-05 21:27:40,rhi,rhi,hou-rhi-cell-track-25-deg,61.759644,61.759644,0.670166,24.422607,0.0,109900.0,61.7596435546875,95200.0,38.13578,30074,24204,419,0,7575,0,30241
1470,2022-08-05 21:28:00,rhi,rhi,hou-rhi-cell-track-25-deg,56.793823,56.815796,0.63720703,24.389648,0.0,109900.0,56.8157958984375,39700.0,37.14071,30079,23408,403,0,7460,0,30260
1471,2022-08-05 21:28:17,ppi,ppi,hou-ppi-cell-track-25-deg,47.565308,62.682495,3.0212402,18.028564,0.0,109900.0,50.8282470703125,73000.0,38.10249,71163,58154,2134,0,15217,0,71704
1472,2022-08-05 21:28:48,rhi,rhi,hou-rhi-cell-track-25-deg,54.992065,55.134888,0.63720703,24.400635,0.0,109900.0,55.1239013671875,96200.0,38.64214,30230,23169,378,0,7729,0,30512
1473,2022-08-05 21:29:05,rhi,rhi,hou-rhi-cell-track-25-deg,55.079956,55.079956,0.64819336,24.433594,0.0,109900.0,55.0799560546875,100400.0,36.825752,29886,23025,371,0,7587,0,30248
1474,2022-08-05 21:29:24,rhi,rhi,hou-rhi-cell-track-25-deg,58.24402,58.24402,0.64819336,24.400635,0.0,109900.0,58.2440185546875,90800.0,37.93807,29649,23390,375,0,7293,0,30033
1475,2022-08-05 21:29:44,rhi,rhi,hou-rhi-cell-track-25-deg,58.529663,58.529663,0.6591797,24.389648,0.0,109900.0,58.5296630859375,94900.0,39.35104,29302,23049,348,0,7029,0,29681
1476,2022-08-05 21:30:02,ppi,ppi,hou-ppi-cell-track-25-deg,47.576294,62.561646,3.0212402,18.028564,0.0,109900.0,50.8392333984375,72000.0,39.18025,69156,57141,1767,0,14706,0,70382
1477,2022-08-05 21:30:33,rhi,rhi,hou-rhi-cell-track-25-deg,55.057983,55.079956,0.670166,24.433594,0.0,109900.0,55.0799560546875,99400.0,38.159027,29288,22944,369,0,7377,0,29878
1478,2022-08-05 21:30:51,rhi,rhi,hou-rhi-cell-track-25-deg,55.03601,55.03601,0.670166,24.433594,0.0,109900.0,55.0360107421875,96800.0,38.87421,29085,22692,370,0,7377,0,29834
1479,2022-08-05 21:31:10,rhi,rhi,hou-rhi-cell-track-25-deg,57.782593,57.782593,0.63720703,24.411621,0.0,109900.0,57.7825927734375,95100.0,38.483692,28578,23028,368,0,7037,0,29430
1480,2022-08-05 21:31:29,rhi,rhi,hou-rhi-cell-track-25-deg,54.277954,54.310913,0.6591797,24.433594,0.0,109900.0,54.2889404296875,99800.0,38.31897,28907,22956,334,0,7448,0,29824
1481,2022-08-05 21:31:47,ppi,ppi,hou-ppi-cell-track-25-deg,47.422485,62.704468,3.0212402,18.006592,0.0,109900.0,48.4552001953125,72700.0,39.46901,68996,58656,1353,0,14772,0,71277
1482,2022-08-05 21:32:18,rhi,rhi,hou-rhi-cell-track-25-deg,54.992065,55.10193,0.63720703,24.400635,0.0,109900.0,54.9920654296875,90300.0,38.202236,28147,22860,297,0,7044,0,29387
1483,2022-08-05 21:32:36,rhi,rhi,hou-rhi-cell-track-25-deg,55.057983,55.057983,0.63720703,24.389648,0.0,109900.0,55.0579833984375,96000.0,37.727016,27992,22984,286,0,7061,0,29403
1484,2022-08-05 21:32:54,rhi,rhi,hou-rhi-cell-track-25-deg,55.145874,55.167847,0.64819336,24.422607,0.0,109900.0,55.1458740234375,94300.0,37.68581,27603,22903,289,0,6977,0,29072
1485,2022-08-05 21:33:10,rhi,rhi,hou-rhi-cell-track-25-deg,52.179565,52.179565,0.64819336,24.400635,0.0,109900.0,52.1795654296875,92500.0,39.567287,28245,23217,428,0,7866,0,29929
1486,2022-08-05 21:33:28,ppi,ppi,hou-ppi-cell-track-25-deg,47.444458,62.67151,3.0212402,18.006592,0.0,109900.0,51.0699462890625,27400.0,38.52119,66627,59100,1104,0,14414,0,69908
1487,2022-08-05 21:34:00,rhi,rhi,hou-rhi-cell-track-25-deg,55.014038,55.014038,0.64819336,24.433594,0.0,109900.0,55.0140380859375,95700.0,39.885708,27070,23221,227,0,6871,0,28830
1488,2022-08-05 21:34:20,rhi,rhi,hou-rhi-cell-track-25-deg,55.079956,55.079956,0.63720703,24.389648,0.0,109900.0,55.0799560546875,96600.0,40.961334,26732,23206,226,0,6663,0,28545
1489,2022-08-05 21:34:40,rhi,rhi,hou-rhi-cell-track-25-deg,50.949097,50.949097,0.63720703,24.389648,0.0,109900.0,50.9490966796875,63200.0,38.589474,27587,23557,401,0,7959,0,29657
1490,2022-08-05 21:34:59,rhi,rhi,hou-rhi-cell-track-25-deg,55.145874,55.145874,0.6591797,24.411621,0.0,109900.0,55.1458740234375,97000.0,40.341988,26630,23224,238,0,6562,0,28383
1491,2022-08-05 21:35:18,ppi,ppi,hou-ppi-cell-track-25-deg,47.43347,62.63855,3.0212402,18.028564,0.0,109900.0,48.8507080078125,62800.0,39.436115,65395,59400,931,0,14318,0,68690
1492,2022-08-05 21:35:49,rhi,rhi,hou-rhi-cell-track-25-deg,55.057983,55.079956,0.6591797,24.389648,0.0,109900.0,55.0799560546875,97600.0,36.81144,26442,23228,192,0,6320,0,27742
1493,2022-08-05 21:36:05,rhi,rhi,hou-rhi-cell-track-25-deg,55.03601,55.03601,0.63720703,24.389648,0.0,109900.0,55.0360107421875,96000.0,40.211597,26635,23307,206,0,6300,0,27825
1494,2022-08-05 21:36:24,rhi,rhi,hou-rhi-cell-track-25-deg,47.807007,47.807007,0.63720703,24.389648,0.0,109900.0,47.8070068359375,58800.0,38.811485,27099,23076,822,0,8429,0,29112
1495,2022-08-05 21:36:40,rhi,rhi,hou-rhi-cell-track-25-deg,54.02527,54.02527,0.63720703,24.389648,0.0,109900.0,54.0252685546875,96100.0,38.474266,26883,23283,231,0,6442,0,28020
1496,2022-08-05 21:36:56,ppi,ppi,hou-ppi-cell-track-25-deg,47.609253,62.69348,3.0212402,18.006592,0.0,109900.0,59.4305419921875,73600.0,38.788227,67082,60646,639,0,14217,0,68927
1497,2022-08-05 21:37:27,rhi,rhi,hou-rhi-cell-track-25-deg,55.03601,55.03601,0.6591797,24.433594,0.0,109900.0,55.0360107421875,96600.0,37.94832,27435,23593,168,0,6237,0,28121
1498,2022-08-05 21:37:45,rhi,rhi,hou-rhi-cell-track-25-deg,55.079956,55.079956,0.6591797,24.411621,0.0,109900.0,55.0799560546875,61200.0,38.617527,27559,23608,194,0,6232,0,28200
1499,2022-08-05 21:38:05,rhi,rhi,hou-rhi-cell-track-25-deg,48.641968,48.641968,0.63720703,24.389648,0.0,109900.0,48.6419677734375,70800.0,40.01276,28381,23775,577,0,7953,0,29536
1500,2022-08-05 21:38:25,rhi,rhi,hou-rhi-cell-track-25-deg,48.90564,48.90564,0.6591797,24.44458,0.0,109900.0,48.9056396484375,53400.0,39.166195,28311,23598,580,0,7631,0,29358
1501,2022-08-05 21:38:42,ppi,ppi,hou-ppi-cell-track-25-deg,47.43347,62.67151,2.977295,18.006592,0.0,109900.0,50.3448486328125,28200.0,36.82505,70045,62219,581,0,14096,0,71071
1502,2022-08-05 21:39:13,rhi,rhi,hou-rhi-cell-track-25-deg,54.992065,55.079956,0.6591797,24.411621,0.0,109900.0,54.9920654296875,96500.0,38.034504,28328,23762,167,0,6181,0,28654
1503,2022-08-05 21:39:29,rhi,rhi,hou-rhi-cell-track-25-deg,55.057983,55.079956,0.63720703,24.433594,0.0,109900.0,55.0799560546875,99800.0,39.450176,28352,23663,177,0,6100,0,28611
1504,2022-08-05 21:39:49,rhi,rhi,hou-rhi-cell-track-25-deg,47.91687,47.938843,0.64819336,24.389648,0.0,109900.0,47.9168701171875,62300.0,39.12644,29373,23842,689,0,7785,0,29881
1505,2022-08-05 21:40:07,rhi,rhi,hou-rhi-cell-track-25-deg,51.454468,51.47644,0.670166,24.389648,0.0,109900.0,51.4764404296875,92600.0,36.433105,28925,23748,144,0,6464,0,29214
1506,2022-08-05 21:40:23,ppi,ppi,hou-ppi-cell-track-25-deg,47.422485,62.682495,3.0212402,18.006592,0.0,109900.0,48.8507080078125,27800.0,36.07072,70195,61557,410,0,14021,0,70618
1507,2022-08-05 21:40:54,rhi,rhi,hou-rhi-cell-track-25-deg,55.014038,55.014038,0.64819336,24.389648,0.0,109900.0,55.0140380859375,98000.0,39.57992,28884,23619,184,0,6059,0,29006
1508,2022-08-05 21:41:15,rhi,rhi,hou-rhi-cell-track-25-deg,55.079956,55.079956,0.670166,24.411621,0.0,109900.0,55.0799560546875,92700.0,39.005756,29000,23593,213,0,6061,0,29116
1509,2022-08-05 21:41:35,rhi,rhi,hou-rhi-cell-track-25-deg,47.6532,47.67517,0.6591797,24.433594,0.0,109900.0,47.6531982421875,61500.0,40.400715,29820,23895,692,0,7361,0,30024
1510,2022-08-05 21:41:54,rhi,rhi,hou-rhi-cell-track-25-deg,51.696167,51.707153,0.6591797,24.433594,0.0,109900.0,51.6961669921875,97400.0,37.15443,29475,23832,177,0,6237,0,29594
1511,2022-08-05 21:42:09,ppi,ppi,hou-ppi-cell-track-25-deg,47.422485,62.60559,2.9992676,18.006592,0.0,109900.0,58.6724853515625,85700.0,37.01877,70532,60901,432,0,13644,0,70781
1512,2022-08-05 21:42:40,rhi,rhi,hou-rhi-cell-track-25-deg,54.992065,55.079956,0.64819336,24.389648,0.0,109900.0,54.9920654296875,99300.0,38.841057,29271,23300,204,0,6115,0,29334
1513,2022-08-05 21:43:01,rhi,rhi,hou-rhi-cell-track-25-deg,55.057983,55.057983,0.6591797,24.411621,0.0,109900.0,55.0579833984375,92500.0,41.709167,29376,23372,215,0,6174,0,29444
1514,2022-08-05 21:43:21,rhi,rhi,hou-rhi-cell-track-25-deg,50.180054,50.202026,0.63720703,24.389648,0.0,109900.0,50.1800537109375,48100.0,33.682285,29446,23349,89,0,6277,0,29525
1515,2022-08-05 21:43:40,rhi,rhi,hou-rhi-cell-track-25-deg,47.477417,47.477417,0.68115234,24.433594,0.0,109900.0,47.4774169921875,51800.0,37.864388,29595,23307,505,0,6796,0,29716
1516,2022-08-05 21:43:56,ppi,ppi,hou-ppi-cell-track-25-deg,47.43347,62.69348,2.9992676,18.006592,0.0,109900.0,56.9146728515625,14300.0,36.5623,71487,60542,496,0,14129,0,71796
1517,2022-08-05 21:44:27,rhi,rhi,hou-rhi-cell-track-25-deg,55.014038,55.014038,0.63720703,24.389648,0.0,109900.0,55.0140380859375,92300.0,41.662636,29015,22707,181,0,6028,0,29105
1518,2022-08-05 21:44:45,rhi,rhi,hou-rhi-cell-track-25-deg,55.057983,55.057983,0.670166,24.422607,0.0,109900.0,55.0579833984375,99900.0,40.410484,29018,22675,209,0,6003,0,29119
1519,2022-08-05 21:45:04,rhi,rhi,hou-rhi-cell-track-25-deg,48.378296,48.42224,0.6591797,24.400635,0.0,109900.0,48.3782958984375,66000.0,34.821365,29338,23149,207,0,6411,0,29480
1520,2022-08-05 21:45:25,rhi,rhi,hou-rhi-cell-track-25-deg,48.641968,48.641968,0.6591797,24.411621,0.0,109900.0,48.6419677734375,62200.0,37.368572,28881,22646,160,0,6235,0,29036
1521,2022-08-05 21:45:43,ppi,ppi,hou-ppi-cell-track-25-deg,47.43347,62.561646,3.0212402,18.006592,0.0,109900.0,54.1680908203125,14300.0,36.180065,69989,58517,456,0,13723,0,70507
1522,2022-08-05 21:46:14,rhi,rhi,hou-rhi-cell-track-25-deg,55.014038,55.057983,0.6591797,24.411621,0.0,109900.0,55.0140380859375,98600.0,42.81356,28756,22105,177,0,5785,0,28937
1523,2022-08-05 21:46:31,rhi,rhi,hou-rhi-cell-track-25-deg,55.079956,55.079956,0.64819336,24.389648,0.0,109900.0,55.0799560546875,88500.0,38.78122,28593,22036,162,0,5807,0,28765
1524,2022-08-05 21:46:49,rhi,rhi,hou-rhi-cell-track-25-deg,47.6532,47.719116,0.64819336,24.433594,0.0,109900.0,47.6971435546875,42200.0,35.719303,28900,22724,250,0,6142,0,29168
1525,2022-08-05 21:47:10,rhi,rhi,hou-rhi-cell-track-25-deg,48.378296,48.42224,0.68115234,24.433594,0.0,109900.0,48.4222412109375,47600.0,34.22796,28736,22558,110,0,6050,0,29006
1526,2022-08-05 21:47:26,ppi,ppi,hou-ppi-cell-track-25-deg,47.455444,62.649536,3.0212402,18.006592,0.0,109900.0,56.3323974609375,23300.0,45.131714,69645,57925,438,0,13263,0,70442
1527,2022-08-05 21:47:57,rhi,rhi,hou-rhi-cell-track-25-deg,54.992065,55.057983,0.68115234,24.389648,0.0,109900.0,54.9920654296875,93900.0,39.976906,28069,21539,155,0,5481,0,28337
1528,2022-08-05 21:48:14,rhi,rhi,hou-rhi-cell-track-25-deg,55.079956,55.079956,0.64819336,24.389648,0.0,109900.0,55.0799560546875,99200.0,40.93683,27940,21447,138,0,5509,0,28225
1529,2022-08-05 21:48:35,rhi,rhi,hou-rhi-cell-track-25-deg,48.180542,48.180542,0.6591797,24.411621,0.0,109900.0,48.1805419921875,61900.0,35.157795,28611,22348,91,0,5914,0,28966
1530,2022-08-05 21:48:54,rhi,rhi,hou-rhi-cell-track-25-deg,48.927612,48.949585,0.670166,24.433594,0.0,109900.0,48.9495849609375,63400.0,35.031944,28140,21886,90,0,5736,0,28539
1531,2022-08-05 21:49:07,ppi,ppi,hou-ppi-cell-track-25-deg,47.46643,62.67151,3.0212402,18.006592,0.0,109900.0,60.4302978515625,73900.0,37.9934,68313,56557,376,0,12890,0,69253
1532,2022-08-05 21:49:38,rhi,rhi,hou-rhi-cell-track-25-deg,55.014038,55.03601,0.670166,24.389648,0.0,109900.0,55.0140380859375,97300.0,40.347992,27903,21372,170,0,5440,0,28256
1533,2022-08-05 21:49:54,rhi,rhi,hou-rhi-cell-track-25-deg,55.079956,55.079956,0.6591797,24.433594,0.0,109900.0,55.0799560546875,96600.0,40.902336,27469,21172,146,0,5348,0,27878
1534,2022-08-05 21:50:14,rhi,rhi,hou-rhi-cell-track-25-deg,59.935913,59.935913,0.6591797,24.411621,0.0,109900.0,59.9359130859375,52900.0,42.097996,28251,22299,247,0,6317,0,28732
1535,2022-08-05 21:50:34,rhi,rhi,hou-rhi-cell-track-25-deg,47.455444,47.477417,0.6591797,24.411621,0.0,109900.0,47.4774169921875,61000.0,35.044834,27714,21858,92,0,5642,0,28198
1536,2022-08-05 21:50:53,ppi,ppi,hou-ppi-cell-track-40-deg,74.43787,104.67224,2.9992676,30.003662,0.0,109900.0,76.41265869140625,48100.0,34.533592,52742,21792,119,0,5582,0,56227
1537,2022-08-05 21:51:33,rhi,rhi,hou-rhi-cell-track-40-deg,89.489136,89.53308,0.670166,39.40796,0.0,109900.0,89.4891357421875,55400.0,23.109993,21662,7435,0,0,4080,0,23362
1538,2022-08-05 21:51:57,rhi,rhi,hou-rhi-cell-track-40-deg,89.55505,89.55505,0.6591797,39.396973,0.0,109900.0,89.5550537109375,2100.0,25.430157,21232,7257,0,0,4078,0,22999
1539,2022-08-05 21:52:16,rhi,rhi,hou-rhi-cell-track-40-deg,74.74548,74.76196,0.63720703,39.396973,0.0,109900.0,74.761962890625,51700.0,40.141346,29309,17205,242,0,7740,0,31403
1540,2022-08-05 21:52:35,rhi,rhi,hou-rhi-cell-track-40-deg,82.10632,82.128296,0.64819336,39.418945,0.0,109900.0,82.1282958984375,59400.0,35.009007,22634,10121,23,0,5412,0,24661
1541,2022-08-05 21:52:53,ppi,ppi,hou-ppi-cell-track-40-deg,74.44885,104.65027,2.9992676,30.003662,0.0,109900.0,75.90728759765625,47500.0,36.73788,48139,18896,107,0,5486,0,52461
1542,2022-08-05 21:53:34,rhi,rhi,hou-rhi-cell-track-40-deg,89.51111,89.53308,0.6591797,39.396973,0.0,109900.0,89.5330810546875,11100.0,24.582966,20277,6687,0,0,4158,0,22499
1543,2022-08-05 21:53:57,rhi,rhi,hou-rhi-cell-track-40-deg,89.55505,89.55505,0.64819336,39.40796,0.0,109900.0,89.5550537109375,42600.0,23.509071,19851,6467,0,0,3980,0,22145
1544,2022-08-05 21:54:17,rhi,rhi,hou-rhi-cell-track-40-deg,92.32361,92.32361,0.670166,39.40796,0.0,109900.0,92.3236083984375,10900.0,23.217522,19308,5961,0,0,3518,0,21638
1545,2022-08-05 21:54:36,rhi,rhi,hou-rhi-cell-track-40-deg,75.0531,75.097046,0.6591797,39.42993,0.0,109900.0,75.0531005859375,44200.0,41.025986,26318,14937,351,0,7002,0,28869
1546,2022-08-05 21:54:53,ppi,ppi,hou-ppi-cell-track-40-deg,74.40216,104.67224,2.9992676,30.003662,0.0,109900.0,76.17095947265625,47700.0,37.211094,44115,16513,101,0,5551,0,49022
1547,2022-08-05 21:55:33,rhi,rhi,hou-rhi-cell-track-40-deg,89.489136,89.55505,0.670166,39.418945,0.0,109900.0,89.4891357421875,47800.0,22.93666,19036,6039,0,0,3906,0,21441
1548,2022-08-05 21:55:56,rhi,rhi,hou-rhi-cell-track-40-deg,89.55505,89.55505,0.63720703,39.396973,0.0,109900.0,89.5550537109375,53000.0,24.148628,18854,5933,0,0,4010,0,21361
1549,2022-08-05 21:56:14,rhi,rhi,hou-rhi-cell-track-40-deg,91.554565,91.554565,0.670166,39.385986,0.0,109900.0,91.5545654296875,12100.0,23.378624,18485,5631,0,0,3597,0,20940
1550,2022-08-05 21:56:36,rhi,rhi,hou-rhi-cell-track-40-deg,76.06384,76.10779,0.68115234,39.385986,0.0,109900.0,76.0638427734375,44500.0,36.138344,23972,13004,229,0,6386,0,26419
1551,2022-08-05 21:56:54,ppi,ppi,hou-ppi-cell-track-40-deg,74.42413,104.661255,2.977295,30.003662,0.0,109900.0,75.40191650390625,43400.0,34.879044,42475,14995,98,0,5787,0,47318
1552,2022-08-05 21:57:34,rhi,rhi,hou-rhi-cell-track-40-deg,89.46716,89.55505,0.6591797,39.418945,0.0,109900.0,89.5111083984375,52200.0,22.58442,18312,5640,0,0,3928,0,20739
1553,2022-08-05 21:57:57,rhi,rhi,hou-rhi-cell-track-40-deg,89.55505,89.55505,0.6591797,39.396973,0.0,109900.0,89.5550537109375,53200.0,22.82716,18206,5681,0,0,3974,0,20665
1554,2022-08-05 21:58:16,rhi,rhi,hou-rhi-cell-track-40-deg,79.7937,79.7937,0.64819336,39.418945,0.0,109900.0,79.793701171875,900.0,28.376835,16088,6129,0,0,4121,0,18214
1555,2022-08-05 21:58:36,rhi,rhi,hou-rhi-cell-track-40-deg,80.34851,80.37048,0.6591797,39.385986,0.0,109900.0,80.3704833984375,600.0,27.962543,16536,6381,0,0,4407,0,18758
1556,2022-08-05 21:58:52,ppi,ppi,hou-ppi-cell-track-40-deg,74.40216,104.61731,3.0212402,30.003662,0.0,109900.0,75.39093017578125,46700.0,34.397007,40105,13198,49,0,5604,0,45168
1557,2022-08-05 21:59:32,rhi,rhi,hou-rhi-cell-track-40-deg,89.489136,89.53308,0.6591797,39.418945,0.0,109900.0,89.4891357421875,52900.0,22.55922,17439,5286,0,0,3787,0,20100
1558,2022-08-05 21:59:51,rhi,rhi,hou-rhi-cell-track-40-deg,89.55505,89.55505,0.6591797,39.42993,0.0,109900.0,89.5550537109375,51400.0,23.485596,17273,5241,0,0,3735,0,19985
1559,2022-08-05 22:00:12,rhi,rhi,hou-rhi-cell-track-40-deg,77.53601,77.53601,0.6591797,39.396973,0.0,109900.0,77.5360107421875,22100.0,27.732193,15869,6352,0,0,4283,0,18390
1560,2022-08-05 22:00:32,rhi,rhi,hou-rhi-cell-track-40-deg,80.08484,80.08484,0.670166,39.42993,0.0,109900.0,80.0848388671875,900.0,28.716778,15856,6157,0,0,4377,0,18387
1561,2022-08-05 22:00:48,ppi,ppi,hou-ppi-cell-track-40-deg,74.40216,104.65027,2.9992676,30.003662,0.0,109900.0,75.42388916015625,45500.0,32.51573,37385,11447,6,0,5047,0,43373
1562,2022-08-05 22:01:29,rhi,rhi,hou-rhi-cell-track-40-deg,89.489136,89.55505,0.64819336,39.418945,0.0,109900.0,89.5111083984375,50200.0,22.66212,16276,5007,0,0,3524,0,19377
1563,2022-08-05 22:01:50,rhi,rhi,hou-rhi-cell-track-40-deg,89.55505,89.55505,0.6591797,39.440918,0.0,109900.0,89.5550537109375,51900.0,23.153088,16100,5112,0,0,3621,0,19222
1564,2022-08-05 22:02:11,rhi,rhi,hou-rhi-cell-track-40-deg,77.266846,77.266846,0.68115234,39.418945,0.0,109900.0,77.266845703125,1500.0,27.057457,15330,6479,0,0,4461,0,18250
1565,2022-08-05 22:02:32,rhi,rhi,hou-rhi-cell-track-40-deg,80.10681,80.10681,0.6591797,39.396973,0.0,109900.0,80.1068115234375,45400.0,27.633183,15090,6188,0,0,4389,0,17932
1566,2022-08-05 22:02:48,ppi,ppi,hou-ppi-cell-track-40-deg,74.40216,104.58435,2.977295,30.003662,0.0,109900.0,78.90655517578125,600.0,31.39003,34085,9995,4,0,4499,0,40321
1567,2022-08-05 22:03:29,rhi,rhi,hou-rhi-cell-track-40-deg,89.47815,89.599,0.6591797,39.418945,0.0,109900.0,89.5111083984375,45500.0,23.568916,15297,4893,0,0,3401,0,18564
1568,2022-08-05 22:03:52,rhi,rhi,hou-rhi-cell-track-40-deg,89.489136,89.489136,0.64819336,39.418945,0.0,109900.0,89.4891357421875,8300.0,23.60672,15113,4988,0,0,3437,0,18346
1569,2022-08-05 22:04:11,rhi,rhi,hou-rhi-cell-track-40-deg,76.2561,76.2561,0.6591797,39.396973,0.0,109900.0,76.256103515625,54700.0,34.648422,19659,10052,19,0,5540,0,22705
1570,2022-08-05 22:04:32,rhi,rhi,hou-rhi-cell-track-40-deg,80.10681,80.10681,0.6591797,39.396973,0.0,109900.0,80.1068115234375,8400.0,26.929619,14639,6284,0,0,4223,0,17270
1571,2022-08-05 22:04:49,ppi,ppi,hou-ppi-cell-track-40-deg,74.60266,104.661255,3.0212402,30.003662,0.0,109900.0,75.66558837890625,54700.0,30.305813,31198,9072,2,0,3968,0,37423
1572,2022-08-05 22:05:30,rhi,rhi,hou-rhi-cell-track-40-deg,89.489136,89.53308,0.6591797,39.42993,0.0,109900.0,89.4891357421875,48700.0,23.742355,14146,4777,0,0,3210,0,17184
1573,2022-08-05 22:05:51,rhi,rhi,hou-rhi-cell-track-40-deg,89.55505,89.55505,0.63720703,39.396973,0.0,109900.0,89.5550537109375,7400.0,27.123528,14145,4800,0,0,3112,0,17154
1574,2022-08-05 22:06:09,rhi,rhi,hou-rhi-cell-track-40-deg,74.94324,74.96521,0.63720703,39.42993,0.0,109900.0,74.9432373046875,57200.0,36.66067,19656,10275,15,0,5539,0,22412
1575,2022-08-05 22:06:31,rhi,rhi,hou-rhi-cell-track-40-deg,80.08484,80.08484,0.63720703,39.396973,0.0,109900.0,80.0848388671875,1200.0,26.453636,14138,6683,0,0,4243,0,16482
1576,2022-08-05 22:06:48,ppi,ppi,hou-ppi-cell-track-40-deg,74.40216,104.58435,2.9992676,30.003662,0.0,109900.0,75.66558837890625,56100.0,29.673267,28583,8654,0,0,3422,0,34494
1577,2022-08-05 22:07:29,rhi,rhi,hou-rhi-cell-track-40-deg,89.489136,89.55505,0.64819336,39.418945,0.0,109900.0,89.4891357421875,45400.0,25.006622,13469,4822,0,0,2957,0,16195
1578,2022-08-05 22:07:52,rhi,rhi,hou-rhi-cell-track-40-deg,89.53308,89.55505,0.6591797,39.418945,0.0,109900.0,89.5550537109375,47200.0,23.63787,13474,4931,0,0,3031,0,16191
1579,2022-08-05 22:08:15,rhi,rhi,hou-rhi-cell-track-40-deg,74.48181,74.503784,0.64819336,39.418945,0.0,109900.0,74.5037841796875,58300.0,33.41597,19179,10763,11,0,5541,0,21714
1580,2022-08-05 22:08:37,rhi,rhi,hou-rhi-cell-track-40-deg,80.10681,80.10681,0.6591797,39.396973,0.0,109900.0,80.1068115234375,1200.0,27.492054,13811,7027,0,0,4114,0,15858
1581,2022-08-05 22:08:56,ppi,ppi,hou-ppi-cell-track-40-deg,74.60266,104.67224,2.9992676,30.003662,0.0,109900.0,76.15997314453125,55700.0,29.431683,26451,8623,0,0,2982,0,31931
1582,2022-08-05 22:09:37,rhi,rhi,hou-rhi-cell-track-40-deg,89.489136,89.57703,0.670166,39.440918,0.0,109900.0,89.5111083984375,49300.0,22.700478,12790,5008,0,0,2812,0,15185
1583,2022-08-05 22:09:57,rhi,rhi,hou-rhi-cell-track-40-deg,89.55505,89.55505,0.68115234,39.385986,0.0,109900.0,89.5550537109375,46600.0,23.485306,12479,4895,0,0,2748,0,15011
1584,2022-08-05 22:10:17,rhi,rhi,hou-rhi-cell-track-40-deg,85.05066,85.094604,0.68115234,39.418945,0.0,109900.0,85.0506591796875,51000.0,27.39011,13558,6398,0,0,3625,0,15696
1585,2022-08-05 22:10:36,rhi,rhi,hou-rhi-cell-track-40-deg,80.10681,80.10681,0.670166,39.418945,0.0,109900.0,80.1068115234375,1200.0,24.87909,13743,7205,0,0,4095,0,15516
1586,2022-08-05 22:10:53,ppi,ppi,hou-ppi-cell-track-40-deg,74.40216,104.661255,3.0212402,30.003662,0.0,109900.0,79.91729736328125,900.0,29.515717,25499,8914,0,0,2740,0,30423
1587,2022-08-05 22:11:34,rhi,rhi,hou-rhi-cell-track-40-deg,89.489136,89.57703,0.64819336,39.418945,0.0,109900.0,89.5111083984375,46800.0,23.107235,12264,4927,0,0,2611,0,14295
1588,2022-08-05 22:11:56,rhi,rhi,hou-rhi-cell-track-40-deg,89.57703,89.57703,0.64819336,39.40796,0.0,109900.0,89.5770263671875,45100.0,22.873074,12344,5010,0,0,2707,0,14140
1589,2022-08-05 22:12:15,rhi,rhi,hou-rhi-cell-track-40-deg,98.60779,98.62976,0.64819336,39.396973,0.0,109900.0,98.6077880859375,41500.0,22.797195,11564,2897,0,0,1656,0,13537
1590,2022-08-05 22:12:37,rhi,rhi,hou-rhi-cell-track-40-deg,80.10681,80.128784,0.63720703,39.396973,0.0,109900.0,80.1068115234375,700.0,29.720566,13426,6905,0,0,3912,0,14740
1591,2022-08-05 22:12:53,ppi,ppi,hou-ppi-cell-track-40-deg,74.40216,104.60632,2.9992676,30.003662,0.0,109900.0,78.4259033203125,800.0,30.08789,25161,8712,1,0,2545,0,28683
1592,2022-08-05 22:13:34,rhi,rhi,hou-rhi-cell-track-40-deg,89.46716,89.55505,0.670166,39.440918,0.0,109900.0,89.5111083984375,44700.0,24.3233,12274,4901,0,0,2624,0,13768
1593,2022-08-05 22:13:57,rhi,rhi,hou-rhi-cell-track-40-deg,89.53308,89.55505,0.64819336,39.396973,0.0,109900.0,89.5550537109375,41200.0,22.718239,12191,4865,0,0,2567,0,13629
1594,2022-08-05 22:14:17,rhi,rhi,hou-rhi-cell-track-40-deg,100.892944,100.892944,0.670166,39.42993,0.0,109900.0,100.8929443359375,1100.0,26.369076,10840,2564,0,0,1469,0,12378
1595,2022-08-05 22:14:36,rhi,rhi,hou-rhi-cell-track-40-deg,80.08484,80.128784,0.6591797,39.40796,0.0,109900.0,80.0848388671875,900.0,27.471004,13330,6325,0,0,3699,0,14244
1596,2022-08-05 22:14:53,ppi,ppi,hou-ppi-cell-track-40-deg,74.40216,104.65027,2.977295,30.003662,0.0,109900.0,78.6895751953125,600.0,32.548157,24561,8364,1,0,2341,0,27712
1597,2022-08-05 22:15:33,rhi,rhi,hou-rhi-cell-track-40-deg,89.46716,89.55505,0.64819336,39.40796,0.0,109900.0,89.5111083984375,39500.0,25.494762,11658,4631,0,0,2488,0,13131
1598,2022-08-05 22:15:55,rhi,rhi,hou-rhi-cell-track-40-deg,89.55505,89.55505,0.670166,39.42993,0.0,109900.0,89.5550537109375,45100.0,24.345387,11505,4465,0,0,2394,0,12936
1599,2022-08-05 22:16:17,rhi,rhi,hou-rhi-cell-track-40-deg,102.91443,102.91443,0.670166,39.42993,0.0,109900.0,102.9144287109375,1100.0,22.599895,9906,2204,0,0,1290,0,11510
1600,2022-08-05 22:16:37,rhi,rhi,hou-rhi-cell-track-40-deg,80.06287,80.10681,0.670166,39.418945,0.0,109900.0,80.0628662109375,700.0,25.69498,12431,5715,0,0,3498,0,13509
1601,2022-08-05 22:16:54,ppi,ppi,hou-ppi-cell-track-40-deg,74.40216,104.661255,3.0212402,29.98169,0.0,109900.0,78.66485595703125,800.0,29.16803,22488,7353,0,0,2177,0,25780
1602,2022-08-05 22:17:35,rhi,rhi,hou-rhi-cell-track-40-deg,89.489136,89.57703,0.68115234,39.418945,0.0,109900.0,89.5111083984375,39900.0,23.398678,10777,3954,0,0,2386,0,12134
1603,2022-08-05 22:17:56,rhi,rhi,hou-rhi-cell-track-40-deg,89.57703,89.57703,0.64819336,39.40796,0.0,109900.0,89.5770263671875,39900.0,25.170021,10256,3693,0,0,2215,0,11683
1604,2022-08-05 22:18:16,rhi,rhi,hou-rhi-cell-track-40-deg,103.92517,103.92517,0.68115234,39.385986,0.0,109900.0,103.9251708984375,36000.0,22.74411,8516,1917,0,0,1148,0,10225
1605,2022-08-05 22:18:36,rhi,rhi,hou-rhi-cell-track-40-deg,80.128784,80.15076,0.670166,39.418945,0.0,109900.0,80.1287841796875,44300.0,26.480644,11541,5061,0,0,3542,0,12868
1606,2022-08-05 22:18:51,ppi,ppi,hou-ppi-cell-track-40-deg,74.591675,104.65027,3.0212402,29.98169,0.0,109900.0,80.16998291015625,700.0,30.229603,19238,5733,1,0,2287,0,22777
1607,2022-08-05 22:19:33,rhi,rhi,hou-rhi-cell-track-40-deg,89.489136,89.55505,0.6591797,39.40796,0.0,109900.0,89.5111083984375,41400.0,24.101715,9157,3047,0,0,2145,0,10645
1608,2022-08-05 22:19:56,rhi,rhi,hou-rhi-cell-track-40-deg,89.55505,89.55505,0.64819336,39.40796,0.0,109900.0,89.5550537109375,38300.0,22.505627,8821,2903,0,0,2142,0,10494
1609,2022-08-05 22:20:17,rhi,rhi,hou-rhi-cell-track-40-deg,97.57507,97.597046,0.64819336,39.418945,0.0,109900.0,97.5750732421875,35700.0,23.327644,7621,2042,0,0,1590,0,9395
1610,2022-08-05 22:20:36,rhi,rhi,hou-rhi-cell-track-40-deg,80.10681,80.128784,0.63720703,39.42993,0.0,109900.0,80.1068115234375,700.0,28.029858,10349,4210,0,0,3522,0,11752
1611,2022-08-05 22:20:52,ppi,ppi,hou-ppi-cell-track-40-deg,74.40216,104.60632,2.9992676,30.003662,0.0,109900.0,78.40118408203125,800.0,29.16885,16319,4388,0,0,2413,0,19947
1612,2022-08-05 22:21:34,rhi,rhi,hou-rhi-cell-track-40-deg,89.51111,89.55505,0.64819336,39.418945,0.0,109900.0,89.5111083984375,39500.0,24.429035,7360,2274,0,0,2028,0,9188
1613,2022-08-05 22:21:57,rhi,rhi,hou-rhi-cell-track-40-deg,89.55505,89.55505,0.6591797,39.40796,0.0,109900.0,89.5550537109375,39400.0,25.538486,7038,2242,0,0,2077,0,8905
1614,2022-08-05 22:22:16,rhi,rhi,hou-rhi-cell-track-40-deg,100.1239,100.145874,0.670166,39.396973,0.0,109900.0,100.1458740234375,1100.0,38.436474,5455,1398,1,0,1324,0,7345
1615,2022-08-05 22:22:36,rhi,rhi,hou-rhi-cell-track-40-deg,80.06287,80.08484,0.6591797,39.396973,0.0,109900.0,80.0848388671875,44500.0,26.123798,8659,3510,0,0,3355,0,10315
1616,2022-08-05 22:22:54,ppi,ppi,hou-ppi-cell-track-40-deg,74.5697,104.67224,3.0212402,30.003662,0.0,109900.0,78.15948486328125,700.0,28.615837,12820,3491,0,0,2655,0,16528
1617,2022-08-05 22:23:35,rhi,rhi,hou-rhi-cell-track-40-deg,89.489136,89.55505,0.6591797,39.396973,0.0,109900.0,89.4891357421875,40200.0,24.477436,5895,2071,0,0,2054,0,7758
1618,2022-08-05 22:23:56,rhi,rhi,hou-rhi-cell-track-40-deg,89.55505,89.55505,0.670166,39.40796,0.0,109900.0,89.5550537109375,38500.0,24.671814,5441,1967,0,0,1961,0,7371
1619,2022-08-05 22:24:15,rhi,rhi,hou-rhi-cell-track-40-deg,98.84949,98.89343,0.68115234,39.40796,0.0,109900.0,98.8934326171875,1100.0,37.33997,4130,1344,1,0,1341,0,5730
1620,2022-08-05 22:24:36,rhi,rhi,hou-rhi-cell-track-40-deg,80.10681,80.10681,0.670166,39.418945,0.0,109900.0,80.1068115234375,43200.0,25.852676,7073,3196,0,0,3142,0,8845
1621,2022-08-05 22:24:52,ppi,ppi,hou-ppi-cell-track-40-deg,74.40216,104.60632,2.9992676,30.003662,0.0,109900.0,79.65362548828125,900.0,29.675014,10217,3410,0,0,2751,0,13453
1622,2022-08-05 22:25:34,rhi,rhi,hou-rhi-cell-track-40-deg,89.489136,89.599,0.6591797,39.396973,0.0,109900.0,89.5111083984375,40000.0,26.023891,4442,1897,0,0,1894,0,6127
1623,2022-08-05 22:25:55,rhi,rhi,hou-rhi-cell-track-40-deg,89.489136,89.55505,0.68115234,39.418945,0.0,109900.0,89.4891357421875,40100.0,23.322659,4295,1833,0,0,1828,0,5823
1624,2022-08-05 22:26:15,rhi,rhi,hou-rhi-cell-track-40-deg,103.6615,103.6615,0.63720703,39.396973,0.0,109900.0,103.6614990234375,2600.0,26.839874,3190,1331,0,0,1325,0,4363
1625,2022-08-05 22:26:36,rhi,rhi,hou-rhi-cell-track-40-deg,80.08484,80.10681,0.6591797,39.396973,0.0,109900.0,80.1068115234375,45600.0,25.320786,6150,3221,0,0,3149,0,7584
1626,2022-08-05 22:26:53,ppi,ppi,hou-ppi-cell-track-40-deg,74.40216,104.67224,2.977295,30.003662,0.0,109900.0,75.92926025390625,46500.0,27.019554,8597,3096,0,0,2556,0,10703
1627,2022-08-05 22:27:33,rhi,rhi,hou-rhi-cell-track-40-deg,89.489136,89.53308,0.64819336,39.40796,0.0,109900.0,89.5111083984375,40200.0,23.429562,4030,1789,0,0,1786,0,5009
1628,2022-08-05 22:27:54,rhi,rhi,hou-rhi-cell-track-40-deg,89.55505,89.55505,0.6591797,39.40796,0.0,109900.0,89.5550537109375,36900.0,24.255634,4030,1831,0,0,1826,0,4798
1629,2022-08-05 22:28:17,rhi,rhi,hou-rhi-cell-track-40-deg,95.355835,95.355835,0.64819336,39.418945,0.0,109900.0,95.3558349609375,12100.0,30.491077,3393,1576,1,0,1558,0,3870
1630,2022-08-05 22:28:36,rhi,rhi,hou-rhi-cell-track-40-deg,80.08484,80.128784,0.64819336,39.418945,0.0,109900.0,80.1068115234375,34800.0,26.519466,6188,3151,0,0,3099,0,6850
1631,2022-08-05 22:28:52,ppi,ppi,hou-ppi-cell-track-40-deg,74.40216,104.65027,3.0212402,30.003662,0.0,109900.0,78.64288330078125,800.0,30.128044,8642,3117,1,0,2628,0,9456
1632,2022-08-05 22:29:33,rhi,rhi,hou-rhi-cell-track-40-deg,89.489136,89.55505,0.64819336,39.418945,0.0,109900.0,89.4891357421875,37500.0,23.995098,3974,1811,0,0,1804,0,4282
1633,2022-08-05 22:29:55,rhi,rhi,hou-rhi-cell-track-40-deg,89.55505,89.55505,0.63720703,39.40796,0.0,109900.0,89.5550537109375,36900.0,25.142601,3981,1792,0,0,1784,0,4243
1634,2022-08-05 22:30:16,rhi,rhi,hou-rhi-cell-track-40-deg,104.65027,104.67224,0.68115234,39.385986,0.0,109900.0,104.6722412109375,700.0,26.006897,3351,1507,0,0,1494,0,3471
1635,2022-08-05 22:30:37,rhi,rhi,hou-rhi-cell-track-40-deg,80.08484,80.08484,0.6591797,39.396973,0.0,109900.0,80.0848388671875,700.0,26.458683,6191,3065,0,0,3027,0,6418
1636,2022-08-05 22:30:53,ppi,ppi,hou-ppi-cell-track-40-deg,74.5697,104.67224,3.0212402,29.98169,0.0,109900.0,80.40069580078125,700.0,30.318314,8812,3253,1,0,2574,0,9134
1637,2022-08-05 22:31:34,rhi,rhi,hou-rhi-cell-track-40-deg,89.51111,89.522095,0.670166,39.40796,0.0,109900.0,89.5111083984375,34700.0,24.753246,3910,1819,0,0,1811,0,4071
1638,2022-08-05 22:31:57,rhi,rhi,hou-rhi-cell-track-40-deg,89.44519,89.57703,0.670166,39.40796,0.0,109900.0,89.4781494140625,35000.0,26.15839,3952,1770,0,0,1769,0,4113
1639,2022-08-05 22:32:17,rhi,rhi,hou-rhi-cell-track-40-deg,104.1449,104.18884,0.63720703,39.40796,0.0,109900.0,104.1558837890625,31900.0,22.132889,3338,1483,0,0,1463,0,3448
1640,2022-08-05 22:32:35,rhi,rhi,hou-rhi-cell-track-40-deg,80.10681,80.128784,0.64819336,39.418945,0.0,109900.0,80.1287841796875,900.0,27.048916,6124,3009,0,0,2979,0,6346
1641,2022-08-05 22:32:53,ppi,ppi,hou-ppi-cell-track-40-deg,74.42413,104.65027,2.9992676,30.003662,0.0,109900.0,92.6641845703125,11300.0,37.222923,9307,3449,1,0,2587,0,9643
1642,2022-08-05 22:33:34,rhi,rhi,hou-rhi-cell-track-40-deg,89.489136,89.51111,0.670166,39.40796,0.0,109900.0,89.4891357421875,38500.0,26.019192,4030,1841,0,0,1841,0,4206
1643,2022-08-05 22:33:55,rhi,rhi,hou-rhi-cell-track-40-deg,89.55505,89.55505,0.64819336,39.396973,0.0,109900.0,89.5550537109375,34500.0,24.282734,4109,1777,0,0,1773,0,4284
1644,2022-08-05 22:34:16,rhi,rhi,hou-rhi-cell-track-40-deg,101.881714,101.881714,0.63720703,39.40796,0.0,109900.0,101.8817138671875,2800.0,29.433926,3591,1567,0,0,1557,0,3776
1645,2022-08-05 22:34:35,rhi,rhi,hou-rhi-cell-track-40-deg,80.06287,80.08484,0.6591797,39.385986,0.0,109900.0,80.0628662109375,1200.0,27.603142,6185,3017,0,0,2988,0,6442
1646,2022-08-05 22:34:51,ppi,ppi,hou-ppi-cell-track-40-deg,74.60266,104.65027,2.977295,30.003662,0.0,109900.0,80.15899658203125,700.0,31.385117,9112,3402,2,0,2694,0,9554
1647,2022-08-05 22:35:32,rhi,rhi,hou-rhi-cell-track-40-deg,89.51111,89.53308,0.64819336,39.40796,0.0,109900.0,89.5111083984375,32700.0,25.132713,4342,1885,0,0,1873,0,4572
1648,2022-08-05 22:35:52,rhi,rhi,hou-rhi-cell-track-40-deg,89.55505,89.55505,0.6921387,39.385986,0.0,109900.0,89.5550537109375,33100.0,26.951275,4109,1784,0,0,1774,0,4328
1649,2022-08-05 22:36:11,rhi,rhi,hou-rhi-cell-track-40-deg,103.92517,103.92517,0.670166,39.42993,0.0,109900.0,103.9251708984375,29800.0,21.60012,3516,1593,0,0,1570,0,3660
1650,2022-08-05 22:36:31,rhi,rhi,hou-rhi-cell-track-40-deg,95.66345,95.685425,0.6591797,39.385986,0.0,109900.0,95.6854248046875,30400.0,23.554123,4024,1536,0,0,1521,0,4225
1651,2022-08-05 22:36:48,ppi,ppi,hou-ppi-cell-track-40-deg,74.40216,104.573364,2.9992676,29.98169,0.0,109900.0,79.8211669921875,800.0,31.465984,9251,3764,1,0,2996,0,9694
1652,2022-08-05 22:37:29,rhi,rhi,hou-rhi-cell-track-40-deg,89.44519,89.62097,0.6591797,39.42993,0.0,109900.0,89.5989990234375,32100.0,26.088547,4375,1854,0,0,1846,0,4609
1653,2022-08-05 22:37:52,rhi,rhi,hou-rhi-cell-track-40-deg,89.55505,89.55505,0.670166,39.396973,0.0,109900.0,89.5550537109375,34100.0,25.85331,4314,1784,0,0,1772,0,4554
1654,2022-08-05 22:38:10,rhi,rhi,hou-rhi-cell-track-40-deg,101.68396,101.68396,0.6591797,39.396973,0.0,109900.0,101.6839599609375,1700.0,22.61826,3938,1666,0,0,1647,0,4099
1655,2022-08-05 22:38:32,rhi,rhi,hou-rhi-cell-track-40-deg,80.216675,80.2771,0.64819336,39.418945,0.0,109900.0,80.2166748046875,1200.0,27.669064,6094,2876,0,0,2843,0,6400
1656,2022-08-05 22:38:47,ppi,ppi,hou-ppi-cell-track-40-deg,74.58069,104.67224,3.0212402,30.003662,0.0,109900.0,77.90679931640625,700.0,27.1837,9224,3833,0,0,3201,0,9721
1657,2022-08-05 22:39:29,rhi,rhi,hou-rhi-cell-track-40-deg,89.489136,89.55505,0.64819336,39.396973,0.0,109900.0,89.4891357421875,29300.0,25.31989,4659,1704,0,0,1698,0,4889
1658,2022-08-05 22:39:51,rhi,rhi,hou-rhi-cell-track-40-deg,89.55505,89.55505,0.68115234,39.40796,0.0,109900.0,89.5550537109375,30500.0,25.209011,4441,1679,0,0,1672,0,4673
1659,2022-08-05 22:40:11,rhi,rhi,hou-rhi-cell-track-40-deg,98.62976,98.65173,0.6591797,39.440918,0.0,109900.0,98.6297607421875,48000.0,22.987373,4531,1814,0,0,1801,0,4688
1660,2022-08-05 22:40:31,rhi,rhi,hou-rhi-cell-track-40-deg,80.10681,80.128784,0.6591797,39.42993,0.0,109900.0,80.1068115234375,700.0,25.909016,6265,2924,0,0,2873,0,6615
1661,2022-08-05 22:40:47,ppi,ppi,hou-ppi-cell-track-40-deg,74.42413,104.65027,3.0212402,29.98169,0.0,109900.0,80.40069580078125,700.0,29.283726,9767,4280,0,0,3514,0,10251
1662,2022-08-05 22:41:27,rhi,rhi,hou-rhi-cell-track-40-deg,89.46716,89.55505,0.64819336,39.418945,0.0,109900.0,89.5111083984375,29200.0,23.612839,4930,1747,0,0,1731,0,5255
1663,2022-08-05 22:41:46,rhi,rhi,hou-rhi-cell-track-40-deg,89.55505,89.55505,0.670166,39.42993,0.0,109900.0,89.5550537109375,29600.0,23.91418,4691,1806,0,0,1792,0,4947
1664,2022-08-05 22:42:07,rhi,rhi,hou-rhi-cell-track-40-deg,100.892944,100.892944,0.6591797,39.396973,0.0,109900.0,100.8929443359375,1100.0,25.694183,4676,1769,0,0,1745,0,4849
1665,2022-08-05 22:42:28,rhi,rhi,hou-rhi-cell-track-40-deg,80.06287,80.08484,0.670166,39.40796,0.0,109900.0,80.0848388671875,30100.0,24.616207,6389,2894,0,0,2851,0,6767
1666,2022-08-05 22:42:47,ppi,ppi,hou-ppi-cell-track-40-deg,74.591675,104.661255,2.977295,30.003662,0.0,109900.0,78.89556884765625,900.0,29.506672,9949,4271,0,0,3646,0,10525
1667,2022-08-05 22:43:28,rhi,rhi,hou-rhi-cell-track-40-deg,89.55505,89.642944,0.63720703,39.418945,0.0,109900.0,89.6429443359375,29000.0,24.92292,5297,1951,0,0,1942,0,5524
1668,2022-08-05 22:43:51,rhi,rhi,hou-rhi-cell-track-40-deg,89.642944,89.642944,0.670166,39.40796,0.0,109900.0,89.6429443359375,29800.0,23.965233,5219,1898,0,0,1882,0,5444
1669,2022-08-05 22:44:11,rhi,rhi,hou-rhi-cell-track-40-deg,100.651245,100.651245,0.6591797,39.396973,0.0,109900.0,100.6512451171875,1100.0,39.567284,4752,1700,2,0,1666,0,4938
1670,2022-08-05 22:44:30,rhi,rhi,hou-rhi-cell-track-40-deg,80.06287,80.10681,0.68115234,39.42993,0.0,109900.0,80.0848388671875,800.0,29.706532,6363,2818,0,0,2756,0,6800
1671,2022-08-05 22:44:48,ppi,ppi,hou-ppi-cell-track-40-deg,75.338745,105.408325,2.9992676,30.003662,0.0,109900.0,79.66461181640625,900.0,28.44291,10479,4383,0,0,4133,0,11059
1672,2022-08-05 22:45:29,rhi,rhi,hou-rhi-cell-track-40-deg,90.28015,90.3241,0.63720703,39.40796,0.0,109900.0,90.2801513671875,31600.0,23.028835,5669,2053,0,0,2049,0,5838
1673,2022-08-05 22:45:52,rhi,rhi,hou-rhi-cell-track-40-deg,90.3241,90.3241,0.6591797,39.42993,0.0,109900.0,90.3240966796875,31100.0,23.655087,5679,2056,0,0,2054,0,5879
1674,2022-08-05 22:46:12,rhi,rhi,hou-rhi-cell-track-40-deg,103.63953,103.6615,0.6591797,39.385986,0.0,109900.0,103.6395263671875,25000.0,21.36488,4910,1526,0,0,1500,0,5155
1675,2022-08-05 22:46:30,rhi,rhi,hou-rhi-cell-track-40-deg,93.40027,93.444214,0.6591797,39.418945,0.0,109900.0,93.4222412109375,28000.0,22.812443,5908,2000,0,0,1996,0,6122
1676,2022-08-05 22:46:49,ppi,ppi,hou-ppi-cell-track-40-deg,75.338745,105.41931,2.9992676,30.003662,0.0,109900.0,80.3594970703125,700.0,31.187214,11039,4821,1,0,4500,0,11580
1677,2022-08-05 22:47:31,rhi,rhi,hou-rhi-cell-track-40-deg,90.28015,90.34607,0.68115234,39.385986,0.0,109900.0,90.3240966796875,30800.0,24.163174,6050,2095,0,0,2094,0,6283
1678,2022-08-05 22:47:51,rhi,rhi,hou-rhi-cell-track-40-deg,90.302124,90.302124,0.64819336,39.396973,0.0,109900.0,90.3021240234375,27200.0,23.368328,6215,2050,0,0,2044,0,6442
1679,2022-08-05 22:48:12,rhi,rhi,hou-rhi-cell-track-40-deg,98.915405,98.93738,0.670166,39.440918,0.0,109900.0,98.9373779296875,1100.0,41.08888,5454,1696,1,0,1677,0,5748
1680,2022-08-05 22:48:31,rhi,rhi,hou-rhi-cell-track-40-deg,84.83093,84.83093,0.63720703,39.42993,0.0,109900.0,84.8309326171875,700.0,31.889889,6622,2413,1,0,2273,0,6851
1681,2022-08-05 22:48:47,ppi,ppi,hou-ppi-cell-track-40-deg,75.32776,105.41931,2.977295,30.003662,0.0,109900.0,77.91778564453125,700.0,29.873924,11898,4937,0,0,4682,0,12426
1682,2022-08-05 22:49:29,rhi,rhi,hou-rhi-cell-track-40-deg,90.28015,90.3241,0.63720703,39.396973,0.0,109900.0,90.2801513671875,29000.0,23.115639,6503,2102,0,0,2101,0,6752
1683,2022-08-05 22:49:51,rhi,rhi,hou-rhi-cell-track-40-deg,90.3241,90.3241,0.64819336,39.418945,0.0,109900.0,90.3240966796875,28800.0,22.911865,6539,2097,0,0,2092,0,6797
1684,2022-08-05 22:50:10,rhi,rhi,hou-rhi-cell-track-40-deg,103.375854,103.39783,0.6591797,39.385986,0.0,109900.0,103.3758544921875,600.0,25.208721,5032,1467,0,0,1428,0,5360
1685,2022-08-05 22:50:31,rhi,rhi,hou-rhi-cell-track-40-deg,83.84216,83.864136,0.670166,39.40796,0.0,109900.0,83.8421630859375,27400.0,24.94984,7064,2576,0,0,2442,0,7376
1686,2022-08-05 22:50:47,ppi,ppi,hou-ppi-cell-track-40-deg,75.32776,105.4303,2.9992676,30.003662,0.0,109900.0,80.14801025390625,700.0,32.806026,12869,5080,6,0,4846,0,13439
1687,2022-08-05 22:51:28,rhi,rhi,hou-rhi-cell-track-40-deg,90.28015,90.3241,0.670166,39.42993,0.0,109900.0,90.2801513671875,26100.0,22.668476,6638,2211,0,0,2204,0,6915
1688,2022-08-05 22:51:53,rhi,rhi,hou-rhi-cell-track-40-deg,90.3241,90.3241,0.670166,39.40796,0.0,109900.0,90.3240966796875,26600.0,21.780453,6503,2227,0,0,2226,0,6808
1689,2022-08-05 22:52:17,rhi,rhi,hou-rhi-cell-track-40-deg,98.62976,98.65173,0.64819336,39.40796,0.0,109900.0,98.6517333984375,1200.0,24.209045,5405,1631,0,0,1603,0,5760
1690,2022-08-05 22:52:38,rhi,rhi,hou-rhi-cell-track-40-deg,81.622925,81.622925,0.63720703,39.396973,0.0,109900.0,81.6229248046875,29200.0,24.736603,7393,2841,0,0,2527,0,7701
1691,2022-08-05 22:52:59,ppi,ppi,hou-ppi-cell-track-40-deg,75.31677,105.408325,2.977295,30.003662,0.0,109900.0,80.41168212890625,700.0,29.42445,13868,5439,0,0,5224,0,14549
1692,2022-08-05 22:53:40,rhi,rhi,hou-rhi-cell-track-40-deg,90.28015,90.3241,0.670166,39.42993,0.0,109900.0,90.3131103515625,19600.0,21.346611,6482,2048,0,0,2044,0,6803
1693,2022-08-05 22:54:00,rhi,rhi,hou-rhi-cell-track-40-deg,90.3241,90.3241,0.64819336,39.385986,0.0,109900.0,90.3240966796875,24700.0,21.373108,6451,2083,0,0,2080,0,6762
1694,2022-08-05 22:54:20,rhi,rhi,hou-rhi-cell-track-40-deg,90.82947,90.82947,0.6591797,39.42993,0.0,109900.0,90.8294677734375,28200.0,19.875263,6357,1964,0,0,1963,0,6670
1695,2022-08-05 22:54:41,rhi,rhi,hou-rhi-cell-track-40-deg,83.88611,83.88611,0.6591797,39.385986,0.0,109900.0,83.8861083984375,27300.0,22.117138,7523,2676,0,0,2619,0,7888
1696,2022-08-05 22:55:00,ppi,ppi,hou-ppi-cell-track-40-deg,75.34973,105.41931,3.0212402,30.003662,0.0,109900.0,79.90631103515625,900.0,28.783329,13680,5213,0,0,5075,0,14399
1697,2022-08-05 22:55:41,rhi,rhi,hou-rhi-cell-track-40-deg,90.28015,90.3241,0.64819336,39.396973,0.0,109900.0,90.3240966796875,17500.0,20.02882,6285,1959,0,0,1958,0,6601
1698,2022-08-05 22:56:03,rhi,rhi,hou-rhi-cell-track-40-deg,90.3241,90.3241,0.6591797,39.385986,0.0,109900.0,90.3240966796875,26000.0,19.997414,6377,2036,0,0,2034,0,6723
1699,2022-08-05 22:56:26,rhi,rhi,hou-rhi-cell-track-40-deg,87.335815,87.335815,0.670166,39.42993,0.0,109900.0,87.3358154296875,1700.0,28.5508,6690,2333,0,0,2321,0,7029
1700,2022-08-05 22:56:46,rhi,rhi,hou-rhi-cell-track-40-deg,81.33728,81.381226,0.64819336,39.40796,0.0,109900.0,81.3592529296875,29000.0,22.861912,7593,2793,0,0,2645,0,7980
1701,2022-08-05 22:57:03,ppi,ppi,hou-ppi-cell-track-40-deg,75.338745,105.41931,2.977295,30.003662,0.0,109900.0,80.15899658203125,700.0,32.384758,13423,5002,2,0,4901,0,14120
1702,2022-08-05 22:57:45,rhi,rhi,hou-rhi-cell-track-40-deg,90.28015,90.3241,0.68115234,39.385986,0.0,109900.0,90.2801513671875,3600.0,20.548347,6072,1879,0,0,1874,0,6397
1703,2022-08-05 22:58:06,rhi,rhi,hou-rhi-cell-track-40-deg,90.3241,90.3241,0.64819336,39.396973,0.0,109900.0,90.3240966796875,25300.0,20.009182,6075,1844,0,0,1840,0,6401
1704,2022-08-05 22:58:27,rhi,rhi,hou-rhi-cell-track-40-deg,85.02869,85.05066,0.6591797,39.396973,0.0,109900.0,85.0506591796875,26700.0,20.686424,6913,2395,0,0,2377,0,7329
1705,2022-08-05 22:58:45,rhi,rhi,hou-rhi-cell-track-40-deg,81.09558,81.11755,0.63720703,39.396973,0.0,109900.0,81.1175537109375,25100.0,21.594345,7438,2805,0,0,2721,0,7848
1706,2022-08-05 22:59:01,ppi,ppi,hou-ppi-cell-track-40-deg,75.338745,105.39734,2.977295,30.003662,0.0,109900.0,79.41192626953125,900.0,29.04153,13264,4697,0,0,4603,0,14003
1707,2022-08-05 22:59:43,rhi,rhi,hou-rhi-cell-track-40-deg,90.28015,90.3241,0.68115234,39.385986,0.0,109900.0,90.3240966796875,18700.0,19.509624,6108,1804,0,0,1802,0,6476
1708,2022-08-05 23:00:05,rhi,rhi,hou-rhi-cell-track-40-deg,90.3241,90.3241,0.6591797,39.42993,0.0,109900.0,90.3240966796875,16500.0,20.401245,6043,1849,0,0,1842,0,6395
1709,2022-08-05 23:00:26,rhi,rhi,hou-rhi-cell-track-40-deg,79.51355,79.53552,0.670166,39.40796,0.0,109900.0,79.5135498046875,900.0,30.296494,7748,2874,1,0,2795,0,8163
1710,2022-08-05 23:00:46,rhi,rhi,hou-rhi-cell-track-40-deg,80.875854,80.875854,0.64819336,39.418945,0.0,109900.0,80.8758544921875,900.0,27.92049,7652,2711,0,0,2621,0,8034
1711,2022-08-05 23:01:02,ppi,ppi,hou-ppi-cell-track-40-deg,75.338745,105.408325,2.977295,30.003662,0.0,109900.0,80.40069580078125,700.0,30.27079,12603,4093,1,0,3932,0,13361
1712,2022-08-05 23:01:44,rhi,rhi,hou-rhi-cell-track-40-deg,90.28015,90.3241,0.670166,39.418945,0.0,109900.0,90.3240966796875,16400.0,18.673962,5669,1547,0,0,1546,0,6029
1713,2022-08-05 23:02:05,rhi,rhi,hou-rhi-cell-track-40-deg,90.3241,90.3241,0.68115234,39.40796,0.0,109900.0,90.3240966796875,23300.0,19.859245,5642,1590,0,0,1587,0,6006
1714,2022-08-05 23:02:25,rhi,rhi,hou-rhi-cell-track-40-deg,79.51355,79.53552,0.6591797,39.42993,0.0,109900.0,79.5245361328125,700.0,24.1637,7614,2735,0,0,2633,0,8039
1715,2022-08-05 23:02:46,rhi,rhi,hou-rhi-cell-track-40-deg,75.580444,75.580444,0.64819336,39.42993,0.0,109900.0,75.5804443359375,27300.0,22.089016,8367,3048,0,0,2672,0,8780
1716,2022-08-05 23:03:02,ppi,ppi,hou-ppi-cell-track-40-deg,75.34973,105.41931,2.9992676,30.003662,0.0,109900.0,80.16998291015625,700.0,30.68409,11913,3523,2,0,3366,0,12626
1717,2022-08-05 23:03:44,rhi,rhi,hou-rhi-cell-track-40-deg,90.28015,90.3241,0.68115234,39.40796,0.0,109900.0,90.3240966796875,16300.0,18.775497,5379,1397,0,0,1394,0,5734
1718,2022-08-05 23:04:06,rhi,rhi,hou-rhi-cell-track-40-deg,90.3241,90.3241,0.64819336,39.40796,0.0,109900.0,90.3240966796875,23800.0,18.410553,5540,1340,0,0,1331,0,5890
1719,2022-08-05 23:04:25,rhi,rhi,hou-rhi-cell-track-40-deg,90.565796,90.60974,0.6591797,39.396973,0.0,109900.0,90.6097412109375,16200.0,17.825043,5346,1275,0,0,1266,0,5713
1720,2022-08-05 23:04:47,rhi,rhi,hou-rhi-cell-track-40-deg,75.55847,75.60242,0.6591797,39.385986,0.0,109900.0,75.6024169921875,25100.0,20.77399,8107,2765,0,0,2505,0,8484
1721,2022-08-05 23:05:05,ppi,ppi,hou-ppi-cell-track-40-deg,75.34973,105.41931,2.9992676,30.003662,0.0,109900.0,78.89556884765625,800.0,30.565544,10552,2950,1,0,2854,0,11270
1722,2022-08-05 23:05:46,rhi,rhi,hou-rhi-cell-track-40-deg,90.28015,90.3241,0.6591797,39.396973,0.0,109900.0,90.2911376953125,17500.0,20.174633,5226,1126,0,0,1124,0,5613
1723,2022-08-05 23:06:06,rhi,rhi,hou-rhi-cell-track-40-deg,90.3241,90.3241,0.6591797,39.396973,0.0,109900.0,90.3240966796875,22100.0,18.570381,5018,1064,0,0,1063,0,5418
1724,2022-08-05 23:06:25,rhi,rhi,hou-rhi-cell-track-40-deg,75.47058,75.51453,0.68115234,39.418945,0.0,109900.0,75.5145263671875,26000.0,21.529366,7699,2468,0,0,2297,0,8082
1725,2022-08-05 23:06:46,rhi,rhi,hou-rhi-cell-track-40-deg,88.1488,88.1488,0.670166,39.440918,0.0,109900.0,88.1488037109375,15200.0,18.96228,5266,1193,0,0,1177,0,5640
1726,2022-08-05 23:07:02,ppi,ppi,hou-ppi-cell-track-40-deg,75.34973,105.4303,2.9992676,30.003662,0.0,109900.0,80.15899658203125,1200.0,26.513588,9231,2543,0,0,2463,0,9907
1727,2022-08-05 23:07:44,rhi,rhi,hou-rhi-cell-track-40-deg,90.28015,90.3241,0.670166,39.40796,0.0,109900.0,90.3240966796875,21200.0,17.779999,4800,953,0,0,949,0,5143
1728,2022-08-05 23:08:06,rhi,rhi,hou-rhi-cell-track-40-deg,90.3241,90.3241,0.670166,39.42993,0.0,109900.0,90.3240966796875,18100.0,18.505867,4926,953,0,0,951,0,5310
1729,2022-08-05 23:08:26,rhi,rhi,hou-rhi-cell-track-40-deg,81.051636,81.051636,0.63720703,39.418945,0.0,109900.0,81.0516357421875,900.0,25.711803,5948,1328,0,0,1310,0,6345
1730,2022-08-05 23:08:47,rhi,rhi,hou-rhi-cell-track-40-deg,76.34949,76.34949,0.64819336,39.418945,0.0,109900.0,76.3494873046875,92200.0,20.30238,6539,1758,0,0,1685,0,6930
1731,2022-08-05 23:09:04,ppi,ppi,hou-ppi-cell-track-40-deg,75.31677,105.4303,2.977295,30.003662,0.0,109900.0,78.90655517578125,800.0,30.96482,8341,2197,1,0,2102,0,9093
1732,2022-08-05 23:09:46,rhi,rhi,hou-rhi-cell-track-40-deg,90.28015,90.3241,0.64819336,39.418945,0.0,109900.0,90.3240966796875,18600.0,16.930378,4274,756,0,0,756,0,4693
1733,2022-08-05 23:10:06,rhi,rhi,hou-rhi-cell-track-40-deg,90.3241,90.3241,0.6591797,39.40796,0.0,109900.0,90.3240966796875,14400.0,17.128643,4304,737,0,0,735,0,4661
1734,2022-08-05 23:10:25,rhi,rhi,hou-rhi-cell-track-40-deg,80.06287,80.06287,0.670166,39.40796,0.0,109900.0,80.0628662109375,1200.0,27.25275,5448,1213,0,0,1174,0,5903
1735,2022-08-05 23:10:47,rhi,rhi,hou-rhi-cell-track-40-deg,80.08484,80.08484,0.6591797,39.42993,0.0,109900.0,80.0848388671875,700.0,26.286343,5328,1146,0,0,1116,0,5757
1736,2022-08-05 23:11:04,ppi,ppi,hou-ppi-cell-track-40-deg,75.32776,105.39734,2.9992676,30.003662,0.0,109900.0,78.89556884765625,800.0,29.839935,7234,1943,0,0,1847,0,8015
1737,2022-08-05 23:11:46,rhi,rhi,hou-rhi-cell-track-40-deg,90.28015,90.3241,0.63720703,39.418945,0.0,109900.0,90.2911376953125,17400.0,16.946392,3978,595,0,0,591,0,4406
1738,2022-08-05 23:12:07,rhi,rhi,hou-rhi-cell-track-40-deg,90.3241,90.3241,0.6591797,39.396973,0.0,109900.0,90.3240966796875,19800.0,17.621037,4030,613,0,0,613,0,4388
1739,2022-08-05 23:12:27,rhi,rhi,hou-rhi-cell-track-40-deg,75.997925,76.0199,0.6921387,39.385986,0.0,109900.0,75.9979248046875,600.0,22.843452,5577,1217,0,0,1210,0,6004
1740,2022-08-05 23:12:45,rhi,rhi,hou-rhi-cell-track-40-deg,93.42224,93.444214,0.670166,39.40796,0.0,109900.0,93.4222412109375,29200.0,16.10836,3679,529,0,0,527,0,4075
1741,2022-08-05 23:13:02,ppi,ppi,hou-ppi-cell-track-40-deg,75.32776,105.41931,3.0212402,29.98169,0.0,109900.0,80.0628662109375,700.0,31.708912,6690,1539,3,0,1453,0,7367
1742,2022-08-05 23:13:44,rhi,rhi,hou-rhi-cell-track-40-deg,90.28015,90.34607,0.670166,39.42993,0.0,109900.0,90.3460693359375,13700.0,19.508957,3873,545,0,0,535,0,4266
1743,2022-08-05 23:14:05,rhi,rhi,hou-rhi-cell-track-40-deg,90.302124,90.302124,0.6591797,39.418945,0.0,109900.0,90.3021240234375,13700.0,26.71767,3747,500,0,0,495,0,4144
1744,2022-08-05 23:14:26,rhi,rhi,hou-rhi-cell-track-40-deg,80.59021,80.61218,0.64819336,39.418945,0.0,109900.0,80.5902099609375,600.0,31.576279,4263,820,1,0,790,0,4641
1745,2022-08-05 23:14:45,rhi,rhi,hou-rhi-cell-track-40-deg,80.2771,80.2771,0.64819336,39.418945,0.0,109900.0,80.277099609375,1200.0,27.613258,4420,867,0,0,838,0,4847
1746,2022-08-05 23:15:03,ppi,ppi,hou-ppi-cell-track-40-deg,75.305786,105.408325,2.977295,30.003662,0.0,109900.0,80.18096923828125,1200.0,27.273521,5939,1089,0,0,1022,0,6684
1747,2022-08-05 23:15:45,rhi,rhi,hou-rhi-cell-track-40-deg,90.28015,90.3241,0.670166,39.440918,0.0,109900.0,90.2801513671875,24200.0,24.443039,3415,409,0,0,400,0,3807
1748,2022-08-05 23:16:06,rhi,rhi,hou-rhi-cell-track-40-deg,90.3241,90.3241,0.6591797,39.40796,0.0,109900.0,90.3240966796875,19700.0,16.497059,3351,371,0,0,365,0,3769
1749,2022-08-05 23:16:26,rhi,rhi,hou-rhi-cell-track-40-deg,78.78296,78.78296,0.63720703,39.396973,0.0,109900.0,78.782958984375,600.0,27.758911,4260,748,0,0,721,0,4679
1750,2022-08-05 23:16:45,rhi,rhi,hou-rhi-cell-track-40-deg,80.10681,80.10681,0.670166,39.40796,0.0,109900.0,80.1068115234375,1200.0,27.081314,4214,754,0,0,702,0,4623
1751,2022-08-05 23:17:02,ppi,ppi,hou-ppi-cell-track-40-deg,75.32776,105.408325,2.9992676,30.003662,0.0,109900.0,104.1558837890625,600.0,29.88681,5656,696,0,0,624,0,6484
1752,2022-08-05 23:17:44,rhi,rhi,hou-rhi-cell-track-40-deg,90.28015,90.3241,0.64819336,39.418945,0.0,109900.0,90.2801513671875,13300.0,24.442081,3132,328,0,0,322,0,3691
1753,2022-08-05 23:18:06,rhi,rhi,hou-rhi-cell-track-40-deg,90.3241,90.3241,0.64819336,39.40796,0.0,109900.0,90.3240966796875,13300.0,25.724167,3073,293,0,0,287,0,3524
1754,2022-08-05 23:18:24,rhi,rhi,hou-rhi-cell-track-40-deg,98.84949,98.89343,0.64819336,39.40796,0.0,109900.0,98.8934326171875,1100.0,37.140816,3028,351,1,0,332,0,3501
1755,2022-08-05 23:18:47,rhi,rhi,hou-rhi-cell-track-40-deg,81.07361,81.09558,0.670166,39.40796,0.0,109900.0,81.0955810546875,900.0,20.371967,3698,485,0,0,478,0,4142
1756,2022-08-05 23:19:01,ppi,ppi,hou-ppi-cell-track-40-deg,75.31677,105.408325,2.977295,30.003662,0.0,109900.0,80.38970947265625,700.0,29.416626,5512,467,0,0,409,0,6287
1757,2022-08-05 23:19:43,rhi,rhi,hou-rhi-cell-track-40-deg,90.28015,90.3241,0.64819336,39.418945,0.0,109900.0,90.3240966796875,19300.0,16.711945,3020,301,0,0,291,0,3493
1758,2022-08-05 23:20:07,rhi,rhi,hou-rhi-cell-track-40-deg,90.3241,90.3241,0.6591797,39.396973,0.0,109900.0,90.3240966796875,13000.0,16.898388,2865,271,0,0,268,0,3307
1759,2022-08-05 23:20:27,rhi,rhi,hou-rhi-cell-track-40-deg,101.881714,101.881714,0.670166,39.40796,0.0,109900.0,101.8817138671875,1700.0,27.51952,2841,321,0,0,279,0,3335
1760,2022-08-05 23:20:46,rhi,rhi,hou-rhi-cell-track-40-deg,92.91687,92.91687,0.670166,39.40796,0.0,109900.0,92.9168701171875,18800.0,15.856556,2837,265,0,0,261,0,3271
1761,2022-08-05 23:21:02,ppi,ppi,hou-ppi-cell-track-40-deg,75.338745,105.408325,2.9992676,30.003662,0.0,109900.0,79.1070556640625,600.0,30.636272,5623,491,2,0,421,0,6417
1762,2022-08-05 23:21:43,rhi,rhi,hou-rhi-cell-track-40-deg,90.28015,90.34607,0.64819336,39.396973,0.0,109900.0,90.3460693359375,100500.0,35.259796,2731,237,1,0,228,0,3160
1763,2022-08-05 23:22:07,rhi,rhi,hou-rhi-cell-track-40-deg,90.302124,90.302124,0.670166,39.440918,0.0,109900.0,90.3021240234375,1000.0,16.260448,2889,238,0,0,224,0,3329
1764,2022-08-05 23:22:27,rhi,rhi,hou-rhi-cell-track-40-deg,98.69568,98.69568,0.64819336,39.40796,0.0,109900.0,98.6956787109375,1200.0,28.772121,2828,259,0,0,213,0,3416
1765,2022-08-05 23:22:47,rhi,rhi,hou-rhi-cell-track-40-deg,80.25513,80.2771,0.6591797,39.385986,0.0,109900.0,80.277099609375,1200.0,27.258175,3253,314,0,0,282,0,3915
1766,2022-08-05 23:23:03,ppi,ppi,hou-ppi-cell-track-40-deg,75.31677,105.41931,2.9992676,30.003662,0.0,109900.0,80.14801025390625,1200.0,26.87487,5605,577,0,0,388,0,6402
1767,2022-08-05 23:23:45,rhi,rhi,hou-rhi-cell-track-40-deg,90.28015,90.3241,0.670166,39.40796,0.0,109900.0,90.2801513671875,1100.0,15.960308,2632,183,0,0,172,0,3223
1768,2022-08-05 23:24:07,rhi,rhi,hou-rhi-cell-track-40-deg,90.3241,90.3241,0.6591797,39.42993,0.0,109900.0,90.3240966796875,17000.0,14.495062,2542,166,0,0,158,0,3109
1769,2022-08-05 23:24:26,rhi,rhi,hou-rhi-cell-track-40-deg,100.145874,100.145874,0.6591797,39.418945,0.0,109900.0,100.1458740234375,1100.0,40.91215,2792,262,1,0,207,0,3482
1770,2022-08-05 23:24:46,rhi,rhi,hou-rhi-cell-track-40-deg,91.62048,91.66443,0.68115234,39.40796,0.0,109900.0,91.6204833984375,700.0,18.589996,2722,200,0,0,171,0,3422
1771,2022-08-05 23:25:04,ppi,ppi,hou-ppi-cell-track-40-deg,75.32776,105.408325,2.9992676,30.003662,0.0,109900.0,104.5953369140625,600.0,27.608837,5518,404,0,0,249,0,6633
1772,2022-08-05 23:25:45,rhi,rhi,hou-rhi-cell-track-40-deg,90.302124,90.34607,0.6921387,39.385986,0.0,109900.0,90.3240966796875,14900.0,14.744665,2761,187,0,0,168,0,3526
1773,2022-08-05 23:26:06,rhi,rhi,hou-rhi-cell-track-40-deg,90.302124,90.302124,0.64819336,39.396973,0.0,109900.0,90.3021240234375,1100.0,14.805822,2855,171,0,0,155,0,3705
1774,2022-08-05 23:26:26,rhi,rhi,hou-rhi-cell-track-40-deg,98.168335,98.19031,0.6591797,39.396973,0.0,109900.0,98.1903076171875,700.0,18.949734,3004,194,0,0,147,0,3818
1775,2022-08-05 23:26:45,rhi,rhi,hou-rhi-cell-track-40-deg,90.565796,90.60974,0.6591797,39.40796,0.0,109900.0,90.5657958984375,109100.0,38.39794,2904,165,2,0,139,0,3800
1776,2022-08-05 23:27:02,ppi,ppi,hou-ppi-cell-track-40-deg,75.31677,105.38635,2.9992676,30.003662,0.0,109900.0,104.3536376953125,600.0,27.273823,5594,361,0,0,258,0,7067
1777,2022-08-05 23:27:44,rhi,rhi,hou-rhi-cell-track-40-deg,90.28015,90.34607,0.670166,39.40796,0.0,109900.0,90.3240966796875,14700.0,14.819057,2985,165,0,0,147,0,3996
1778,2022-08-05 23:28:06,rhi,rhi,hou-rhi-cell-track-40-deg,90.302124,90.302124,0.68115234,39.418945,0.0,109900.0,90.3021240234375,7100.0,15.971121,2878,139,0,0,108,0,3824
1779,2022-08-05 23:28:26,rhi,rhi,hou-rhi-cell-track-40-deg,76.327515,76.327515,0.6591797,39.418945,0.0,109900.0,76.3275146484375,49400.0,15.335712,2763,174,0,0,173,0,3799
1780,2022-08-05 23:28:45,rhi,rhi,hou-rhi-cell-track-40-deg,73.756714,85.006714,0.64819336,39.177246,0.0,109900.0,85.0067138671875,1700.0,22.45488,2913,137,0,0,117,0,4067
1781,2022-08-05 23:29:04,ppi,ppi,hou-ppi-cell-track-40-deg,75.32776,105.41931,2.9992676,29.98169,0.0,109900.0,80.19195556640625,700.0,34.462868,5695,392,2,0,289,0,7397
1782,2022-08-05 23:29:45,rhi,rhi,hou-rhi-cell-track-40-deg,90.28015,90.3241,0.670166,39.440918,0.0,109900.0,90.2801513671875,700.0,15.622131,3031,151,0,0,134,0,4073
1783,2022-08-05 23:30:05,rhi,rhi,hou-rhi-cell-track-40-deg,90.3241,90.3241,0.64819336,39.40796,0.0,109900.0,90.3240966796875,13400.0,14.747774,2961,117,0,0,104,0,4025
1784,2022-08-05 23:30:24,rhi,rhi,hou-rhi-cell-track-40-deg,96.65222,96.65222,0.64819336,39.40796,0.0,109900.0,96.6522216796875,700.0,23.283833,2910,182,0,0,124,0,4012
1785,2022-08-05 23:30:46,rhi,rhi,hou-rhi-cell-track-40-deg,85.929565,85.929565,0.6591797,39.396973,0.0,109900.0,85.9295654296875,1700.0,26.30582,3009,140,0,0,125,0,4153
1786,2022-08-05 23:31:02,ppi,ppi,hou-ppi-cell-track-40-deg,75.36072,105.4303,2.9992676,30.003662,0.0,109900.0,80.4254150390625,700.0,31.753082,5311,337,2,0,262,0,7348
1787,2022-08-05 23:31:44,rhi,rhi,hou-rhi-cell-track-40-deg,90.28015,90.3241,0.670166,39.40796,0.0,109900.0,90.3240966796875,15900.0,15.795113,2864,129,0,0,117,0,4093
1788,2022-08-05 23:32:06,rhi,rhi,hou-rhi-cell-track-40-deg,90.3241,90.3241,0.670166,39.40796,0.0,109900.0,90.3240966796875,14500.0,14.848549,2771,125,0,0,114,0,4004
1789,2022-08-05 23:32:25,rhi,rhi,hou-rhi-cell-track-40-deg,99.83826,99.86023,0.670166,39.40796,0.0,109900.0,99.8602294921875,1100.0,26.541832,2590,117,0,0,82,0,3932
1790,2022-08-05 23:32:45,rhi,rhi,hou-rhi-cell-track-40-deg,90.41199,90.41199,0.6591797,39.418945,0.0,109900.0,90.4119873046875,15600.0,14.209721,2728,122,0,0,117,0,4017
1791,2022-08-05 23:33:03,ppi,ppi,hou-ppi-cell-track-40-deg,75.31677,105.36438,2.9992676,30.003662,0.0,109900.0,78.8543701171875,900.0,27.819847,5056,301,0,0,228,0,7161
1792,2022-08-05 23:33:48,rhi,rhi,hou-rhi-cell-track-40-deg,90.302124,90.34607,0.6591797,39.42993,0.0,109900.0,90.3240966796875,13900.0,14.070349,2584,109,0,0,103,0,3841
1793,2022-08-05 23:34:10,rhi,rhi,hou-rhi-cell-track-40-deg,90.302124,90.302124,0.63720703,39.40796,0.0,109900.0,90.3021240234375,14900.0,15.359852,2503,130,0,0,125,0,3721
1794,2022-08-05 23:34:32,rhi,rhi,hou-rhi-cell-track-40-deg,94.14734,94.14734,0.63720703,39.40796,0.0,109900.0,94.1473388671875,11600.0,13.525841,2352,75,0,0,67,0,3588
1795,2022-08-05 23:34:50,rhi,rhi,hou-rhi-cell-track-40-deg,100.34363,100.34363,0.6591797,39.385986,0.0,109900.0,100.3436279296875,1100.0,45.810364,2098,70,2,0,45,0,3413
1796,2022-08-05 23:35:08,ppi,ppi,hou-ppi-cell-track-40-deg,75.31677,105.408325,3.0212402,30.003662,0.0,109900.0,78.8543701171875,900.0,29.241096,4144,218,0,0,160,0,6613
1797,2022-08-05 23:35:50,rhi,rhi,hou-rhi-cell-track-40-deg,90.302124,90.34607,0.64819336,39.418945,0.0,109900.0,90.3021240234375,14200.0,14.831362,2116,95,0,0,90,0,3315
1798,2022-08-05 23:36:10,rhi,rhi,hou-rhi-cell-track-40-deg,90.302124,90.302124,0.6591797,39.440918,0.0,109900.0,90.3021240234375,11200.0,14.22455,2029,69,0,0,66,0,3438
1799,2022-08-05 23:36:31,rhi,rhi,hou-rhi-cell-track-40-deg,102.716675,102.73865,0.6591797,39.396973,0.0,109900.0,102.7386474609375,700.0,24.620632,1672,79,0,0,39,0,3040
1800,2022-08-05 23:36:50,rhi,rhi,hou-rhi-cell-track-40-deg,101.398315,101.398315,0.64819336,39.40796,0.0,109900.0,101.3983154296875,1600.0,24.272545,1547,75,0,0,38,0,2923
1801,2022-08-05 23:40:10,hsrhi,hsrhi,hou-hsrhi-tracer-vol,54.44275,204.53796,0.7800293,182.99927,0.0,109900.0,204.5379638671875,44500.0,27.239029,27731,528,0,0,213,0,66652
1802,2022-08-05 23:44:52,hsrhi,hsrhi,hou-hsrhi-tracer-anc,63.05603,63.099976,0.7910156,178.76953,0.0,109900.0,63.0999755859375,4500.0,11.627089,5184,25,0,0,10,0,11394
1803,2022-08-05 23:45:44,ppi,ppi,hou-ppi-tracer,0.51086426,359.5633,0.38452148,3.043213,0.0,109900.0,127.6007080078125,41000.0,29.985935,2086,2039,0,0,0,0,2086
1804,2022-08-05 23:47:42,vpt,vpt,hou-vpt-tracer,0.54382324,359.5633,89.70337,90.05493,0.0,19900.0,333.53668212890625,1100.0,22.581507,11799,54,0,0,9,0,17846
1805,2022-08-05 23:50:26,hsrhi,hsrhi,hou-hsrhi-tracer-vol,54.486694,204.53796,0.7800293,183.02124,0.0,109900.0,144.4866943359375,1800.0,20.968931,23571,38,0,0,19,0,48655
1806,2022-08-05 23:55:07,hsrhi,hsrhi,hou-hsrhi-tracer-anc,63.078003,63.099976,0.7800293,178.78052,0.0,109900.0,63.0999755859375,1200.0,15.984638,2416,1,0,0,0,0,8035
1807,2022-08-05 23:55:59,ppi,ppi,hou-ppi-tracer,0.519104,359.58527,0.38452148,3.0651855,0.0,109900.0,132.5885009765625,35000.0,34.258854,470,444,3,0,3,0,473
1808,2022-08-05 23:57:58,vpt,vpt,hou-vpt-tracer,0.552063,359.5166,89.70337,90.05493,0.0,19900.0,76.5582275390625,1000.0,20.235035,3246,28,0,0,0,0,7318
